{"__type":"$$EventMessageAudit","id":"4e892176-e85d-46a0-b2ed-db9892125e59","ts":"2026-07-24T15:09:16.818-05:00","eventName":"n8n.audit.workflow.created","message":"n8n.audit.workflow.created","payload":{"userId":"b9b1db79-eccb-44ec-a1ac-88eb796fc5f5","_email":"andi1998jamil@gmail.com","_firstName":"Jamil","_lastName":" andy","globalRole":"global:owner","workflowId":"IqhxSGlB1Zsi0TSG","workflowName":"My workflow"}}
{"__type":"$$EventMessageConfirm","confirm":"4e892176-e85d-46a0-b2ed-db9892125e59","ts":"2026-07-24T15:09:16.818-05:00","source":{"id":"0","name":"eventBus"}}
{"__type":"$$EventMessageAudit","id":"afa1569b-bfb3-4a5f-bc3d-068bdded9292","ts":"2026-07-24T15:11:20.923-05:00","eventName":"n8n.audit.workflow.updated","message":"n8n.audit.workflow.updated","payload":{"userId":"b9b1db79-eccb-44ec-a1ac-88eb796fc5f5","_email":"andi1998jamil@gmail.com","_firstName":"Jamil","_lastName":" andy","globalRole":"global:owner","workflowId":"IqhxSGlB1Zsi0TSG","workflowName":"My workflow"}}
{"__type":"$$EventMessageConfirm","confirm":"afa1569b-bfb3-4a5f-bc3d-068bdded9292","ts":"2026-07-24T15:11:20.923-05:00","source":{"id":"0","name":"eventBus"}}
{"__type":"$$EventMessageAudit","id":"e8a3f9d4-a850-4815-9746-897cc4bfc799","ts":"2026-07-24T15:11:36.396-05:00","eventName":"n8n.audit.workflow.updated","message":"n8n.audit.workflow.updated","payload":{"userId":"b9b1db79-eccb-44ec-a1ac-88eb796fc5f5","_email":"andi1998jamil@gmail.com","_firstName":"Jamil","_lastName":" andy","globalRole":"global:owner","workflowId":"IqhxSGlB1Zsi0TSG","workflowName":"My workflow"}}
{"__type":"$$EventMessageConfirm","confirm":"e8a3f9d4-a850-4815-9746-897cc4bfc799","ts":"2026-07-24T15:11:36.396-05:00","source":{"id":"0","name":"eventBus"}}
{"__type":"$$EventMessageAudit","id":"98b35299-a858-497f-9171-f15043688235","ts":"2026-07-24T15:18:53.269-05:00","eventName":"n8n.audit.workflow.updated","message":"n8n.audit.workflow.updated","payload":{"userId":"b9b1db79-eccb-44ec-a1ac-88eb796fc5f5","_email":"andi1998jamil@gmail.com","_firstName":"Jamil","_lastName":" andy","globalRole":"global:owner","workflowId":"IqhxSGlB1Zsi0TSG","workflowName":"My workflow"}}
{"__type":"$$EventMessageConfirm","confirm":"98b35299-a858-497f-9171-f15043688235","ts":"2026-07-24T15:18:53.269-05:00","source":{"id":"0","name":"eventBus"}}
{"__type":"$$EventMessageAudit","id":"31087285-acce-4450-84e9-452d5aecb363","ts":"2026-07-24T15:19:21.346-05:00","eventName":"n8n.audit.workflow.updated","message":"n8n.audit.workflow.updated","payload":{"userId":"b9b1db79-eccb-44ec-a1ac-88eb796fc5f5","_email":"andi1998jamil@gmail.com","_firstName":"Jamil","_lastName":" andy","globalRole":"global:owner","workflowId":"IqhxSGlB1Zsi0TSG","workflowName":"My workflow"}}
{"__type":"$$EventMessageConfirm","confirm":"31087285-acce-4450-84e9-452d5aecb363","ts":"2026-07-24T15:19:21.346-05:00","source":{"id":"0","name":"eventBus"}}
{"__type":"$$EventMessageAudit","id":"21204e7e-2bc8-41af-9cd3-90740c05ca48","ts":"2026-07-24T15:20:05.283-05:00","eventName":"n8n.audit.workflow.updated","message":"n8n.audit.workflow.updated","payload":{"userId":"b9b1db79-eccb-44ec-a1ac-88eb796fc5f5","_email":"andi1998jamil@gmail.com","_firstName":"Jamil","_lastName":" andy","globalRole":"global:owner","workflowId":"IqhxSGlB1Zsi0TSG","workflowName":"My workflow"}}
{"__type":"$$EventMessageConfirm","confirm":"21204e7e-2bc8-41af-9cd3-90740c05ca48","ts":"2026-07-24T15:20:05.283-05:00","source":{"id":"0","name":"eventBus"}}
{"__type":"$$EventMessageAudit","id":"8d78fbb6-bff6-4437-b4c3-8a57de1c5b54","ts":"2026-07-24T15:20:17.670-05:00","eventName":"n8n.audit.workflow.updated","message":"n8n.audit.workflow.updated","payload":{"userId":"b9b1db79-eccb-44ec-a1ac-88eb796fc5f5","_email":"andi1998jamil@gmail.com","_firstName":"Jamil","_lastName":" andy","globalRole":"global:owner","workflowId":"IqhxSGlB1Zsi0TSG","workflowName":"My workflow"}}
{"__type":"$$EventMessageConfirm","confirm":"8d78fbb6-bff6-4437-b4c3-8a57de1c5b54","ts":"2026-07-24T15:20:17.670-05:00","source":{"id":"0","name":"eventBus"}}
{"__type":"$$EventMessageAudit","id":"46904ccc-960f-4aa4-ad9a-a3be6d01414c","ts":"2026-07-24T15:20:23.780-05:00","eventName":"n8n.audit.workflow.updated","message":"n8n.audit.workflow.updated","payload":{"userId":"b9b1db79-eccb-44ec-a1ac-88eb796fc5f5","_email":"andi1998jamil@gmail.com","_firstName":"Jamil","_lastName":" andy","globalRole":"global:owner","workflowId":"IqhxSGlB1Zsi0TSG","workflowName":"My workflow"}}
{"__type":"$$EventMessageConfirm","confirm":"46904ccc-960f-4aa4-ad9a-a3be6d01414c","ts":"2026-07-24T15:20:23.780-05:00","source":{"id":"0","name":"eventBus"}}
{"__type":"$$EventMessageAudit","id":"3300130a-be58-4c17-9bac-5d5549d76e95","ts":"2026-07-24T15:21:04.788-05:00","eventName":"n8n.audit.workflow.updated","message":"n8n.audit.workflow.updated","payload":{"userId":"b9b1db79-eccb-44ec-a1ac-88eb796fc5f5","_email":"andi1998jamil@gmail.com","_firstName":"Jamil","_lastName":" andy","globalRole":"global:owner","workflowId":"IqhxSGlB1Zsi0TSG","workflowName":"My workflow"}}
{"__type":"$$EventMessageConfirm","confirm":"3300130a-be58-4c17-9bac-5d5549d76e95","ts":"2026-07-24T15:21:04.788-05:00","source":{"id":"0","name":"eventBus"}}
{"__type":"$$EventMessageAudit","id":"404ad904-42b4-4d97-819a-387c3d2933af","ts":"2026-07-24T15:21:41.276-05:00","eventName":"n8n.audit.workflow.updated","message":"n8n.audit.workflow.updated","payload":{"userId":"b9b1db79-eccb-44ec-a1ac-88eb796fc5f5","_email":"andi1998jamil@gmail.com","_firstName":"Jamil","_lastName":" andy","globalRole":"global:owner","workflowId":"IqhxSGlB1Zsi0TSG","workflowName":"My workflow"}}
{"__type":"$$EventMessageConfirm","confirm":"404ad904-42b4-4d97-819a-387c3d2933af","ts":"2026-07-24T15:21:41.276-05:00","source":{"id":"0","name":"eventBus"}}
{"__type":"$$EventMessageAudit","id":"294c1d9f-f5aa-4f57-b6a2-2794a4ab216a","ts":"2026-07-24T15:21:47.996-05:00","eventName":"n8n.audit.workflow.updated","message":"n8n.audit.workflow.updated","payload":{"userId":"b9b1db79-eccb-44ec-a1ac-88eb796fc5f5","_email":"andi1998jamil@gmail.com","_firstName":"Jamil","_lastName":" andy","globalRole":"global:owner","workflowId":"IqhxSGlB1Zsi0TSG","workflowName":"My workflow"}}
{"__type":"$$EventMessageConfirm","confirm":"294c1d9f-f5aa-4f57-b6a2-2794a4ab216a","ts":"2026-07-24T15:21:47.996-05:00","source":{"id":"0","name":"eventBus"}}
{"__type":"$$EventMessageAudit","id":"ab44fe6f-a13e-470b-a20b-a4e3edf7b771","ts":"2026-07-24T15:21:53.221-05:00","eventName":"n8n.audit.workflow.updated","message":"n8n.audit.workflow.updated","payload":{"userId":"b9b1db79-eccb-44ec-a1ac-88eb796fc5f5","_email":"andi1998jamil@gmail.com","_firstName":"Jamil","_lastName":" andy","globalRole":"global:owner","workflowId":"IqhxSGlB1Zsi0TSG","workflowName":"My workflow"}}
{"__type":"$$EventMessageConfirm","confirm":"ab44fe6f-a13e-470b-a20b-a4e3edf7b771","ts":"2026-07-24T15:21:53.221-05:00","source":{"id":"0","name":"eventBus"}}
{"__type":"$$EventMessageAudit","id":"1900fd9d-a28a-47db-bb6f-ffc91d2db141","ts":"2026-07-24T15:21:55.378-05:00","eventName":"n8n.audit.workflow.updated","message":"n8n.audit.workflow.updated","payload":{"userId":"b9b1db79-eccb-44ec-a1ac-88eb796fc5f5","_email":"andi1998jamil@gmail.com","_firstName":"Jamil","_lastName":" andy","globalRole":"global:owner","workflowId":"IqhxSGlB1Zsi0TSG","workflowName":"My workflow"}}
{"__type":"$$EventMessageConfirm","confirm":"1900fd9d-a28a-47db-bb6f-ffc91d2db141","ts":"2026-07-24T15:21:55.378-05:00","source":{"id":"0","name":"eventBus"}}
{"__type":"$$EventMessageAudit","id":"bf6141e5-e285-4ce1-8c8c-0ca78cc10b28","ts":"2026-07-24T15:21:58.144-05:00","eventName":"n8n.audit.workflow.updated","message":"n8n.audit.workflow.updated","payload":{"userId":"b9b1db79-eccb-44ec-a1ac-88eb796fc5f5","_email":"andi1998jamil@gmail.com","_firstName":"Jamil","_lastName":" andy","globalRole":"global:owner","workflowId":"IqhxSGlB1Zsi0TSG","workflowName":"My workflow"}}
{"__type":"$$EventMessageConfirm","confirm":"bf6141e5-e285-4ce1-8c8c-0ca78cc10b28","ts":"2026-07-24T15:21:58.144-05:00","source":{"id":"0","name":"eventBus"}}
{"__type":"$$EventMessageAudit","id":"9f6be522-7afa-4332-bf37-4f68df439249","ts":"2026-07-24T15:22:05.826-05:00","eventName":"n8n.audit.workflow.updated","message":"n8n.audit.workflow.updated","payload":{"userId":"b9b1db79-eccb-44ec-a1ac-88eb796fc5f5","_email":"andi1998jamil@gmail.com","_firstName":"Jamil","_lastName":" andy","globalRole":"global:owner","workflowId":"IqhxSGlB1Zsi0TSG","workflowName":"My workflow"}}
{"__type":"$$EventMessageConfirm","confirm":"9f6be522-7afa-4332-bf37-4f68df439249","ts":"2026-07-24T15:22:05.826-05:00","source":{"id":"0","name":"eventBus"}}
{"__type":"$$EventMessageAudit","id":"5803b5a2-d06c-490b-a34e-83a45bfa3b10","ts":"2026-07-24T15:22:11.036-05:00","eventName":"n8n.audit.workflow.updated","message":"n8n.audit.workflow.updated","payload":{"userId":"b9b1db79-eccb-44ec-a1ac-88eb796fc5f5","_email":"andi1998jamil@gmail.com","_firstName":"Jamil","_lastName":" andy","globalRole":"global:owner","workflowId":"IqhxSGlB1Zsi0TSG","workflowName":"My workflow"}}
{"__type":"$$EventMessageConfirm","confirm":"5803b5a2-d06c-490b-a34e-83a45bfa3b10","ts":"2026-07-24T15:22:11.036-05:00","source":{"id":"0","name":"eventBus"}}
{"__type":"$$EventMessageAudit","id":"72fa2e9d-78f8-40cd-bc2b-629b0ffe4920","ts":"2026-07-24T15:22:13.786-05:00","eventName":"n8n.audit.workflow.updated","message":"n8n.audit.workflow.updated","payload":{"userId":"b9b1db79-eccb-44ec-a1ac-88eb796fc5f5","_email":"andi1998jamil@gmail.com","_firstName":"Jamil","_lastName":" andy","globalRole":"global:owner","workflowId":"IqhxSGlB1Zsi0TSG","workflowName":"My workflow"}}
{"__type":"$$EventMessageConfirm","confirm":"72fa2e9d-78f8-40cd-bc2b-629b0ffe4920","ts":"2026-07-24T15:22:13.786-05:00","source":{"id":"0","name":"eventBus"}}
{"__type":"$$EventMessageAudit","id":"bb8f0a6e-1ec8-4147-bf27-d357561de298","ts":"2026-07-24T15:22:16.890-05:00","eventName":"n8n.audit.workflow.updated","message":"n8n.audit.workflow.updated","payload":{"userId":"b9b1db79-eccb-44ec-a1ac-88eb796fc5f5","_email":"andi1998jamil@gmail.com","_firstName":"Jamil","_lastName":" andy","globalRole":"global:owner","workflowId":"IqhxSGlB1Zsi0TSG","workflowName":"My workflow"}}
{"__type":"$$EventMessageConfirm","confirm":"bb8f0a6e-1ec8-4147-bf27-d357561de298","ts":"2026-07-24T15:22:16.890-05:00","source":{"id":"0","name":"eventBus"}}
{"__type":"$$EventMessageAudit","id":"6b03392e-aefd-4018-9dfd-774f4a8a61db","ts":"2026-07-24T15:23:09.765-05:00","eventName":"n8n.audit.workflow.updated","message":"n8n.audit.workflow.updated","payload":{"userId":"b9b1db79-eccb-44ec-a1ac-88eb796fc5f5","_email":"andi1998jamil@gmail.com","_firstName":"Jamil","_lastName":" andy","globalRole":"global:owner","workflowId":"IqhxSGlB1Zsi0TSG","workflowName":"My workflow"}}
{"__type":"$$EventMessageConfirm","confirm":"6b03392e-aefd-4018-9dfd-774f4a8a61db","ts":"2026-07-24T15:23:09.766-05:00","source":{"id":"0","name":"eventBus"}}
{"__type":"$$EventMessageAudit","id":"520ef553-746c-4db7-ad57-def9f75c6e4b","ts":"2026-07-24T15:23:15.384-05:00","eventName":"n8n.audit.workflow.updated","message":"n8n.audit.workflow.updated","payload":{"userId":"b9b1db79-eccb-44ec-a1ac-88eb796fc5f5","_email":"andi1998jamil@gmail.com","_firstName":"Jamil","_lastName":" andy","globalRole":"global:owner","workflowId":"IqhxSGlB1Zsi0TSG","workflowName":"My workflow"}}
{"__type":"$$EventMessageConfirm","confirm":"520ef553-746c-4db7-ad57-def9f75c6e4b","ts":"2026-07-24T15:23:15.384-05:00","source":{"id":"0","name":"eventBus"}}
{"__type":"$$EventMessageAudit","id":"c67a3c30-afe7-4913-87ba-2723e21d5c94","ts":"2026-07-24T15:23:18.636-05:00","eventName":"n8n.audit.workflow.updated","message":"n8n.audit.workflow.updated","payload":{"userId":"b9b1db79-eccb-44ec-a1ac-88eb796fc5f5","_email":"andi1998jamil@gmail.com","_firstName":"Jamil","_lastName":" andy","globalRole":"global:owner","workflowId":"IqhxSGlB1Zsi0TSG","workflowName":"My workflow"}}
{"__type":"$$EventMessageConfirm","confirm":"c67a3c30-afe7-4913-87ba-2723e21d5c94","ts":"2026-07-24T15:23:18.636-05:00","source":{"id":"0","name":"eventBus"}}
{"__type":"$$EventMessageAudit","id":"c657c96e-4637-4ee8-98f1-64b3bab7d809","ts":"2026-07-24T15:23:55.147-05:00","eventName":"n8n.audit.workflow.updated","message":"n8n.audit.workflow.updated","payload":{"userId":"b9b1db79-eccb-44ec-a1ac-88eb796fc5f5","_email":"andi1998jamil@gmail.com","_firstName":"Jamil","_lastName":" andy","globalRole":"global:owner","workflowId":"IqhxSGlB1Zsi0TSG","workflowName":"My workflow"}}
{"__type":"$$EventMessageConfirm","confirm":"c657c96e-4637-4ee8-98f1-64b3bab7d809","ts":"2026-07-24T15:23:55.147-05:00","source":{"id":"0","name":"eventBus"}}
{"__type":"$$EventMessageAudit","id":"70fecb82-31af-4220-bf29-357e9567ee9e","ts":"2026-07-24T15:24:30.890-05:00","eventName":"n8n.audit.workflow.updated","message":"n8n.audit.workflow.updated","payload":{"userId":"b9b1db79-eccb-44ec-a1ac-88eb796fc5f5","_email":"andi1998jamil@gmail.com","_firstName":"Jamil","_lastName":" andy","globalRole":"global:owner","workflowId":"IqhxSGlB1Zsi0TSG","workflowName":"My workflow"}}
{"__type":"$$EventMessageConfirm","confirm":"70fecb82-31af-4220-bf29-357e9567ee9e","ts":"2026-07-24T15:24:30.890-05:00","source":{"id":"0","name":"eventBus"}}
{"__type":"$$EventMessageAudit","id":"390b757a-b280-4a1f-b180-ef6b94aa832d","ts":"2026-07-24T15:25:03.359-05:00","eventName":"n8n.audit.workflow.updated","message":"n8n.audit.workflow.updated","payload":{"userId":"b9b1db79-eccb-44ec-a1ac-88eb796fc5f5","_email":"andi1998jamil@gmail.com","_firstName":"Jamil","_lastName":" andy","globalRole":"global:owner","workflowId":"IqhxSGlB1Zsi0TSG","workflowName":"My workflow"}}
{"__type":"$$EventMessageConfirm","confirm":"390b757a-b280-4a1f-b180-ef6b94aa832d","ts":"2026-07-24T15:25:03.360-05:00","source":{"id":"0","name":"eventBus"}}
{"__type":"$$EventMessageAudit","id":"1e3f22c6-866f-4a83-b1eb-36ca574f3863","ts":"2026-07-24T15:25:16.578-05:00","eventName":"n8n.audit.workflow.updated","message":"n8n.audit.workflow.updated","payload":{"userId":"b9b1db79-eccb-44ec-a1ac-88eb796fc5f5","_email":"andi1998jamil@gmail.com","_firstName":"Jamil","_lastName":" andy","globalRole":"global:owner","workflowId":"IqhxSGlB1Zsi0TSG","workflowName":"My workflow"}}
{"__type":"$$EventMessageConfirm","confirm":"1e3f22c6-866f-4a83-b1eb-36ca574f3863","ts":"2026-07-24T15:25:16.578-05:00","source":{"id":"0","name":"eventBus"}}
{"__type":"$$EventMessageAudit","id":"ead778a3-bdcf-4642-93ec-a9ebce2ac8cd","ts":"2026-07-24T15:25:36.788-05:00","eventName":"n8n.audit.workflow.updated","message":"n8n.audit.workflow.updated","payload":{"userId":"b9b1db79-eccb-44ec-a1ac-88eb796fc5f5","_email":"andi1998jamil@gmail.com","_firstName":"Jamil","_lastName":" andy","globalRole":"global:owner","workflowId":"IqhxSGlB1Zsi0TSG","workflowName":"My workflow"}}
{"__type":"$$EventMessageConfirm","confirm":"ead778a3-bdcf-4642-93ec-a9ebce2ac8cd","ts":"2026-07-24T15:25:36.789-05:00","source":{"id":"0","name":"eventBus"}}
{"__type":"$$EventMessageAudit","id":"74f79955-5783-4871-a1fc-b946f3320e03","ts":"2026-07-24T15:25:56.461-05:00","eventName":"n8n.audit.workflow.updated","message":"n8n.audit.workflow.updated","payload":{"userId":"b9b1db79-eccb-44ec-a1ac-88eb796fc5f5","_email":"andi1998jamil@gmail.com","_firstName":"Jamil","_lastName":" andy","globalRole":"global:owner","workflowId":"IqhxSGlB1Zsi0TSG","workflowName":"My workflow"}}
{"__type":"$$EventMessageConfirm","confirm":"74f79955-5783-4871-a1fc-b946f3320e03","ts":"2026-07-24T15:25:56.461-05:00","source":{"id":"0","name":"eventBus"}}
{"__type":"$$EventMessageAudit","id":"ac3de41f-46e9-42f3-9118-5b5182856308","ts":"2026-07-24T15:26:14.194-05:00","eventName":"n8n.audit.workflow.updated","message":"n8n.audit.workflow.updated","payload":{"userId":"b9b1db79-eccb-44ec-a1ac-88eb796fc5f5","_email":"andi1998jamil@gmail.com","_firstName":"Jamil","_lastName":" andy","globalRole":"global:owner","workflowId":"IqhxSGlB1Zsi0TSG","workflowName":"My workflow"}}
{"__type":"$$EventMessageConfirm","confirm":"ac3de41f-46e9-42f3-9118-5b5182856308","ts":"2026-07-24T15:26:14.195-05:00","source":{"id":"0","name":"eventBus"}}
{"__type":"$$EventMessageAudit","id":"cfa8c54d-8a3b-42fe-8678-e38d0c3d51ec","ts":"2026-07-24T15:26:25.430-05:00","eventName":"n8n.audit.workflow.updated","message":"n8n.audit.workflow.updated","payload":{"userId":"b9b1db79-eccb-44ec-a1ac-88eb796fc5f5","_email":"andi1998jamil@gmail.com","_firstName":"Jamil","_lastName":" andy","globalRole":"global:owner","workflowId":"IqhxSGlB1Zsi0TSG","workflowName":"My workflow"}}
{"__type":"$$EventMessageConfirm","confirm":"cfa8c54d-8a3b-42fe-8678-e38d0c3d51ec","ts":"2026-07-24T15:26:25.431-05:00","source":{"id":"0","name":"eventBus"}}
{"__type":"$$EventMessageAudit","id":"c4726531-70da-4a0a-8c8e-59eeefe92649","ts":"2026-07-24T15:26:53.671-05:00","eventName":"n8n.audit.workflow.updated","message":"n8n.audit.workflow.updated","payload":{"userId":"b9b1db79-eccb-44ec-a1ac-88eb796fc5f5","_email":"andi1998jamil@gmail.com","_firstName":"Jamil","_lastName":" andy","globalRole":"global:owner","workflowId":"IqhxSGlB1Zsi0TSG","workflowName":"My workflow"}}
{"__type":"$$EventMessageConfirm","confirm":"c4726531-70da-4a0a-8c8e-59eeefe92649","ts":"2026-07-24T15:26:53.671-05:00","source":{"id":"0","name":"eventBus"}}
{"__type":"$$EventMessageAudit","id":"36b86888-8896-4673-86cf-8605f908dec6","ts":"2026-07-24T15:27:00.930-05:00","eventName":"n8n.audit.workflow.updated","message":"n8n.audit.workflow.updated","payload":{"userId":"b9b1db79-eccb-44ec-a1ac-88eb796fc5f5","_email":"andi1998jamil@gmail.com","_firstName":"Jamil","_lastName":" andy","globalRole":"global:owner","workflowId":"IqhxSGlB1Zsi0TSG","workflowName":"My workflow"}}
{"__type":"$$EventMessageConfirm","confirm":"36b86888-8896-4673-86cf-8605f908dec6","ts":"2026-07-24T15:27:00.930-05:00","source":{"id":"0","name":"eventBus"}}
{"__type":"$$EventMessageAudit","id":"0d5d0ddb-50aa-41b6-9ccd-ac0e5bd0f527","ts":"2026-07-24T15:27:02.767-05:00","eventName":"n8n.audit.workflow.updated","message":"n8n.audit.workflow.updated","payload":{"userId":"b9b1db79-eccb-44ec-a1ac-88eb796fc5f5","_email":"andi1998jamil@gmail.com","_firstName":"Jamil","_lastName":" andy","globalRole":"global:owner","workflowId":"IqhxSGlB1Zsi0TSG","workflowName":"My workflow"}}
{"__type":"$$EventMessageConfirm","confirm":"0d5d0ddb-50aa-41b6-9ccd-ac0e5bd0f527","ts":"2026-07-24T15:27:02.768-05:00","source":{"id":"0","name":"eventBus"}}
{"__type":"$$EventMessageAudit","id":"962d5f23-a944-49cd-900a-8ac0af0ab6d9","ts":"2026-07-24T15:27:05.529-05:00","eventName":"n8n.audit.workflow.updated","message":"n8n.audit.workflow.updated","payload":{"userId":"b9b1db79-eccb-44ec-a1ac-88eb796fc5f5","_email":"andi1998jamil@gmail.com","_firstName":"Jamil","_lastName":" andy","globalRole":"global:owner","workflowId":"IqhxSGlB1Zsi0TSG","workflowName":"My workflow"}}
{"__type":"$$EventMessageConfirm","confirm":"962d5f23-a944-49cd-900a-8ac0af0ab6d9","ts":"2026-07-24T15:27:05.529-05:00","source":{"id":"0","name":"eventBus"}}
{"__type":"$$EventMessageAudit","id":"ffa8bb27-8363-4e75-9203-21258532c11f","ts":"2026-07-24T15:27:08.419-05:00","eventName":"n8n.audit.workflow.updated","message":"n8n.audit.workflow.updated","payload":{"userId":"b9b1db79-eccb-44ec-a1ac-88eb796fc5f5","_email":"andi1998jamil@gmail.com","_firstName":"Jamil","_lastName":" andy","globalRole":"global:owner","workflowId":"IqhxSGlB1Zsi0TSG","workflowName":"My workflow"}}
{"__type":"$$EventMessageConfirm","confirm":"ffa8bb27-8363-4e75-9203-21258532c11f","ts":"2026-07-24T15:27:08.420-05:00","source":{"id":"0","name":"eventBus"}}
{"__type":"$$EventMessageAudit","id":"39a9cc2e-e453-475f-bc38-27df6d2f0255","ts":"2026-07-24T15:27:11.623-05:00","eventName":"n8n.audit.workflow.updated","message":"n8n.audit.workflow.updated","payload":{"userId":"b9b1db79-eccb-44ec-a1ac-88eb796fc5f5","_email":"andi1998jamil@gmail.com","_firstName":"Jamil","_lastName":" andy","globalRole":"global:owner","workflowId":"IqhxSGlB1Zsi0TSG","workflowName":"My workflow"}}
{"__type":"$$EventMessageConfirm","confirm":"39a9cc2e-e453-475f-bc38-27df6d2f0255","ts":"2026-07-24T15:27:11.623-05:00","source":{"id":"0","name":"eventBus"}}
{"__type":"$$EventMessageAudit","id":"15659483-773e-4b5c-b316-878a28450f5c","ts":"2026-07-24T15:27:13.410-05:00","eventName":"n8n.audit.workflow.updated","message":"n8n.audit.workflow.updated","payload":{"userId":"b9b1db79-eccb-44ec-a1ac-88eb796fc5f5","_email":"andi1998jamil@gmail.com","_firstName":"Jamil","_lastName":" andy","globalRole":"global:owner","workflowId":"IqhxSGlB1Zsi0TSG","workflowName":"My workflow"}}
{"__type":"$$EventMessageConfirm","confirm":"15659483-773e-4b5c-b316-878a28450f5c","ts":"2026-07-24T15:27:13.411-05:00","source":{"id":"0","name":"eventBus"}}
{"__type":"$$EventMessageAudit","id":"234bfda4-0842-4435-8b1a-96faf178a329","ts":"2026-07-24T15:27:15.201-05:00","eventName":"n8n.audit.workflow.updated","message":"n8n.audit.workflow.updated","payload":{"userId":"b9b1db79-eccb-44ec-a1ac-88eb796fc5f5","_email":"andi1998jamil@gmail.com","_firstName":"Jamil","_lastName":" andy","globalRole":"global:owner","workflowId":"IqhxSGlB1Zsi0TSG","workflowName":"My workflow"}}
{"__type":"$$EventMessageConfirm","confirm":"234bfda4-0842-4435-8b1a-96faf178a329","ts":"2026-07-24T15:27:15.201-05:00","source":{"id":"0","name":"eventBus"}}
{"__type":"$$EventMessageAudit","id":"155cd9ea-4c6c-4cb5-8ff2-d6423be6f0e5","ts":"2026-07-24T15:27:17.178-05:00","eventName":"n8n.audit.workflow.updated","message":"n8n.audit.workflow.updated","payload":{"userId":"b9b1db79-eccb-44ec-a1ac-88eb796fc5f5","_email":"andi1998jamil@gmail.com","_firstName":"Jamil","_lastName":" andy","globalRole":"global:owner","workflowId":"IqhxSGlB1Zsi0TSG","workflowName":"My workflow"}}
{"__type":"$$EventMessageConfirm","confirm":"155cd9ea-4c6c-4cb5-8ff2-d6423be6f0e5","ts":"2026-07-24T15:27:17.178-05:00","source":{"id":"0","name":"eventBus"}}
{"__type":"$$EventMessageAudit","id":"d4c1f925-b658-4d18-a2ad-d07d62b19a73","ts":"2026-07-24T15:27:19.306-05:00","eventName":"n8n.audit.workflow.updated","message":"n8n.audit.workflow.updated","payload":{"userId":"b9b1db79-eccb-44ec-a1ac-88eb796fc5f5","_email":"andi1998jamil@gmail.com","_firstName":"Jamil","_lastName":" andy","globalRole":"global:owner","workflowId":"IqhxSGlB1Zsi0TSG","workflowName":"My workflow"}}
{"__type":"$$EventMessageConfirm","confirm":"d4c1f925-b658-4d18-a2ad-d07d62b19a73","ts":"2026-07-24T15:27:19.306-05:00","source":{"id":"0","name":"eventBus"}}
{"__type":"$$EventMessageAudit","id":"045db882-8a2f-4456-984d-234d72c3675e","ts":"2026-07-24T15:27:21.513-05:00","eventName":"n8n.audit.workflow.updated","message":"n8n.audit.workflow.updated","payload":{"userId":"b9b1db79-eccb-44ec-a1ac-88eb796fc5f5","_email":"andi1998jamil@gmail.com","_firstName":"Jamil","_lastName":" andy","globalRole":"global:owner","workflowId":"IqhxSGlB1Zsi0TSG","workflowName":"My workflow"}}
{"__type":"$$EventMessageConfirm","confirm":"045db882-8a2f-4456-984d-234d72c3675e","ts":"2026-07-24T15:27:21.514-05:00","source":{"id":"0","name":"eventBus"}}
{"__type":"$$EventMessageAudit","id":"cb855101-2bc5-475b-87f1-2ae831b6fb81","ts":"2026-07-24T15:27:24.323-05:00","eventName":"n8n.audit.workflow.updated","message":"n8n.audit.workflow.updated","payload":{"userId":"b9b1db79-eccb-44ec-a1ac-88eb796fc5f5","_email":"andi1998jamil@gmail.com","_firstName":"Jamil","_lastName":" andy","globalRole":"global:owner","workflowId":"IqhxSGlB1Zsi0TSG","workflowName":"My workflow"}}
{"__type":"$$EventMessageConfirm","confirm":"cb855101-2bc5-475b-87f1-2ae831b6fb81","ts":"2026-07-24T15:27:24.323-05:00","source":{"id":"0","name":"eventBus"}}
{"__type":"$$EventMessageAudit","id":"b37370d2-66d1-4057-8d4c-3080e1bcef5a","ts":"2026-07-24T15:54:25.166-05:00","eventName":"n8n.audit.user.credentials.created","message":"n8n.audit.user.credentials.created","payload":{"userId":"b9b1db79-eccb-44ec-a1ac-88eb796fc5f5","_email":"andi1998jamil@gmail.com","_firstName":"Jamil","_lastName":" andy","globalRole":"global:owner","credentialType":"gmailOAuth2","credentialId":"HwyWQCCZJkANUfrT","publicApi":false,"projectId":"2waiwXdPc8W3Avzz","projectType":"personal","uiContext":"credentials_list","isDynamic":false,"usesExternalSecrets":false,"jweEnabled":false,"supportsManagedAuth":false,"usesManagedAuth":false}}
{"__type":"$$EventMessageConfirm","confirm":"b37370d2-66d1-4057-8d4c-3080e1bcef5a","ts":"2026-07-24T15:54:25.166-05:00","source":{"id":"0","name":"eventBus"}}
{"__type":"$$EventMessageAudit","id":"6c8a6b17-a4ab-4463-b53e-f99110f9fc5e","ts":"2026-07-24T15:55:03.136-05:00","eventName":"n8n.audit.user.credentials.updated","message":"n8n.audit.user.credentials.updated","payload":{"userId":"b9b1db79-eccb-44ec-a1ac-88eb796fc5f5","_email":"andi1998jamil@gmail.com","_firstName":"Jamil","_lastName":" andy","globalRole":"global:owner","credentialType":"gmailOAuth2","credentialId":"HwyWQCCZJkANUfrT","isDynamic":false,"usesExternalSecrets":false,"jweEnabled":false,"supportsManagedAuth":false,"usesManagedAuth":false}}
{"__type":"$$EventMessageConfirm","confirm":"6c8a6b17-a4ab-4463-b53e-f99110f9fc5e","ts":"2026-07-24T15:55:03.136-05:00","source":{"id":"0","name":"eventBus"}}
{"__type":"$$EventMessageAudit","id":"42a3c0c1-135e-4e54-ae64-752b10844a70","ts":"2026-07-24T15:56:48.730-05:00","eventName":"n8n.audit.user.credentials.updated","message":"n8n.audit.user.credentials.updated","payload":{"userId":"b9b1db79-eccb-44ec-a1ac-88eb796fc5f5","_email":"andi1998jamil@gmail.com","_firstName":"Jamil","_lastName":" andy","globalRole":"global:owner","credentialType":"gmailOAuth2","credentialId":"HwyWQCCZJkANUfrT","isDynamic":false,"usesExternalSecrets":false,"jweEnabled":false,"supportsManagedAuth":false,"usesManagedAuth":false}}
{"__type":"$$EventMessageConfirm","confirm":"42a3c0c1-135e-4e54-ae64-752b10844a70","ts":"2026-07-24T15:56:48.730-05:00","source":{"id":"0","name":"eventBus"}}
{"__type":"$$EventMessageAudit","id":"6fe3f47f-9e15-44d3-b5ea-1897a7a8c846","ts":"2026-07-24T16:00:06.568-05:00","eventName":"n8n.audit.user.credentials.updated","message":"n8n.audit.user.credentials.updated","payload":{"userId":"b9b1db79-eccb-44ec-a1ac-88eb796fc5f5","_email":"andi1998jamil@gmail.com","_firstName":"Jamil","_lastName":" andy","globalRole":"global:owner","credentialType":"gmailOAuth2","credentialId":"HwyWQCCZJkANUfrT","isDynamic":false,"usesExternalSecrets":false,"jweEnabled":false,"supportsManagedAuth":false,"usesManagedAuth":false}}
{"__type":"$$EventMessageConfirm","confirm":"6fe3f47f-9e15-44d3-b5ea-1897a7a8c846","ts":"2026-07-24T16:00:06.569-05:00","source":{"id":"0","name":"eventBus"}}
{"__type":"$$EventMessageAudit","id":"05d6f11f-57d0-468c-bdc2-b408a60969f5","ts":"2026-07-24T16:00:27.334-05:00","eventName":"n8n.audit.user.credentials.updated","message":"n8n.audit.user.credentials.updated","payload":{"userId":"b9b1db79-eccb-44ec-a1ac-88eb796fc5f5","_email":"andi1998jamil@gmail.com","_firstName":"Jamil","_lastName":" andy","globalRole":"global:owner","credentialType":"gmailOAuth2","credentialId":"HwyWQCCZJkANUfrT","isDynamic":false,"usesExternalSecrets":false,"jweEnabled":false,"supportsManagedAuth":false,"usesManagedAuth":false}}
{"__type":"$$EventMessageConfirm","confirm":"05d6f11f-57d0-468c-bdc2-b408a60969f5","ts":"2026-07-24T16:00:27.334-05:00","source":{"id":"0","name":"eventBus"}}
{"__type":"$$EventMessageAudit","id":"f3f12378-aabd-45b3-b156-caa02028b58c","ts":"2026-07-24T16:01:32.466-05:00","eventName":"n8n.audit.user.credentials.updated","message":"n8n.audit.user.credentials.updated","payload":{"userId":"b9b1db79-eccb-44ec-a1ac-88eb796fc5f5","_email":"andi1998jamil@gmail.com","_firstName":"Jamil","_lastName":" andy","globalRole":"global:owner","credentialType":"gmailOAuth2","credentialId":"HwyWQCCZJkANUfrT","isDynamic":false,"usesExternalSecrets":false,"jweEnabled":false,"supportsManagedAuth":false,"usesManagedAuth":false}}
{"__type":"$$EventMessageConfirm","confirm":"f3f12378-aabd-45b3-b156-caa02028b58c","ts":"2026-07-24T16:01:32.466-05:00","source":{"id":"0","name":"eventBus"}}
{"__type":"$$EventMessageAudit","id":"6d18fb8e-c8ea-4680-9c83-a451d21fae28","ts":"2026-07-24T16:02:52.905-05:00","eventName":"n8n.audit.workflow.updated","message":"n8n.audit.workflow.updated","payload":{"userId":"b9b1db79-eccb-44ec-a1ac-88eb796fc5f5","_email":"andi1998jamil@gmail.com","_firstName":"Jamil","_lastName":" andy","globalRole":"global:owner","workflowId":"IqhxSGlB1Zsi0TSG","workflowName":"My workflow"}}
{"__type":"$$EventMessageConfirm","confirm":"6d18fb8e-c8ea-4680-9c83-a451d21fae28","ts":"2026-07-24T16:02:52.905-05:00","source":{"id":"0","name":"eventBus"}}
{"__type":"$$EventMessageAudit","id":"69a57f93-07c1-44ac-b1ef-05cbd310b3af","ts":"2026-07-24T16:21:15.867-05:00","eventName":"n8n.audit.workflow.updated","message":"n8n.audit.workflow.updated","payload":{"userId":"b9b1db79-eccb-44ec-a1ac-88eb796fc5f5","_email":"andi1998jamil@gmail.com","_firstName":"Jamil","_lastName":" andy","globalRole":"global:owner","workflowId":"IqhxSGlB1Zsi0TSG","workflowName":"My workflow"}}
{"__type":"$$EventMessageConfirm","confirm":"69a57f93-07c1-44ac-b1ef-05cbd310b3af","ts":"2026-07-24T16:21:15.867-05:00","source":{"id":"0","name":"eventBus"}}
{"__type":"$$EventMessageAudit","id":"81c2dbba-e0cf-4f94-b0ec-f67e95598c24","ts":"2026-07-24T16:21:38.915-05:00","eventName":"n8n.audit.workflow.updated","message":"n8n.audit.workflow.updated","payload":{"userId":"b9b1db79-eccb-44ec-a1ac-88eb796fc5f5","_email":"andi1998jamil@gmail.com","_firstName":"Jamil","_lastName":" andy","globalRole":"global:owner","workflowId":"IqhxSGlB1Zsi0TSG","workflowName":"My workflow"}}
{"__type":"$$EventMessageConfirm","confirm":"81c2dbba-e0cf-4f94-b0ec-f67e95598c24","ts":"2026-07-24T16:21:38.915-05:00","source":{"id":"0","name":"eventBus"}}
{"__type":"$$EventMessageAudit","id":"8978cc69-ac71-4e9a-9653-41e2ffa88d7e","ts":"2026-07-24T16:22:01.382-05:00","eventName":"n8n.audit.workflow.updated","message":"n8n.audit.workflow.updated","payload":{"userId":"b9b1db79-eccb-44ec-a1ac-88eb796fc5f5","_email":"andi1998jamil@gmail.com","_firstName":"Jamil","_lastName":" andy","globalRole":"global:owner","workflowId":"IqhxSGlB1Zsi0TSG","workflowName":"My workflow"}}
{"__type":"$$EventMessageConfirm","confirm":"8978cc69-ac71-4e9a-9653-41e2ffa88d7e","ts":"2026-07-24T16:22:01.382-05:00","source":{"id":"0","name":"eventBus"}}
{"__type":"$$EventMessageAudit","id":"e7ac4f99-a5de-4a63-a494-6497ec7b5a66","ts":"2026-07-24T16:22:04.801-05:00","eventName":"n8n.audit.workflow.updated","message":"n8n.audit.workflow.updated","payload":{"userId":"b9b1db79-eccb-44ec-a1ac-88eb796fc5f5","_email":"andi1998jamil@gmail.com","_firstName":"Jamil","_lastName":" andy","globalRole":"global:owner","workflowId":"IqhxSGlB1Zsi0TSG","workflowName":"My workflow"}}
{"__type":"$$EventMessageConfirm","confirm":"e7ac4f99-a5de-4a63-a494-6497ec7b5a66","ts":"2026-07-24T16:22:04.801-05:00","source":{"id":"0","name":"eventBus"}}
{"__type":"$$EventMessageAudit","id":"0e45325e-961e-4135-9474-fcafe2c0c5bc","ts":"2026-07-24T16:22:47.885-05:00","eventName":"n8n.audit.workflow.executed","message":"n8n.audit.workflow.executed","payload":{"userId":"b9b1db79-eccb-44ec-a1ac-88eb796fc5f5","_email":"andi1998jamil@gmail.com","_firstName":"Jamil","_lastName":" andy","globalRole":"global:owner","workflowId":"IqhxSGlB1Zsi0TSG","workflowName":"My workflow","executionId":"132","source":"user-manual"}}
{"__type":"$$EventMessageConfirm","confirm":"0e45325e-961e-4135-9474-fcafe2c0c5bc","ts":"2026-07-24T16:22:47.885-05:00","source":{"id":"0","name":"eventBus"}}
{"__type":"$$EventMessageWorkflow","id":"d8accdbe-20ad-40f5-b68d-34ecf93ad910","ts":"2026-07-24T16:22:47.889-05:00","eventName":"n8n.workflow.started","message":"n8n.workflow.started","payload":{"executionId":"132","workflowId":"IqhxSGlB1Zsi0TSG","isManual":false,"mode":"manual","workflowName":"My workflow","projectId":"2waiwXdPc8W3Avzz","projectName":"Jamil  andy <andi1998jamil@gmail.com>"}}
{"__type":"$$EventMessageConfirm","confirm":"d8accdbe-20ad-40f5-b68d-34ecf93ad910","ts":"2026-07-24T16:22:47.889-05:00","source":{"id":"0","name":"eventBus"}}
{"__type":"$$EventMessageNode","id":"6cc61f17-0ab1-4b2e-a56c-15b0548aa15a","ts":"2026-07-24T16:22:47.897-05:00","eventName":"n8n.node.started","message":"n8n.node.started","payload":{"workflowId":"IqhxSGlB1Zsi0TSG","workflowName":"My workflow","executionId":"132","nodeType":"n8n-nodes-base.gmailTrigger","nodeName":"Gmail Trigger","nodeId":"5b16995c-2c7f-4f2d-87f0-7362a40c32ba"}}
{"__type":"$$EventMessageConfirm","confirm":"6cc61f17-0ab1-4b2e-a56c-15b0548aa15a","ts":"2026-07-24T16:22:47.897-05:00","source":{"id":"0","name":"eventBus"}}
{"__type":"$$EventMessageWorkflow","id":"d4b885ed-8c34-4bc5-a0f6-33b096e01a5c","ts":"2026-07-24T16:22:48.551-05:00","eventName":"n8n.workflow.success","message":"n8n.workflow.success","payload":{"userId":"b9b1db79-eccb-44ec-a1ac-88eb796fc5f5","executionId":"132","success":true,"isManual":true,"mode":"manual","workflowId":"IqhxSGlB1Zsi0TSG","workflowName":"My workflow","projectId":"2waiwXdPc8W3Avzz","projectName":"Jamil  andy <andi1998jamil@gmail.com>"}}
{"__type":"$$EventMessageConfirm","confirm":"d4b885ed-8c34-4bc5-a0f6-33b096e01a5c","ts":"2026-07-24T16:22:48.551-05:00","source":{"id":"0","name":"eventBus"}}
{"__type":"$$EventMessageAudit","id":"756908a8-926e-42b6-9e7b-f5050b69eaeb","ts":"2026-07-24T16:22:56.371-05:00","eventName":"n8n.audit.workflow.executed","message":"n8n.audit.workflow.executed","payload":{"userId":"b9b1db79-eccb-44ec-a1ac-88eb796fc5f5","_email":"andi1998jamil@gmail.com","_firstName":"Jamil","_lastName":" andy","globalRole":"global:owner","workflowId":"IqhxSGlB1Zsi0TSG","workflowName":"My workflow","executionId":"133","source":"user-manual"}}
{"__type":"$$EventMessageConfirm","confirm":"756908a8-926e-42b6-9e7b-f5050b69eaeb","ts":"2026-07-24T16:22:56.372-05:00","source":{"id":"0","name":"eventBus"}}
{"__type":"$$EventMessageWorkflow","id":"480779b0-5947-4552-a039-d4fca7da6531","ts":"2026-07-24T16:22:56.372-05:00","eventName":"n8n.workflow.started","message":"n8n.workflow.started","payload":{"executionId":"133","workflowId":"IqhxSGlB1Zsi0TSG","isManual":false,"mode":"manual","workflowName":"My workflow","projectId":"2waiwXdPc8W3Avzz","projectName":"Jamil  andy <andi1998jamil@gmail.com>"}}
{"__type":"$$EventMessageConfirm","confirm":"480779b0-5947-4552-a039-d4fca7da6531","ts":"2026-07-24T16:22:56.373-05:00","source":{"id":"0","name":"eventBus"}}
{"__type":"$$EventMessageNode","id":"37069a1c-f450-4ca6-986a-cf294c9a01e7","ts":"2026-07-24T16:22:56.385-05:00","eventName":"n8n.node.started","message":"n8n.node.started","payload":{"workflowId":"IqhxSGlB1Zsi0TSG","workflowName":"My workflow","executionId":"133","nodeType":"n8n-nodes-base.gmailTrigger","nodeName":"Gmail Trigger","nodeId":"5b16995c-2c7f-4f2d-87f0-7362a40c32ba"}}
{"__type":"$$EventMessageConfirm","confirm":"37069a1c-f450-4ca6-986a-cf294c9a01e7","ts":"2026-07-24T16:22:56.385-05:00","source":{"id":"0","name":"eventBus"}}
{"__type":"$$EventMessageWorkflow","id":"cd05463e-fcca-4ed7-8c48-6a39a549cf97","ts":"2026-07-24T16:22:57.403-05:00","eventName":"n8n.workflow.success","message":"n8n.workflow.success","payload":{"userId":"b9b1db79-eccb-44ec-a1ac-88eb796fc5f5","executionId":"133","success":true,"isManual":true,"mode":"manual","workflowId":"IqhxSGlB1Zsi0TSG","workflowName":"My workflow","projectId":"2waiwXdPc8W3Avzz","projectName":"Jamil  andy <andi1998jamil@gmail.com>"}}
{"__type":"$$EventMessageConfirm","confirm":"cd05463e-fcca-4ed7-8c48-6a39a549cf97","ts":"2026-07-24T16:22:57.403-05:00","source":{"id":"0","name":"eventBus"}}
{"__type":"$$EventMessageAudit","id":"a4cacc42-d529-4189-a2cb-695d902a700f","ts":"2026-07-24T16:24:48.814-05:00","eventName":"n8n.audit.workflow.executed","message":"n8n.audit.workflow.executed","payload":{"userId":"b9b1db79-eccb-44ec-a1ac-88eb796fc5f5","_email":"andi1998jamil@gmail.com","_firstName":"Jamil","_lastName":" andy","globalRole":"global:owner","workflowId":"IqhxSGlB1Zsi0TSG","workflowName":"My workflow","executionId":"134","source":"user-manual"}}
{"__type":"$$EventMessageConfirm","confirm":"a4cacc42-d529-4189-a2cb-695d902a700f","ts":"2026-07-24T16:24:48.814-05:00","source":{"id":"0","name":"eventBus"}}
{"__type":"$$EventMessageWorkflow","id":"53ec2dfa-ef19-454b-be12-00c2dea3c06c","ts":"2026-07-24T16:24:48.815-05:00","eventName":"n8n.workflow.started","message":"n8n.workflow.started","payload":{"executionId":"134","workflowId":"IqhxSGlB1Zsi0TSG","isManual":false,"mode":"manual","workflowName":"My workflow","projectId":"2waiwXdPc8W3Avzz","projectName":"Jamil  andy <andi1998jamil@gmail.com>"}}
{"__type":"$$EventMessageConfirm","confirm":"53ec2dfa-ef19-454b-be12-00c2dea3c06c","ts":"2026-07-24T16:24:48.815-05:00","source":{"id":"0","name":"eventBus"}}
{"__type":"$$EventMessageNode","id":"673da72a-79f0-466e-bc5b-be78e5a587f3","ts":"2026-07-24T16:24:48.830-05:00","eventName":"n8n.node.started","message":"n8n.node.started","payload":{"workflowId":"IqhxSGlB1Zsi0TSG","workflowName":"My workflow","executionId":"134","nodeType":"n8n-nodes-base.gmailTrigger","nodeName":"Gmail Trigger","nodeId":"5b16995c-2c7f-4f2d-87f0-7362a40c32ba"}}
{"__type":"$$EventMessageConfirm","confirm":"673da72a-79f0-466e-bc5b-be78e5a587f3","ts":"2026-07-24T16:24:48.830-05:00","source":{"id":"0","name":"eventBus"}}
{"__type":"$$EventMessageWorkflow","id":"960549a3-0332-4d16-aa9b-b2e9f159dd64","ts":"2026-07-24T16:24:49.457-05:00","eventName":"n8n.workflow.success","message":"n8n.workflow.success","payload":{"userId":"b9b1db79-eccb-44ec-a1ac-88eb796fc5f5","executionId":"134","success":true,"isManual":true,"mode":"manual","workflowId":"IqhxSGlB1Zsi0TSG","workflowName":"My workflow","projectId":"2waiwXdPc8W3Avzz","projectName":"Jamil  andy <andi1998jamil@gmail.com>"}}
{"__type":"$$EventMessageConfirm","confirm":"960549a3-0332-4d16-aa9b-b2e9f159dd64","ts":"2026-07-24T16:24:49.458-05:00","source":{"id":"0","name":"eventBus"}}
{"__type":"$$EventMessageWorkflow","id":"ccadfa1a-a3ff-417d-a6fd-9b63a1feac6f","ts":"2026-07-24T16:25:18.973-05:00","eventName":"n8n.workflow.failed","message":"n8n.workflow.failed","payload":{"userId":"b9b1db79-eccb-44ec-a1ac-88eb796fc5f5","executionId":"135","success":false,"isManual":true,"mode":"manual","workflowId":"IqhxSGlB1Zsi0TSG","workflowName":"My workflow","projectId":"2waiwXdPc8W3Avzz","projectName":"Jamil  andy <andi1998jamil@gmail.com>","errorMessage":"7 nodes have issues:\n- 'Send a message': Parameter \"To\" is required. Parameter \"Subject\" is required. Parameter \"Message\" is required.\n- 'Create a row': Parameter \"Table Name or ID\" is required.\n- 'Analyze document1': Parameter \"Model\" is required.\n- 'Get many rows': Parameter \"Table Name or ID\" is required.\n- (3 more)"}}
{"__type":"$$EventMessageConfirm","confirm":"ccadfa1a-a3ff-417d-a6fd-9b63a1feac6f","ts":"2026-07-24T16:25:18.973-05:00","source":{"id":"0","name":"eventBus"}}
{"__type":"$$EventMessageAudit","id":"c7050803-5f48-4f60-9562-f4b0396c6a30","ts":"2026-07-24T16:25:28.974-05:00","eventName":"n8n.audit.workflow.executed","message":"n8n.audit.workflow.executed","payload":{"userId":"b9b1db79-eccb-44ec-a1ac-88eb796fc5f5","_email":"andi1998jamil@gmail.com","_firstName":"Jamil","_lastName":" andy","globalRole":"global:owner","workflowId":"IqhxSGlB1Zsi0TSG","workflowName":"My workflow","executionId":"136","source":"user-manual"}}
{"__type":"$$EventMessageConfirm","confirm":"c7050803-5f48-4f60-9562-f4b0396c6a30","ts":"2026-07-24T16:25:28.974-05:00","source":{"id":"0","name":"eventBus"}}
{"__type":"$$EventMessageWorkflow","id":"751b6d94-03a4-435d-9e70-94e6678c36ea","ts":"2026-07-24T16:25:28.975-05:00","eventName":"n8n.workflow.started","message":"n8n.workflow.started","payload":{"executionId":"136","workflowId":"IqhxSGlB1Zsi0TSG","isManual":false,"mode":"manual","workflowName":"My workflow","projectId":"2waiwXdPc8W3Avzz","projectName":"Jamil  andy <andi1998jamil@gmail.com>"}}
{"__type":"$$EventMessageConfirm","confirm":"751b6d94-03a4-435d-9e70-94e6678c36ea","ts":"2026-07-24T16:25:28.975-05:00","source":{"id":"0","name":"eventBus"}}
{"__type":"$$EventMessageNode","id":"c0634aa8-2bf9-44d6-bdee-5e52b240ee10","ts":"2026-07-24T16:25:28.990-05:00","eventName":"n8n.node.started","message":"n8n.node.started","payload":{"workflowId":"IqhxSGlB1Zsi0TSG","workflowName":"My workflow","executionId":"136","nodeType":"n8n-nodes-base.gmailTrigger","nodeName":"Gmail Trigger","nodeId":"5b16995c-2c7f-4f2d-87f0-7362a40c32ba"}}
{"__type":"$$EventMessageConfirm","confirm":"c0634aa8-2bf9-44d6-bdee-5e52b240ee10","ts":"2026-07-24T16:25:28.990-05:00","source":{"id":"0","name":"eventBus"}}
{"__type":"$$EventMessageWorkflow","id":"856b3d94-d8cf-4a41-a279-5c57997527dd","ts":"2026-07-24T16:25:29.632-05:00","eventName":"n8n.workflow.success","message":"n8n.workflow.success","payload":{"userId":"b9b1db79-eccb-44ec-a1ac-88eb796fc5f5","executionId":"136","success":true,"isManual":true,"mode":"manual","workflowId":"IqhxSGlB1Zsi0TSG","workflowName":"My workflow","projectId":"2waiwXdPc8W3Avzz","projectName":"Jamil  andy <andi1998jamil@gmail.com>"}}
{"__type":"$$EventMessageConfirm","confirm":"856b3d94-d8cf-4a41-a279-5c57997527dd","ts":"2026-07-24T16:25:29.632-05:00","source":{"id":"0","name":"eventBus"}}
{"__type":"$$EventMessageAudit","id":"84c85861-7902-4a22-9949-432a2c99bb14","ts":"2026-07-24T16:27:14.129-05:00","eventName":"n8n.audit.workflow.executed","message":"n8n.audit.workflow.executed","payload":{"userId":"b9b1db79-eccb-44ec-a1ac-88eb796fc5f5","_email":"andi1998jamil@gmail.com","_firstName":"Jamil","_lastName":" andy","globalRole":"global:owner","workflowId":"IqhxSGlB1Zsi0TSG","workflowName":"My workflow","executionId":"137","source":"user-manual"}}
{"__type":"$$EventMessageConfirm","confirm":"84c85861-7902-4a22-9949-432a2c99bb14","ts":"2026-07-24T16:27:14.129-05:00","source":{"id":"0","name":"eventBus"}}
{"__type":"$$EventMessageWorkflow","id":"9d4e64eb-6b9e-4c3d-9799-c3150b5f4a81","ts":"2026-07-24T16:27:14.130-05:00","eventName":"n8n.workflow.started","message":"n8n.workflow.started","payload":{"executionId":"137","workflowId":"IqhxSGlB1Zsi0TSG","isManual":false,"mode":"manual","workflowName":"My workflow","projectId":"2waiwXdPc8W3Avzz","projectName":"Jamil  andy <andi1998jamil@gmail.com>"}}
{"__type":"$$EventMessageConfirm","confirm":"9d4e64eb-6b9e-4c3d-9799-c3150b5f4a81","ts":"2026-07-24T16:27:14.130-05:00","source":{"id":"0","name":"eventBus"}}
{"__type":"$$EventMessageNode","id":"1de33234-43e9-4ae8-97bf-9e346d0d6670","ts":"2026-07-24T16:27:14.141-05:00","eventName":"n8n.node.started","message":"n8n.node.started","payload":{"workflowId":"IqhxSGlB1Zsi0TSG","workflowName":"My workflow","executionId":"137","nodeType":"n8n-nodes-base.gmailTrigger","nodeName":"Gmail Trigger","nodeId":"5b16995c-2c7f-4f2d-87f0-7362a40c32ba"}}
{"__type":"$$EventMessageConfirm","confirm":"1de33234-43e9-4ae8-97bf-9e346d0d6670","ts":"2026-07-24T16:27:14.141-05:00","source":{"id":"0","name":"eventBus"}}
{"__type":"$$EventMessageWorkflow","id":"0277fe8c-7a2e-4bfa-bddb-432fc7e39f94","ts":"2026-07-24T16:27:14.774-05:00","eventName":"n8n.workflow.success","message":"n8n.workflow.success","payload":{"userId":"b9b1db79-eccb-44ec-a1ac-88eb796fc5f5","executionId":"137","success":true,"isManual":true,"mode":"manual","workflowId":"IqhxSGlB1Zsi0TSG","workflowName":"My workflow","projectId":"2waiwXdPc8W3Avzz","projectName":"Jamil  andy <andi1998jamil@gmail.com>"}}
{"__type":"$$EventMessageConfirm","confirm":"0277fe8c-7a2e-4bfa-bddb-432fc7e39f94","ts":"2026-07-24T16:27:14.775-05:00","source":{"id":"0","name":"eventBus"}}
{"__type":"$$EventMessageAudit","id":"070b90fd-bb03-45d3-9d1f-ebadca532368","ts":"2026-07-24T16:36:44.254-05:00","eventName":"n8n.audit.workflow.executed","message":"n8n.audit.workflow.executed","payload":{"userId":"b9b1db79-eccb-44ec-a1ac-88eb796fc5f5","_email":"andi1998jamil@gmail.com","_firstName":"Jamil","_lastName":" andy","globalRole":"global:owner","workflowId":"IqhxSGlB1Zsi0TSG","workflowName":"My workflow","executionId":"138","source":"user-manual"}}
{"__type":"$$EventMessageConfirm","confirm":"070b90fd-bb03-45d3-9d1f-ebadca532368","ts":"2026-07-24T16:36:44.254-05:00","source":{"id":"0","name":"eventBus"}}
{"__type":"$$EventMessageWorkflow","id":"65171496-c949-4719-ba97-930eebe7b696","ts":"2026-07-24T16:36:44.255-05:00","eventName":"n8n.workflow.started","message":"n8n.workflow.started","payload":{"executionId":"138","workflowId":"IqhxSGlB1Zsi0TSG","isManual":false,"mode":"manual","workflowName":"My workflow","projectId":"2waiwXdPc8W3Avzz","projectName":"Jamil  andy <andi1998jamil@gmail.com>"}}
{"__type":"$$EventMessageConfirm","confirm":"65171496-c949-4719-ba97-930eebe7b696","ts":"2026-07-24T16:36:44.255-05:00","source":{"id":"0","name":"eventBus"}}
{"__type":"$$EventMessageNode","id":"e13682c2-68b3-492a-8e90-1a0cd45d92f1","ts":"2026-07-24T16:36:44.268-05:00","eventName":"n8n.node.started","message":"n8n.node.started","payload":{"workflowId":"IqhxSGlB1Zsi0TSG","workflowName":"My workflow","executionId":"138","nodeType":"n8n-nodes-base.gmailTrigger","nodeName":"Gmail Trigger","nodeId":"5b16995c-2c7f-4f2d-87f0-7362a40c32ba"}}
{"__type":"$$EventMessageConfirm","confirm":"e13682c2-68b3-492a-8e90-1a0cd45d92f1","ts":"2026-07-24T16:36:44.268-05:00","source":{"id":"0","name":"eventBus"}}
{"__type":"$$EventMessageWorkflow","id":"3b6a00b6-a470-4b30-94c8-cfe434dbac96","ts":"2026-07-24T16:36:44.923-05:00","eventName":"n8n.workflow.success","message":"n8n.workflow.success","payload":{"userId":"b9b1db79-eccb-44ec-a1ac-88eb796fc5f5","executionId":"138","success":true,"isManual":true,"mode":"manual","workflowId":"IqhxSGlB1Zsi0TSG","workflowName":"My workflow","projectId":"2waiwXdPc8W3Avzz","projectName":"Jamil  andy <andi1998jamil@gmail.com>"}}
{"__type":"$$EventMessageConfirm","confirm":"3b6a00b6-a470-4b30-94c8-cfe434dbac96","ts":"2026-07-24T16:36:44.924-05:00","source":{"id":"0","name":"eventBus"}}
{"__type":"$$EventMessageAudit","id":"1d66a9ed-9460-4de4-ba0f-9be67cac4fe5","ts":"2026-07-24T16:36:48.153-05:00","eventName":"n8n.audit.workflow.executed","message":"n8n.audit.workflow.executed","payload":{"userId":"b9b1db79-eccb-44ec-a1ac-88eb796fc5f5","_email":"andi1998jamil@gmail.com","_firstName":"Jamil","_lastName":" andy","globalRole":"global:owner","workflowId":"IqhxSGlB1Zsi0TSG","workflowName":"My workflow","executionId":"139","source":"user-manual"}}
{"__type":"$$EventMessageConfirm","confirm":"1d66a9ed-9460-4de4-ba0f-9be67cac4fe5","ts":"2026-07-24T16:36:48.154-05:00","source":{"id":"0","name":"eventBus"}}
{"__type":"$$EventMessageWorkflow","id":"4e147c5f-a1b5-4ad4-a957-8ba2f05799c4","ts":"2026-07-24T16:36:48.155-05:00","eventName":"n8n.workflow.started","message":"n8n.workflow.started","payload":{"executionId":"139","workflowId":"IqhxSGlB1Zsi0TSG","isManual":false,"mode":"manual","workflowName":"My workflow","projectId":"2waiwXdPc8W3Avzz","projectName":"Jamil  andy <andi1998jamil@gmail.com>"}}
{"__type":"$$EventMessageConfirm","confirm":"4e147c5f-a1b5-4ad4-a957-8ba2f05799c4","ts":"2026-07-24T16:36:48.155-05:00","source":{"id":"0","name":"eventBus"}}
{"__type":"$$EventMessageNode","id":"4ed95ff8-e6d7-43e8-895a-9f5a2307d6d5","ts":"2026-07-24T16:36:48.165-05:00","eventName":"n8n.node.started","message":"n8n.node.started","payload":{"workflowId":"IqhxSGlB1Zsi0TSG","workflowName":"My workflow","executionId":"139","nodeType":"n8n-nodes-base.gmailTrigger","nodeName":"Gmail Trigger","nodeId":"5b16995c-2c7f-4f2d-87f0-7362a40c32ba"}}
{"__type":"$$EventMessageConfirm","confirm":"4ed95ff8-e6d7-43e8-895a-9f5a2307d6d5","ts":"2026-07-24T16:36:48.165-05:00","source":{"id":"0","name":"eventBus"}}
{"__type":"$$EventMessageNode","id":"9c0b3f68-972c-470c-8589-1441305ddae9","ts":"2026-07-24T16:36:49.109-05:00","eventName":"n8n.node.finished","message":"n8n.node.finished","payload":{"workflowId":"IqhxSGlB1Zsi0TSG","workflowName":"My workflow","executionId":"139","nodeType":"n8n-nodes-base.gmailTrigger","nodeName":"Gmail Trigger","nodeId":"5b16995c-2c7f-4f2d-87f0-7362a40c32ba"}}
{"__type":"$$EventMessageConfirm","confirm":"9c0b3f68-972c-470c-8589-1441305ddae9","ts":"2026-07-24T16:36:49.109-05:00","source":{"id":"0","name":"eventBus"}}
{"__type":"$$EventMessageWorkflow","id":"93d32ba5-827a-4089-9bea-1193d0d29aaa","ts":"2026-07-24T16:36:49.113-05:00","eventName":"n8n.workflow.success","message":"n8n.workflow.success","payload":{"userId":"b9b1db79-eccb-44ec-a1ac-88eb796fc5f5","executionId":"139","success":true,"isManual":true,"mode":"manual","workflowId":"IqhxSGlB1Zsi0TSG","workflowName":"My workflow","projectId":"2waiwXdPc8W3Avzz","projectName":"Jamil  andy <andi1998jamil@gmail.com>"}}
{"__type":"$$EventMessageConfirm","confirm":"93d32ba5-827a-4089-9bea-1193d0d29aaa","ts":"2026-07-24T16:36:49.113-05:00","source":{"id":"0","name":"eventBus"}}
{"__type":"$$EventMessageAudit","id":"c3f55f4d-c511-42fa-b7b5-c06c7db4fe80","ts":"2026-07-24T16:38:34.182-05:00","eventName":"n8n.audit.workflow.updated","message":"n8n.audit.workflow.updated","payload":{"userId":"b9b1db79-eccb-44ec-a1ac-88eb796fc5f5","_email":"andi1998jamil@gmail.com","_firstName":"Jamil","_lastName":" andy","globalRole":"global:owner","workflowId":"IqhxSGlB1Zsi0TSG","workflowName":"My workflow"}}
{"__type":"$$EventMessageConfirm","confirm":"c3f55f4d-c511-42fa-b7b5-c06c7db4fe80","ts":"2026-07-24T16:38:34.182-05:00","source":{"id":"0","name":"eventBus"}}
{"__type":"$$EventMessageAudit","id":"662393a5-2a65-4147-8a80-a0273baf1bab","ts":"2026-07-24T16:39:11.684-05:00","eventName":"n8n.audit.workflow.updated","message":"n8n.audit.workflow.updated","payload":{"userId":"b9b1db79-eccb-44ec-a1ac-88eb796fc5f5","_email":"andi1998jamil@gmail.com","_firstName":"Jamil","_lastName":" andy","globalRole":"global:owner","workflowId":"IqhxSGlB1Zsi0TSG","workflowName":"My workflow"}}
{"__type":"$$EventMessageConfirm","confirm":"662393a5-2a65-4147-8a80-a0273baf1bab","ts":"2026-07-24T16:39:11.684-05:00","source":{"id":"0","name":"eventBus"}}
{"__type":"$$EventMessageAudit","id":"118fb066-4e11-496f-bbb4-5d5bde778848","ts":"2026-07-24T16:39:17.065-05:00","eventName":"n8n.audit.workflow.updated","message":"n8n.audit.workflow.updated","payload":{"userId":"b9b1db79-eccb-44ec-a1ac-88eb796fc5f5","_email":"andi1998jamil@gmail.com","_firstName":"Jamil","_lastName":" andy","globalRole":"global:owner","workflowId":"IqhxSGlB1Zsi0TSG","workflowName":"My workflow"}}
{"__type":"$$EventMessageConfirm","confirm":"118fb066-4e11-496f-bbb4-5d5bde778848","ts":"2026-07-24T16:39:17.065-05:00","source":{"id":"0","name":"eventBus"}}
{"__type":"$$EventMessageAudit","id":"0974ef00-ef5f-4e79-83d0-e3e3d353d9c7","ts":"2026-07-24T16:39:20.401-05:00","eventName":"n8n.audit.workflow.updated","message":"n8n.audit.workflow.updated","payload":{"userId":"b9b1db79-eccb-44ec-a1ac-88eb796fc5f5","_email":"andi1998jamil@gmail.com","_firstName":"Jamil","_lastName":" andy","globalRole":"global:owner","workflowId":"IqhxSGlB1Zsi0TSG","workflowName":"My workflow"}}
{"__type":"$$EventMessageConfirm","confirm":"0974ef00-ef5f-4e79-83d0-e3e3d353d9c7","ts":"2026-07-24T16:39:20.401-05:00","source":{"id":"0","name":"eventBus"}}
{"__type":"$$EventMessageAudit","id":"07bb4e1d-f6de-44bc-a3d8-5d999cc7620b","ts":"2026-07-24T16:39:36.532-05:00","eventName":"n8n.audit.workflow.executed","message":"n8n.audit.workflow.executed","payload":{"userId":"b9b1db79-eccb-44ec-a1ac-88eb796fc5f5","_email":"andi1998jamil@gmail.com","_firstName":"Jamil","_lastName":" andy","globalRole":"global:owner","workflowId":"IqhxSGlB1Zsi0TSG","workflowName":"My workflow","executionId":"140","source":"user-manual"}}
{"__type":"$$EventMessageConfirm","confirm":"07bb4e1d-f6de-44bc-a3d8-5d999cc7620b","ts":"2026-07-24T16:39:36.532-05:00","source":{"id":"0","name":"eventBus"}}
{"__type":"$$EventMessageWorkflow","id":"d1e8d62c-798a-47e8-8e0e-f8eed793a75e","ts":"2026-07-24T16:39:36.533-05:00","eventName":"n8n.workflow.started","message":"n8n.workflow.started","payload":{"executionId":"140","workflowId":"IqhxSGlB1Zsi0TSG","isManual":false,"mode":"manual","workflowName":"My workflow","projectId":"2waiwXdPc8W3Avzz","projectName":"Jamil  andy <andi1998jamil@gmail.com>"}}
{"__type":"$$EventMessageConfirm","confirm":"d1e8d62c-798a-47e8-8e0e-f8eed793a75e","ts":"2026-07-24T16:39:36.533-05:00","source":{"id":"0","name":"eventBus"}}
{"__type":"$$EventMessageNode","id":"9a32938f-7902-49e1-8b67-a6bd3efc390a","ts":"2026-07-24T16:39:36.548-05:00","eventName":"n8n.node.started","message":"n8n.node.started","payload":{"workflowId":"IqhxSGlB1Zsi0TSG","workflowName":"My workflow","executionId":"140","nodeType":"n8n-nodes-base.gmail","nodeName":"Get a message","nodeId":"9e09f97e-7866-41fe-bc71-57aa06d0dce7"}}
{"__type":"$$EventMessageConfirm","confirm":"9a32938f-7902-49e1-8b67-a6bd3efc390a","ts":"2026-07-24T16:39:36.548-05:00","source":{"id":"0","name":"eventBus"}}
{"__type":"$$EventMessageNode","id":"d958dc59-1ce7-44eb-b5f0-1a89dfeb9d32","ts":"2026-07-24T16:39:37.670-05:00","eventName":"n8n.node.finished","message":"n8n.node.finished","payload":{"workflowId":"IqhxSGlB1Zsi0TSG","workflowName":"My workflow","executionId":"140","nodeType":"n8n-nodes-base.gmail","nodeName":"Get a message","nodeId":"9e09f97e-7866-41fe-bc71-57aa06d0dce7"}}
{"__type":"$$EventMessageConfirm","confirm":"d958dc59-1ce7-44eb-b5f0-1a89dfeb9d32","ts":"2026-07-24T16:39:37.671-05:00","source":{"id":"0","name":"eventBus"}}
{"__type":"$$EventMessageWorkflow","id":"8ee14776-ae9d-40ea-8e88-95ce95f27a20","ts":"2026-07-24T16:39:37.678-05:00","eventName":"n8n.workflow.success","message":"n8n.workflow.success","payload":{"userId":"b9b1db79-eccb-44ec-a1ac-88eb796fc5f5","executionId":"140","success":true,"isManual":true,"mode":"manual","workflowId":"IqhxSGlB1Zsi0TSG","workflowName":"My workflow","projectId":"2waiwXdPc8W3Avzz","projectName":"Jamil  andy <andi1998jamil@gmail.com>"}}
{"__type":"$$EventMessageConfirm","confirm":"8ee14776-ae9d-40ea-8e88-95ce95f27a20","ts":"2026-07-24T16:39:37.678-05:00","source":{"id":"0","name":"eventBus"}}
{"__type":"$$EventMessageAudit","id":"85890f82-5b35-4aeb-a069-373426cdefd5","ts":"2026-07-24T16:44:08.822-05:00","eventName":"n8n.audit.workflow.updated","message":"n8n.audit.workflow.updated","payload":{"userId":"b9b1db79-eccb-44ec-a1ac-88eb796fc5f5","_email":"andi1998jamil@gmail.com","_firstName":"Jamil","_lastName":" andy","globalRole":"global:owner","workflowId":"IqhxSGlB1Zsi0TSG","workflowName":"My workflow"}}
{"__type":"$$EventMessageConfirm","confirm":"85890f82-5b35-4aeb-a069-373426cdefd5","ts":"2026-07-24T16:44:08.822-05:00","source":{"id":"0","name":"eventBus"}}
{"__type":"$$EventMessageAudit","id":"dd0f82e7-4b42-4717-a3f5-e0f1038b95b5","ts":"2026-07-24T16:47:09.393-05:00","eventName":"n8n.audit.workflow.updated","message":"n8n.audit.workflow.updated","payload":{"userId":"b9b1db79-eccb-44ec-a1ac-88eb796fc5f5","_email":"andi1998jamil@gmail.com","_firstName":"Jamil","_lastName":" andy","globalRole":"global:owner","workflowId":"IqhxSGlB1Zsi0TSG","workflowName":"My workflow"}}
{"__type":"$$EventMessageConfirm","confirm":"dd0f82e7-4b42-4717-a3f5-e0f1038b95b5","ts":"2026-07-24T16:47:09.393-05:00","source":{"id":"0","name":"eventBus"}}
{"__type":"$$EventMessageAudit","id":"0ea484c8-469e-4d27-9203-787df3646fa5","ts":"2026-07-24T16:47:53.873-05:00","eventName":"n8n.audit.workflow.updated","message":"n8n.audit.workflow.updated","payload":{"userId":"b9b1db79-eccb-44ec-a1ac-88eb796fc5f5","_email":"andi1998jamil@gmail.com","_firstName":"Jamil","_lastName":" andy","globalRole":"global:owner","workflowId":"IqhxSGlB1Zsi0TSG","workflowName":"My workflow"}}
{"__type":"$$EventMessageConfirm","confirm":"0ea484c8-469e-4d27-9203-787df3646fa5","ts":"2026-07-24T16:47:53.873-05:00","source":{"id":"0","name":"eventBus"}}
{"__type":"$$EventMessageAudit","id":"3fd7b66d-4d65-44eb-a2b4-f016f15612e1","ts":"2026-07-24T16:48:17.387-05:00","eventName":"n8n.audit.workflow.updated","message":"n8n.audit.workflow.updated","payload":{"userId":"b9b1db79-eccb-44ec-a1ac-88eb796fc5f5","_email":"andi1998jamil@gmail.com","_firstName":"Jamil","_lastName":" andy","globalRole":"global:owner","workflowId":"IqhxSGlB1Zsi0TSG","workflowName":"My workflow"}}
{"__type":"$$EventMessageConfirm","confirm":"3fd7b66d-4d65-44eb-a2b4-f016f15612e1","ts":"2026-07-24T16:48:17.388-05:00","source":{"id":"0","name":"eventBus"}}
{"__type":"$$EventMessageAudit","id":"8373b102-e8e8-4b48-afb7-2a72bd8f9c96","ts":"2026-07-24T16:48:25.481-05:00","eventName":"n8n.audit.workflow.executed","message":"n8n.audit.workflow.executed","payload":{"userId":"b9b1db79-eccb-44ec-a1ac-88eb796fc5f5","_email":"andi1998jamil@gmail.com","_firstName":"Jamil","_lastName":" andy","globalRole":"global:owner","workflowId":"IqhxSGlB1Zsi0TSG","workflowName":"My workflow","executionId":"141","source":"user-manual"}}
{"__type":"$$EventMessageConfirm","confirm":"8373b102-e8e8-4b48-afb7-2a72bd8f9c96","ts":"2026-07-24T16:48:25.481-05:00","source":{"id":"0","name":"eventBus"}}
{"__type":"$$EventMessageWorkflow","id":"0da05ba4-7e0b-4a25-b25c-89e0f83ed7f3","ts":"2026-07-24T16:48:25.482-05:00","eventName":"n8n.workflow.started","message":"n8n.workflow.started","payload":{"executionId":"141","workflowId":"IqhxSGlB1Zsi0TSG","isManual":false,"mode":"manual","workflowName":"My workflow","projectId":"2waiwXdPc8W3Avzz","projectName":"Jamil  andy <andi1998jamil@gmail.com>"}}
{"__type":"$$EventMessageConfirm","confirm":"0da05ba4-7e0b-4a25-b25c-89e0f83ed7f3","ts":"2026-07-24T16:48:25.482-05:00","source":{"id":"0","name":"eventBus"}}
{"__type":"$$EventMessageNode","id":"4a07825a-1b6b-4751-9882-0d240f2beae5","ts":"2026-07-24T16:48:25.495-05:00","eventName":"n8n.node.started","message":"n8n.node.started","payload":{"workflowId":"IqhxSGlB1Zsi0TSG","workflowName":"My workflow","executionId":"141","nodeType":"n8n-nodes-base.splitOut","nodeName":"Split Out","nodeId":"cb0fddb6-804d-4582-8b33-d8fc056d4d9a"}}
{"__type":"$$EventMessageConfirm","confirm":"4a07825a-1b6b-4751-9882-0d240f2beae5","ts":"2026-07-24T16:48:25.495-05:00","source":{"id":"0","name":"eventBus"}}
{"__type":"$$EventMessageNode","id":"cf0faff5-47dd-411b-91f1-881345b7a280","ts":"2026-07-24T16:48:25.497-05:00","eventName":"n8n.node.finished","message":"n8n.node.finished","payload":{"workflowId":"IqhxSGlB1Zsi0TSG","workflowName":"My workflow","executionId":"141","nodeType":"n8n-nodes-base.splitOut","nodeName":"Split Out","nodeId":"cb0fddb6-804d-4582-8b33-d8fc056d4d9a"}}
{"__type":"$$EventMessageConfirm","confirm":"cf0faff5-47dd-411b-91f1-881345b7a280","ts":"2026-07-24T16:48:25.497-05:00","source":{"id":"0","name":"eventBus"}}
{"__type":"$$EventMessageWorkflow","id":"c18c501b-8f73-40d3-b7d6-055d4fad9c97","ts":"2026-07-24T16:48:25.502-05:00","eventName":"n8n.workflow.success","message":"n8n.workflow.success","payload":{"userId":"b9b1db79-eccb-44ec-a1ac-88eb796fc5f5","executionId":"141","success":true,"isManual":true,"mode":"manual","workflowId":"IqhxSGlB1Zsi0TSG","workflowName":"My workflow","projectId":"2waiwXdPc8W3Avzz","projectName":"Jamil  andy <andi1998jamil@gmail.com>"}}
{"__type":"$$EventMessageConfirm","confirm":"c18c501b-8f73-40d3-b7d6-055d4fad9c97","ts":"2026-07-24T16:48:25.502-05:00","source":{"id":"0","name":"eventBus"}}
{"__type":"$$EventMessageAudit","id":"f59e6108-dc07-40c7-b537-f7f3519fdae0","ts":"2026-07-24T16:52:10.584-05:00","eventName":"n8n.audit.workflow.updated","message":"n8n.audit.workflow.updated","payload":{"userId":"b9b1db79-eccb-44ec-a1ac-88eb796fc5f5","_email":"andi1998jamil@gmail.com","_firstName":"Jamil","_lastName":" andy","globalRole":"global:owner","workflowId":"IqhxSGlB1Zsi0TSG","workflowName":"My workflow"}}
{"__type":"$$EventMessageConfirm","confirm":"f59e6108-dc07-40c7-b537-f7f3519fdae0","ts":"2026-07-24T16:52:10.585-05:00","source":{"id":"0","name":"eventBus"}}
{"__type":"$$EventMessageAudit","id":"93451d6d-fc05-43c6-bb62-4da23f704c49","ts":"2026-07-24T16:52:45.603-05:00","eventName":"n8n.audit.workflow.updated","message":"n8n.audit.workflow.updated","payload":{"userId":"b9b1db79-eccb-44ec-a1ac-88eb796fc5f5","_email":"andi1998jamil@gmail.com","_firstName":"Jamil","_lastName":" andy","globalRole":"global:owner","workflowId":"IqhxSGlB1Zsi0TSG","workflowName":"My workflow"}}
{"__type":"$$EventMessageConfirm","confirm":"93451d6d-fc05-43c6-bb62-4da23f704c49","ts":"2026-07-24T16:52:45.603-05:00","source":{"id":"0","name":"eventBus"}}
{"__type":"$$EventMessageAudit","id":"73b9097b-09c0-4b53-b90a-aa252956172c","ts":"2026-07-24T16:52:48.810-05:00","eventName":"n8n.audit.workflow.executed","message":"n8n.audit.workflow.executed","payload":{"userId":"b9b1db79-eccb-44ec-a1ac-88eb796fc5f5","_email":"andi1998jamil@gmail.com","_firstName":"Jamil","_lastName":" andy","globalRole":"global:owner","workflowId":"IqhxSGlB1Zsi0TSG","workflowName":"My workflow","executionId":"142","source":"user-manual"}}
{"__type":"$$EventMessageConfirm","confirm":"73b9097b-09c0-4b53-b90a-aa252956172c","ts":"2026-07-24T16:52:48.811-05:00","source":{"id":"0","name":"eventBus"}}
{"__type":"$$EventMessageWorkflow","id":"3ba7821e-34fb-47c0-a5e6-562cc31a5585","ts":"2026-07-24T16:52:48.812-05:00","eventName":"n8n.workflow.started","message":"n8n.workflow.started","payload":{"executionId":"142","workflowId":"IqhxSGlB1Zsi0TSG","isManual":false,"mode":"manual","workflowName":"My workflow","projectId":"2waiwXdPc8W3Avzz","projectName":"Jamil  andy <andi1998jamil@gmail.com>"}}
{"__type":"$$EventMessageConfirm","confirm":"3ba7821e-34fb-47c0-a5e6-562cc31a5585","ts":"2026-07-24T16:52:48.812-05:00","source":{"id":"0","name":"eventBus"}}
{"__type":"$$EventMessageNode","id":"da8ef5ea-2b23-4a0d-8261-69ebe58e805f","ts":"2026-07-24T16:52:48.826-05:00","eventName":"n8n.node.started","message":"n8n.node.started","payload":{"workflowId":"IqhxSGlB1Zsi0TSG","workflowName":"My workflow","executionId":"142","nodeType":"n8n-nodes-base.code","nodeName":"Code in JavaScript","nodeId":"a1444a7a-8f49-42c8-8b45-f5d8ca12d08d"}}
{"__type":"$$EventMessageConfirm","confirm":"da8ef5ea-2b23-4a0d-8261-69ebe58e805f","ts":"2026-07-24T16:52:48.826-05:00","source":{"id":"0","name":"eventBus"}}
{"__type":"$$EventMessageRunner","id":"9d8f251b-704a-46d6-8d0b-ba8cec74a991","ts":"2026-07-24T16:52:48.834-05:00","eventName":"n8n.runner.task.requested","message":"n8n.runner.task.requested","payload":{"taskId":"QKIAOCb9","nodeId":"a1444a7a-8f49-42c8-8b45-f5d8ca12d08d","workflowId":"IqhxSGlB1Zsi0TSG","executionId":"142"}}
{"__type":"$$EventMessageConfirm","confirm":"9d8f251b-704a-46d6-8d0b-ba8cec74a991","ts":"2026-07-24T16:52:48.834-05:00","source":{"id":"0","name":"eventBus"}}
{"__type":"$$EventMessageRunner","id":"9a902ab0-c75c-4125-93bb-cabf155ddce3","ts":"2026-07-24T16:52:48.989-05:00","eventName":"n8n.runner.response.received","message":"n8n.runner.response.received","payload":{"taskId":"QKIAOCb9","nodeId":"a1444a7a-8f49-42c8-8b45-f5d8ca12d08d","workflowId":"IqhxSGlB1Zsi0TSG","executionId":"142"}}
{"__type":"$$EventMessageConfirm","confirm":"9a902ab0-c75c-4125-93bb-cabf155ddce3","ts":"2026-07-24T16:52:48.989-05:00","source":{"id":"0","name":"eventBus"}}
{"__type":"$$EventMessageNode","id":"3ab30814-dd2e-4c9b-8512-cadc1955fc49","ts":"2026-07-24T16:52:48.990-05:00","eventName":"n8n.node.finished","message":"n8n.node.finished","payload":{"workflowId":"IqhxSGlB1Zsi0TSG","workflowName":"My workflow","executionId":"142","nodeType":"n8n-nodes-base.code","nodeName":"Code in JavaScript","nodeId":"a1444a7a-8f49-42c8-8b45-f5d8ca12d08d"}}
{"__type":"$$EventMessageConfirm","confirm":"3ab30814-dd2e-4c9b-8512-cadc1955fc49","ts":"2026-07-24T16:52:48.990-05:00","source":{"id":"0","name":"eventBus"}}
{"__type":"$$EventMessageWorkflow","id":"ea852881-bab8-4cae-abd1-a5ca724ebc00","ts":"2026-07-24T16:52:48.996-05:00","eventName":"n8n.workflow.success","message":"n8n.workflow.success","payload":{"userId":"b9b1db79-eccb-44ec-a1ac-88eb796fc5f5","executionId":"142","success":true,"isManual":true,"mode":"manual","workflowId":"IqhxSGlB1Zsi0TSG","workflowName":"My workflow","projectId":"2waiwXdPc8W3Avzz","projectName":"Jamil  andy <andi1998jamil@gmail.com>"}}
{"__type":"$$EventMessageConfirm","confirm":"ea852881-bab8-4cae-abd1-a5ca724ebc00","ts":"2026-07-24T16:52:48.996-05:00","source":{"id":"0","name":"eventBus"}}
{"__type":"$$EventMessageAudit","id":"52246e0e-3330-4235-996c-db088caf350d","ts":"2026-07-24T16:54:09.214-05:00","eventName":"n8n.audit.workflow.updated","message":"n8n.audit.workflow.updated","payload":{"userId":"b9b1db79-eccb-44ec-a1ac-88eb796fc5f5","_email":"andi1998jamil@gmail.com","_firstName":"Jamil","_lastName":" andy","globalRole":"global:owner","workflowId":"IqhxSGlB1Zsi0TSG","workflowName":"My workflow"}}
{"__type":"$$EventMessageConfirm","confirm":"52246e0e-3330-4235-996c-db088caf350d","ts":"2026-07-24T16:54:09.214-05:00","source":{"id":"0","name":"eventBus"}}
{"__type":"$$EventMessageAudit","id":"8a0ffb44-e927-4280-8c3b-eb4f2ea4c305","ts":"2026-07-24T16:54:36.699-05:00","eventName":"n8n.audit.workflow.updated","message":"n8n.audit.workflow.updated","payload":{"userId":"b9b1db79-eccb-44ec-a1ac-88eb796fc5f5","_email":"andi1998jamil@gmail.com","_firstName":"Jamil","_lastName":" andy","globalRole":"global:owner","workflowId":"IqhxSGlB1Zsi0TSG","workflowName":"My workflow"}}
{"__type":"$$EventMessageConfirm","confirm":"8a0ffb44-e927-4280-8c3b-eb4f2ea4c305","ts":"2026-07-24T16:54:36.700-05:00","source":{"id":"0","name":"eventBus"}}
{"__type":"$$EventMessageAudit","id":"72e0e7ac-d398-4679-a807-f5a9923fb165","ts":"2026-07-24T16:54:45.243-05:00","eventName":"n8n.audit.workflow.updated","message":"n8n.audit.workflow.updated","payload":{"userId":"b9b1db79-eccb-44ec-a1ac-88eb796fc5f5","_email":"andi1998jamil@gmail.com","_firstName":"Jamil","_lastName":" andy","globalRole":"global:owner","workflowId":"IqhxSGlB1Zsi0TSG","workflowName":"My workflow"}}
{"__type":"$$EventMessageConfirm","confirm":"72e0e7ac-d398-4679-a807-f5a9923fb165","ts":"2026-07-24T16:54:45.243-05:00","source":{"id":"0","name":"eventBus"}}
{"__type":"$$EventMessageAudit","id":"f95bfadb-2c08-4064-9fb4-136967d53976","ts":"2026-07-24T16:55:05.845-05:00","eventName":"n8n.audit.workflow.executed","message":"n8n.audit.workflow.executed","payload":{"userId":"b9b1db79-eccb-44ec-a1ac-88eb796fc5f5","_email":"andi1998jamil@gmail.com","_firstName":"Jamil","_lastName":" andy","globalRole":"global:owner","workflowId":"IqhxSGlB1Zsi0TSG","workflowName":"My workflow","executionId":"143","source":"user-manual"}}
{"__type":"$$EventMessageConfirm","confirm":"f95bfadb-2c08-4064-9fb4-136967d53976","ts":"2026-07-24T16:55:05.845-05:00","source":{"id":"0","name":"eventBus"}}
{"__type":"$$EventMessageWorkflow","id":"79c8f78e-f085-431b-8df6-372605c0091c","ts":"2026-07-24T16:55:05.846-05:00","eventName":"n8n.workflow.started","message":"n8n.workflow.started","payload":{"executionId":"143","workflowId":"IqhxSGlB1Zsi0TSG","isManual":false,"mode":"manual","workflowName":"My workflow","projectId":"2waiwXdPc8W3Avzz","projectName":"Jamil  andy <andi1998jamil@gmail.com>"}}
{"__type":"$$EventMessageConfirm","confirm":"79c8f78e-f085-431b-8df6-372605c0091c","ts":"2026-07-24T16:55:05.846-05:00","source":{"id":"0","name":"eventBus"}}
{"__type":"$$EventMessageNode","id":"d13d5e3b-a6db-4a8e-a4b6-50d43c1aa60d","ts":"2026-07-24T16:55:05.859-05:00","eventName":"n8n.node.started","message":"n8n.node.started","payload":{"workflowId":"IqhxSGlB1Zsi0TSG","workflowName":"My workflow","executionId":"143","nodeType":"n8n-nodes-base.if","nodeName":"If","nodeId":"b269a93b-d3f2-4c4b-a83f-cbe6cd854ed6"}}
{"__type":"$$EventMessageConfirm","confirm":"d13d5e3b-a6db-4a8e-a4b6-50d43c1aa60d","ts":"2026-07-24T16:55:05.860-05:00","source":{"id":"0","name":"eventBus"}}
{"__type":"$$EventMessageNode","id":"bdf0d3a0-03c8-4502-a33d-fa3837d05d46","ts":"2026-07-24T16:55:05.881-05:00","eventName":"n8n.node.finished","message":"n8n.node.finished","payload":{"workflowId":"IqhxSGlB1Zsi0TSG","workflowName":"My workflow","executionId":"143","nodeType":"n8n-nodes-base.if","nodeName":"If","nodeId":"b269a93b-d3f2-4c4b-a83f-cbe6cd854ed6"}}
{"__type":"$$EventMessageConfirm","confirm":"bdf0d3a0-03c8-4502-a33d-fa3837d05d46","ts":"2026-07-24T16:55:05.881-05:00","source":{"id":"0","name":"eventBus"}}
{"__type":"$$EventMessageWorkflow","id":"dae46b93-203a-4a8b-8969-56c0651fe9c0","ts":"2026-07-24T16:55:05.885-05:00","eventName":"n8n.workflow.failed","message":"n8n.workflow.failed","payload":{"userId":"b9b1db79-eccb-44ec-a1ac-88eb796fc5f5","executionId":"143","success":false,"isManual":true,"mode":"manual","workflowId":"IqhxSGlB1Zsi0TSG","workflowName":"My workflow","projectId":"2waiwXdPc8W3Avzz","projectName":"Jamil  andy <andi1998jamil@gmail.com>","lastNodeExecuted":"If","errorNodeType":"n8n-nodes-base.if","errorMessage":"Wrong type: 'application/pdf' is a string but was expecting an array [condition 0, item 0]"}}
{"__type":"$$EventMessageConfirm","confirm":"dae46b93-203a-4a8b-8969-56c0651fe9c0","ts":"2026-07-24T16:55:05.885-05:00","source":{"id":"0","name":"eventBus"}}
{"__type":"$$EventMessageAudit","id":"32b5075b-5d30-491f-b76d-29aa11d45dfe","ts":"2026-07-24T16:56:28.733-05:00","eventName":"n8n.audit.workflow.updated","message":"n8n.audit.workflow.updated","payload":{"userId":"b9b1db79-eccb-44ec-a1ac-88eb796fc5f5","_email":"andi1998jamil@gmail.com","_firstName":"Jamil","_lastName":" andy","globalRole":"global:owner","workflowId":"IqhxSGlB1Zsi0TSG","workflowName":"My workflow"}}
{"__type":"$$EventMessageConfirm","confirm":"32b5075b-5d30-491f-b76d-29aa11d45dfe","ts":"2026-07-24T16:56:28.733-05:00","source":{"id":"0","name":"eventBus"}}
{"__type":"$$EventMessageAudit","id":"24cd0d6c-ded6-461f-a8af-4dbecbe95ce4","ts":"2026-07-24T16:56:29.137-05:00","eventName":"n8n.audit.workflow.executed","message":"n8n.audit.workflow.executed","payload":{"userId":"b9b1db79-eccb-44ec-a1ac-88eb796fc5f5","_email":"andi1998jamil@gmail.com","_firstName":"Jamil","_lastName":" andy","globalRole":"global:owner","workflowId":"IqhxSGlB1Zsi0TSG","workflowName":"My workflow","executionId":"144","source":"user-manual"}}
{"__type":"$$EventMessageConfirm","confirm":"24cd0d6c-ded6-461f-a8af-4dbecbe95ce4","ts":"2026-07-24T16:56:29.137-05:00","source":{"id":"0","name":"eventBus"}}
{"__type":"$$EventMessageWorkflow","id":"3c3aa97d-a034-41ec-9786-b7019300fb43","ts":"2026-07-24T16:56:29.137-05:00","eventName":"n8n.workflow.started","message":"n8n.workflow.started","payload":{"executionId":"144","workflowId":"IqhxSGlB1Zsi0TSG","isManual":false,"mode":"manual","workflowName":"My workflow","projectId":"2waiwXdPc8W3Avzz","projectName":"Jamil  andy <andi1998jamil@gmail.com>"}}
{"__type":"$$EventMessageConfirm","confirm":"3c3aa97d-a034-41ec-9786-b7019300fb43","ts":"2026-07-24T16:56:29.137-05:00","source":{"id":"0","name":"eventBus"}}
{"__type":"$$EventMessageNode","id":"d11d05d9-aeb7-4729-966e-b34e3add12f6","ts":"2026-07-24T16:56:29.148-05:00","eventName":"n8n.node.started","message":"n8n.node.started","payload":{"workflowId":"IqhxSGlB1Zsi0TSG","workflowName":"My workflow","executionId":"144","nodeType":"n8n-nodes-base.if","nodeName":"If","nodeId":"b269a93b-d3f2-4c4b-a83f-cbe6cd854ed6"}}
{"__type":"$$EventMessageConfirm","confirm":"d11d05d9-aeb7-4729-966e-b34e3add12f6","ts":"2026-07-24T16:56:29.149-05:00","source":{"id":"0","name":"eventBus"}}
{"__type":"$$EventMessageNode","id":"24bee051-1470-4409-afb7-9e4d7d2ad7ad","ts":"2026-07-24T16:56:29.150-05:00","eventName":"n8n.node.finished","message":"n8n.node.finished","payload":{"workflowId":"IqhxSGlB1Zsi0TSG","workflowName":"My workflow","executionId":"144","nodeType":"n8n-nodes-base.if","nodeName":"If","nodeId":"b269a93b-d3f2-4c4b-a83f-cbe6cd854ed6"}}
{"__type":"$$EventMessageConfirm","confirm":"24bee051-1470-4409-afb7-9e4d7d2ad7ad","ts":"2026-07-24T16:56:29.150-05:00","source":{"id":"0","name":"eventBus"}}
{"__type":"$$EventMessageWorkflow","id":"c06b8d6d-e81d-4009-8ec3-142e61c11f37","ts":"2026-07-24T16:56:29.154-05:00","eventName":"n8n.workflow.success","message":"n8n.workflow.success","payload":{"userId":"b9b1db79-eccb-44ec-a1ac-88eb796fc5f5","executionId":"144","success":true,"isManual":true,"mode":"manual","workflowId":"IqhxSGlB1Zsi0TSG","workflowName":"My workflow","projectId":"2waiwXdPc8W3Avzz","projectName":"Jamil  andy <andi1998jamil@gmail.com>"}}
{"__type":"$$EventMessageConfirm","confirm":"c06b8d6d-e81d-4009-8ec3-142e61c11f37","ts":"2026-07-24T16:56:29.154-05:00","source":{"id":"0","name":"eventBus"}}
{"__type":"$$EventMessageAudit","id":"e2ffa853-eb44-4550-b3ed-1cb81428adad","ts":"2026-07-24T16:57:15.498-05:00","eventName":"n8n.audit.workflow.executed","message":"n8n.audit.workflow.executed","payload":{"userId":"b9b1db79-eccb-44ec-a1ac-88eb796fc5f5","_email":"andi1998jamil@gmail.com","_firstName":"Jamil","_lastName":" andy","globalRole":"global:owner","workflowId":"IqhxSGlB1Zsi0TSG","workflowName":"My workflow","executionId":"145","source":"user-manual"}}
{"__type":"$$EventMessageConfirm","confirm":"e2ffa853-eb44-4550-b3ed-1cb81428adad","ts":"2026-07-24T16:57:15.498-05:00","source":{"id":"0","name":"eventBus"}}
{"__type":"$$EventMessageWorkflow","id":"b042909b-6972-4549-b4ed-58d056d0e911","ts":"2026-07-24T16:57:15.499-05:00","eventName":"n8n.workflow.started","message":"n8n.workflow.started","payload":{"executionId":"145","workflowId":"IqhxSGlB1Zsi0TSG","isManual":false,"mode":"manual","workflowName":"My workflow","projectId":"2waiwXdPc8W3Avzz","projectName":"Jamil  andy <andi1998jamil@gmail.com>"}}
{"__type":"$$EventMessageConfirm","confirm":"b042909b-6972-4549-b4ed-58d056d0e911","ts":"2026-07-24T16:57:15.499-05:00","source":{"id":"0","name":"eventBus"}}
{"__type":"$$EventMessageNode","id":"1604e51b-e4c9-4c16-bc1d-2320b4b8fc0b","ts":"2026-07-24T16:57:15.510-05:00","eventName":"n8n.node.started","message":"n8n.node.started","payload":{"workflowId":"IqhxSGlB1Zsi0TSG","workflowName":"My workflow","executionId":"145","nodeType":"n8n-nodes-base.if","nodeName":"If","nodeId":"b269a93b-d3f2-4c4b-a83f-cbe6cd854ed6"}}
{"__type":"$$EventMessageConfirm","confirm":"1604e51b-e4c9-4c16-bc1d-2320b4b8fc0b","ts":"2026-07-24T16:57:15.510-05:00","source":{"id":"0","name":"eventBus"}}
{"__type":"$$EventMessageNode","id":"a417070b-5793-42fa-a559-ab6bc3a4a9f7","ts":"2026-07-24T16:57:15.511-05:00","eventName":"n8n.node.finished","message":"n8n.node.finished","payload":{"workflowId":"IqhxSGlB1Zsi0TSG","workflowName":"My workflow","executionId":"145","nodeType":"n8n-nodes-base.if","nodeName":"If","nodeId":"b269a93b-d3f2-4c4b-a83f-cbe6cd854ed6"}}
{"__type":"$$EventMessageConfirm","confirm":"a417070b-5793-42fa-a559-ab6bc3a4a9f7","ts":"2026-07-24T16:57:15.511-05:00","source":{"id":"0","name":"eventBus"}}
{"__type":"$$EventMessageWorkflow","id":"4df63a16-9358-4ef9-a9ad-b040f67434d7","ts":"2026-07-24T16:57:15.514-05:00","eventName":"n8n.workflow.success","message":"n8n.workflow.success","payload":{"userId":"b9b1db79-eccb-44ec-a1ac-88eb796fc5f5","executionId":"145","success":true,"isManual":true,"mode":"manual","workflowId":"IqhxSGlB1Zsi0TSG","workflowName":"My workflow","projectId":"2waiwXdPc8W3Avzz","projectName":"Jamil  andy <andi1998jamil@gmail.com>"}}
{"__type":"$$EventMessageConfirm","confirm":"4df63a16-9358-4ef9-a9ad-b040f67434d7","ts":"2026-07-24T16:57:15.515-05:00","source":{"id":"0","name":"eventBus"}}
{"__type":"$$EventMessageAudit","id":"44f23abe-0145-4d31-85aa-80f9e4787e21","ts":"2026-07-24T16:57:22.675-05:00","eventName":"n8n.audit.workflow.updated","message":"n8n.audit.workflow.updated","payload":{"userId":"b9b1db79-eccb-44ec-a1ac-88eb796fc5f5","_email":"andi1998jamil@gmail.com","_firstName":"Jamil","_lastName":" andy","globalRole":"global:owner","workflowId":"IqhxSGlB1Zsi0TSG","workflowName":"My workflow"}}
{"__type":"$$EventMessageConfirm","confirm":"44f23abe-0145-4d31-85aa-80f9e4787e21","ts":"2026-07-24T16:57:22.675-05:00","source":{"id":"0","name":"eventBus"}}
{"__type":"$$EventMessageAudit","id":"1e5e85d7-71e2-49b6-8812-5fb9e36f7366","ts":"2026-07-24T17:01:05.717-05:00","eventName":"n8n.audit.workflow.updated","message":"n8n.audit.workflow.updated","payload":{"userId":"b9b1db79-eccb-44ec-a1ac-88eb796fc5f5","_email":"andi1998jamil@gmail.com","_firstName":"Jamil","_lastName":" andy","globalRole":"global:owner","workflowId":"IqhxSGlB1Zsi0TSG","workflowName":"My workflow"}}
{"__type":"$$EventMessageConfirm","confirm":"1e5e85d7-71e2-49b6-8812-5fb9e36f7366","ts":"2026-07-24T17:01:05.717-05:00","source":{"id":"0","name":"eventBus"}}
{"__type":"$$EventMessageAudit","id":"a08efde1-5b01-4d8a-bee0-590326160544","ts":"2026-07-24T17:01:06.004-05:00","eventName":"n8n.audit.workflow.updated","message":"n8n.audit.workflow.updated","payload":{"userId":"b9b1db79-eccb-44ec-a1ac-88eb796fc5f5","_email":"andi1998jamil@gmail.com","_firstName":"Jamil","_lastName":" andy","globalRole":"global:owner","workflowId":"IqhxSGlB1Zsi0TSG","workflowName":"My workflow"}}
{"__type":"$$EventMessageConfirm","confirm":"a08efde1-5b01-4d8a-bee0-590326160544","ts":"2026-07-24T17:01:06.004-05:00","source":{"id":"0","name":"eventBus"}}
{"__type":"$$EventMessageAudit","id":"bafbaf77-b73b-457e-9589-c63f0a84c2f4","ts":"2026-07-24T17:01:06.419-05:00","eventName":"n8n.audit.workflow.executed","message":"n8n.audit.workflow.executed","payload":{"userId":"b9b1db79-eccb-44ec-a1ac-88eb796fc5f5","_email":"andi1998jamil@gmail.com","_firstName":"Jamil","_lastName":" andy","globalRole":"global:owner","workflowId":"IqhxSGlB1Zsi0TSG","workflowName":"My workflow","executionId":"146","source":"user-manual"}}
{"__type":"$$EventMessageConfirm","confirm":"bafbaf77-b73b-457e-9589-c63f0a84c2f4","ts":"2026-07-24T17:01:06.419-05:00","source":{"id":"0","name":"eventBus"}}
{"__type":"$$EventMessageWorkflow","id":"5291fc9c-569c-4685-8eeb-4f84911414a3","ts":"2026-07-24T17:01:06.420-05:00","eventName":"n8n.workflow.started","message":"n8n.workflow.started","payload":{"executionId":"146","workflowId":"IqhxSGlB1Zsi0TSG","isManual":false,"mode":"manual","workflowName":"My workflow","projectId":"2waiwXdPc8W3Avzz","projectName":"Jamil  andy <andi1998jamil@gmail.com>"}}
{"__type":"$$EventMessageConfirm","confirm":"5291fc9c-569c-4685-8eeb-4f84911414a3","ts":"2026-07-24T17:01:06.420-05:00","source":{"id":"0","name":"eventBus"}}
{"__type":"$$EventMessageNode","id":"c300de20-3bab-4cd9-9d58-b9e657d1c09e","ts":"2026-07-24T17:01:06.432-05:00","eventName":"n8n.node.started","message":"n8n.node.started","payload":{"workflowId":"IqhxSGlB1Zsi0TSG","workflowName":"My workflow","executionId":"146","nodeType":"n8n-nodes-base.code","nodeName":"Code in JavaScript","nodeId":"a1444a7a-8f49-42c8-8b45-f5d8ca12d08d"}}
{"__type":"$$EventMessageConfirm","confirm":"c300de20-3bab-4cd9-9d58-b9e657d1c09e","ts":"2026-07-24T17:01:06.432-05:00","source":{"id":"0","name":"eventBus"}}
{"__type":"$$EventMessageRunner","id":"5e13395c-b871-4eeb-8fe6-e7377c5f9979","ts":"2026-07-24T17:01:06.435-05:00","eventName":"n8n.runner.task.requested","message":"n8n.runner.task.requested","payload":{"taskId":"1c-G2VyQ","nodeId":"a1444a7a-8f49-42c8-8b45-f5d8ca12d08d","workflowId":"IqhxSGlB1Zsi0TSG","executionId":"146"}}
{"__type":"$$EventMessageConfirm","confirm":"5e13395c-b871-4eeb-8fe6-e7377c5f9979","ts":"2026-07-24T17:01:06.435-05:00","source":{"id":"0","name":"eventBus"}}
{"__type":"$$EventMessageRunner","id":"1ae4e929-7ca4-4aea-89fc-bac5b29a705a","ts":"2026-07-24T17:01:06.450-05:00","eventName":"n8n.runner.response.received","message":"n8n.runner.response.received","payload":{"taskId":"1c-G2VyQ","nodeId":"a1444a7a-8f49-42c8-8b45-f5d8ca12d08d","workflowId":"IqhxSGlB1Zsi0TSG","executionId":"146"}}
{"__type":"$$EventMessageConfirm","confirm":"1ae4e929-7ca4-4aea-89fc-bac5b29a705a","ts":"2026-07-24T17:01:06.450-05:00","source":{"id":"0","name":"eventBus"}}
{"__type":"$$EventMessageNode","id":"1b82a3c9-4e73-4abf-92a3-edb11ffb2f74","ts":"2026-07-24T17:01:06.451-05:00","eventName":"n8n.node.finished","message":"n8n.node.finished","payload":{"workflowId":"IqhxSGlB1Zsi0TSG","workflowName":"My workflow","executionId":"146","nodeType":"n8n-nodes-base.code","nodeName":"Code in JavaScript","nodeId":"a1444a7a-8f49-42c8-8b45-f5d8ca12d08d"}}
{"__type":"$$EventMessageConfirm","confirm":"1b82a3c9-4e73-4abf-92a3-edb11ffb2f74","ts":"2026-07-24T17:01:06.451-05:00","source":{"id":"0","name":"eventBus"}}
{"__type":"$$EventMessageWorkflow","id":"d1021a1d-e0d9-43b6-95ae-3095ed2f2053","ts":"2026-07-24T17:01:06.459-05:00","eventName":"n8n.workflow.success","message":"n8n.workflow.success","payload":{"userId":"b9b1db79-eccb-44ec-a1ac-88eb796fc5f5","executionId":"146","success":true,"isManual":true,"mode":"manual","workflowId":"IqhxSGlB1Zsi0TSG","workflowName":"My workflow","projectId":"2waiwXdPc8W3Avzz","projectName":"Jamil  andy <andi1998jamil@gmail.com>"}}
{"__type":"$$EventMessageConfirm","confirm":"d1021a1d-e0d9-43b6-95ae-3095ed2f2053","ts":"2026-07-24T17:01:06.459-05:00","source":{"id":"0","name":"eventBus"}}
{"__type":"$$EventMessageAudit","id":"bf772e8f-4d08-4139-a68a-b7924d739052","ts":"2026-07-24T17:01:29.072-05:00","eventName":"n8n.audit.workflow.executed","message":"n8n.audit.workflow.executed","payload":{"userId":"b9b1db79-eccb-44ec-a1ac-88eb796fc5f5","_email":"andi1998jamil@gmail.com","_firstName":"Jamil","_lastName":" andy","globalRole":"global:owner","workflowId":"IqhxSGlB1Zsi0TSG","workflowName":"My workflow","executionId":"147","source":"user-manual"}}
{"__type":"$$EventMessageConfirm","confirm":"bf772e8f-4d08-4139-a68a-b7924d739052","ts":"2026-07-24T17:01:29.072-05:00","source":{"id":"0","name":"eventBus"}}
{"__type":"$$EventMessageWorkflow","id":"dd6d9a13-24f6-48db-a771-f66a74aa0883","ts":"2026-07-24T17:01:29.073-05:00","eventName":"n8n.workflow.started","message":"n8n.workflow.started","payload":{"executionId":"147","workflowId":"IqhxSGlB1Zsi0TSG","isManual":false,"mode":"manual","workflowName":"My workflow","projectId":"2waiwXdPc8W3Avzz","projectName":"Jamil  andy <andi1998jamil@gmail.com>"}}
{"__type":"$$EventMessageConfirm","confirm":"dd6d9a13-24f6-48db-a771-f66a74aa0883","ts":"2026-07-24T17:01:29.073-05:00","source":{"id":"0","name":"eventBus"}}
{"__type":"$$EventMessageNode","id":"16599d3b-4149-4916-83fc-5b4b54bdadf7","ts":"2026-07-24T17:01:29.088-05:00","eventName":"n8n.node.started","message":"n8n.node.started","payload":{"workflowId":"IqhxSGlB1Zsi0TSG","workflowName":"My workflow","executionId":"147","nodeType":"n8n-nodes-base.if","nodeName":"If","nodeId":"b269a93b-d3f2-4c4b-a83f-cbe6cd854ed6"}}
{"__type":"$$EventMessageConfirm","confirm":"16599d3b-4149-4916-83fc-5b4b54bdadf7","ts":"2026-07-24T17:01:29.088-05:00","source":{"id":"0","name":"eventBus"}}
{"__type":"$$EventMessageNode","id":"4dab95c9-ec5b-4a28-a259-3ff94dcca663","ts":"2026-07-24T17:01:29.092-05:00","eventName":"n8n.node.finished","message":"n8n.node.finished","payload":{"workflowId":"IqhxSGlB1Zsi0TSG","workflowName":"My workflow","executionId":"147","nodeType":"n8n-nodes-base.if","nodeName":"If","nodeId":"b269a93b-d3f2-4c4b-a83f-cbe6cd854ed6"}}
{"__type":"$$EventMessageConfirm","confirm":"4dab95c9-ec5b-4a28-a259-3ff94dcca663","ts":"2026-07-24T17:01:29.092-05:00","source":{"id":"0","name":"eventBus"}}
{"__type":"$$EventMessageWorkflow","id":"ec624e34-08b6-4731-b0b2-e16abcf36f5f","ts":"2026-07-24T17:01:29.096-05:00","eventName":"n8n.workflow.success","message":"n8n.workflow.success","payload":{"userId":"b9b1db79-eccb-44ec-a1ac-88eb796fc5f5","executionId":"147","success":true,"isManual":true,"mode":"manual","workflowId":"IqhxSGlB1Zsi0TSG","workflowName":"My workflow","projectId":"2waiwXdPc8W3Avzz","projectName":"Jamil  andy <andi1998jamil@gmail.com>"}}
{"__type":"$$EventMessageConfirm","confirm":"ec624e34-08b6-4731-b0b2-e16abcf36f5f","ts":"2026-07-24T17:01:29.096-05:00","source":{"id":"0","name":"eventBus"}}
{"__type":"$$EventMessageAudit","id":"8e8518d9-c3e4-407a-baec-a0a9754b5abd","ts":"2026-07-24T17:01:39.473-05:00","eventName":"n8n.audit.workflow.updated","message":"n8n.audit.workflow.updated","payload":{"userId":"b9b1db79-eccb-44ec-a1ac-88eb796fc5f5","_email":"andi1998jamil@gmail.com","_firstName":"Jamil","_lastName":" andy","globalRole":"global:owner","workflowId":"IqhxSGlB1Zsi0TSG","workflowName":"My workflow"}}
{"__type":"$$EventMessageConfirm","confirm":"8e8518d9-c3e4-407a-baec-a0a9754b5abd","ts":"2026-07-24T17:01:39.473-05:00","source":{"id":"0","name":"eventBus"}}
{"__type":"$$EventMessageAudit","id":"eefb4e8f-8f02-4134-9ad5-b53786227fda","ts":"2026-07-24T17:06:45.535-05:00","eventName":"n8n.audit.workflow.updated","message":"n8n.audit.workflow.updated","payload":{"userId":"b9b1db79-eccb-44ec-a1ac-88eb796fc5f5","_email":"andi1998jamil@gmail.com","_firstName":"Jamil","_lastName":" andy","globalRole":"global:owner","workflowId":"IqhxSGlB1Zsi0TSG","workflowName":"My workflow"}}
{"__type":"$$EventMessageConfirm","confirm":"eefb4e8f-8f02-4134-9ad5-b53786227fda","ts":"2026-07-24T17:06:45.536-05:00","source":{"id":"0","name":"eventBus"}}
{"__type":"$$EventMessageAudit","id":"eb066634-0729-4a69-82ab-be20f1c9634b","ts":"2026-07-24T17:06:49.256-05:00","eventName":"n8n.audit.workflow.executed","message":"n8n.audit.workflow.executed","payload":{"userId":"b9b1db79-eccb-44ec-a1ac-88eb796fc5f5","_email":"andi1998jamil@gmail.com","_firstName":"Jamil","_lastName":" andy","globalRole":"global:owner","workflowId":"IqhxSGlB1Zsi0TSG","workflowName":"My workflow","executionId":"148","source":"user-manual"}}
{"__type":"$$EventMessageConfirm","confirm":"eb066634-0729-4a69-82ab-be20f1c9634b","ts":"2026-07-24T17:06:49.256-05:00","source":{"id":"0","name":"eventBus"}}
{"__type":"$$EventMessageWorkflow","id":"68c746a0-1ef2-432f-b5ec-78b09ed659f6","ts":"2026-07-24T17:06:49.257-05:00","eventName":"n8n.workflow.started","message":"n8n.workflow.started","payload":{"executionId":"148","workflowId":"IqhxSGlB1Zsi0TSG","isManual":false,"mode":"manual","workflowName":"My workflow","projectId":"2waiwXdPc8W3Avzz","projectName":"Jamil  andy <andi1998jamil@gmail.com>"}}
{"__type":"$$EventMessageConfirm","confirm":"68c746a0-1ef2-432f-b5ec-78b09ed659f6","ts":"2026-07-24T17:06:49.257-05:00","source":{"id":"0","name":"eventBus"}}
{"__type":"$$EventMessageNode","id":"3120e5b5-01fc-471c-8837-c3a663d5921b","ts":"2026-07-24T17:06:49.273-05:00","eventName":"n8n.node.started","message":"n8n.node.started","payload":{"workflowId":"IqhxSGlB1Zsi0TSG","workflowName":"My workflow","executionId":"148","nodeType":"n8n-nodes-base.dropbox","nodeName":"Upload a file","nodeId":"554a3672-b5c9-4fd4-a0d5-0238ab5791f7"}}
{"__type":"$$EventMessageConfirm","confirm":"3120e5b5-01fc-471c-8837-c3a663d5921b","ts":"2026-07-24T17:06:49.274-05:00","source":{"id":"0","name":"eventBus"}}
{"__type":"$$EventMessageNode","id":"4898be0d-db11-4a89-be2c-aa68753dd306","ts":"2026-07-24T17:06:54.563-05:00","eventName":"n8n.node.finished","message":"n8n.node.finished","payload":{"workflowId":"IqhxSGlB1Zsi0TSG","workflowName":"My workflow","executionId":"148","nodeType":"n8n-nodes-base.dropbox","nodeName":"Upload a file","nodeId":"554a3672-b5c9-4fd4-a0d5-0238ab5791f7"}}
{"__type":"$$EventMessageConfirm","confirm":"4898be0d-db11-4a89-be2c-aa68753dd306","ts":"2026-07-24T17:06:54.563-05:00","source":{"id":"0","name":"eventBus"}}
{"__type":"$$EventMessageWorkflow","id":"83486bab-f9f5-4c01-af50-76cbaac8659c","ts":"2026-07-24T17:06:54.567-05:00","eventName":"n8n.workflow.success","message":"n8n.workflow.success","payload":{"userId":"b9b1db79-eccb-44ec-a1ac-88eb796fc5f5","executionId":"148","success":true,"isManual":true,"mode":"manual","workflowId":"IqhxSGlB1Zsi0TSG","workflowName":"My workflow","projectId":"2waiwXdPc8W3Avzz","projectName":"Jamil  andy <andi1998jamil@gmail.com>"}}
{"__type":"$$EventMessageConfirm","confirm":"83486bab-f9f5-4c01-af50-76cbaac8659c","ts":"2026-07-24T17:06:54.567-05:00","source":{"id":"0","name":"eventBus"}}
{"__type":"$$EventMessageAudit","id":"216cbcfe-664b-4f70-b922-fa837122cf12","ts":"2026-07-24T17:10:38.205-05:00","eventName":"n8n.audit.workflow.updated","message":"n8n.audit.workflow.updated","payload":{"userId":"b9b1db79-eccb-44ec-a1ac-88eb796fc5f5","_email":"andi1998jamil@gmail.com","_firstName":"Jamil","_lastName":" andy","globalRole":"global:owner","workflowId":"IqhxSGlB1Zsi0TSG","workflowName":"My workflow"}}
{"__type":"$$EventMessageConfirm","confirm":"216cbcfe-664b-4f70-b922-fa837122cf12","ts":"2026-07-24T17:10:38.205-05:00","source":{"id":"0","name":"eventBus"}}
{"__type":"$$EventMessageAudit","id":"142cf0de-4be1-4dbc-b1dc-0bbfd85713b4","ts":"2026-07-24T17:10:38.481-05:00","eventName":"n8n.audit.workflow.updated","message":"n8n.audit.workflow.updated","payload":{"userId":"b9b1db79-eccb-44ec-a1ac-88eb796fc5f5","_email":"andi1998jamil@gmail.com","_firstName":"Jamil","_lastName":" andy","globalRole":"global:owner","workflowId":"IqhxSGlB1Zsi0TSG","workflowName":"My workflow"}}
{"__type":"$$EventMessageConfirm","confirm":"142cf0de-4be1-4dbc-b1dc-0bbfd85713b4","ts":"2026-07-24T17:10:38.482-05:00","source":{"id":"0","name":"eventBus"}}
{"__type":"$$EventMessageAudit","id":"0d7cffd6-818a-4da3-99b9-178f65a88b38","ts":"2026-07-24T17:10:39.676-05:00","eventName":"n8n.audit.workflow.executed","message":"n8n.audit.workflow.executed","payload":{"userId":"b9b1db79-eccb-44ec-a1ac-88eb796fc5f5","_email":"andi1998jamil@gmail.com","_firstName":"Jamil","_lastName":" andy","globalRole":"global:owner","workflowId":"IqhxSGlB1Zsi0TSG","workflowName":"My workflow","executionId":"149","source":"user-manual"}}
{"__type":"$$EventMessageConfirm","confirm":"0d7cffd6-818a-4da3-99b9-178f65a88b38","ts":"2026-07-24T17:10:39.676-05:00","source":{"id":"0","name":"eventBus"}}
{"__type":"$$EventMessageWorkflow","id":"8a664094-2e52-407f-b3ae-063a0a25b8cd","ts":"2026-07-24T17:10:39.676-05:00","eventName":"n8n.workflow.started","message":"n8n.workflow.started","payload":{"executionId":"149","workflowId":"IqhxSGlB1Zsi0TSG","isManual":false,"mode":"manual","workflowName":"My workflow","projectId":"2waiwXdPc8W3Avzz","projectName":"Jamil  andy <andi1998jamil@gmail.com>"}}
{"__type":"$$EventMessageConfirm","confirm":"8a664094-2e52-407f-b3ae-063a0a25b8cd","ts":"2026-07-24T17:10:39.676-05:00","source":{"id":"0","name":"eventBus"}}
{"__type":"$$EventMessageNode","id":"525505bf-0fc8-4e91-ae40-252f4860c678","ts":"2026-07-24T17:10:39.690-05:00","eventName":"n8n.node.started","message":"n8n.node.started","payload":{"workflowId":"IqhxSGlB1Zsi0TSG","workflowName":"My workflow","executionId":"149","nodeType":"n8n-nodes-base.dropbox","nodeName":"Upload a file","nodeId":"554a3672-b5c9-4fd4-a0d5-0238ab5791f7"}}
{"__type":"$$EventMessageConfirm","confirm":"525505bf-0fc8-4e91-ae40-252f4860c678","ts":"2026-07-24T17:10:39.690-05:00","source":{"id":"0","name":"eventBus"}}
{"__type":"$$EventMessageNode","id":"1cfb9310-1781-47d1-b62f-3b8f947b7fa3","ts":"2026-07-24T17:10:45.876-05:00","eventName":"n8n.node.finished","message":"n8n.node.finished","payload":{"workflowId":"IqhxSGlB1Zsi0TSG","workflowName":"My workflow","executionId":"149","nodeType":"n8n-nodes-base.dropbox","nodeName":"Upload a file","nodeId":"554a3672-b5c9-4fd4-a0d5-0238ab5791f7"}}
{"__type":"$$EventMessageConfirm","confirm":"1cfb9310-1781-47d1-b62f-3b8f947b7fa3","ts":"2026-07-24T17:10:45.876-05:00","source":{"id":"0","name":"eventBus"}}
{"__type":"$$EventMessageWorkflow","id":"669a4618-c45a-46cd-867a-103d5c916e17","ts":"2026-07-24T17:10:45.881-05:00","eventName":"n8n.workflow.success","message":"n8n.workflow.success","payload":{"userId":"b9b1db79-eccb-44ec-a1ac-88eb796fc5f5","executionId":"149","success":true,"isManual":true,"mode":"manual","workflowId":"IqhxSGlB1Zsi0TSG","workflowName":"My workflow","projectId":"2waiwXdPc8W3Avzz","projectName":"Jamil  andy <andi1998jamil@gmail.com>"}}
{"__type":"$$EventMessageConfirm","confirm":"669a4618-c45a-46cd-867a-103d5c916e17","ts":"2026-07-24T17:10:45.881-05:00","source":{"id":"0","name":"eventBus"}}
{"__type":"$$EventMessageAudit","id":"ea4fe4ea-a0e8-4fc4-b487-bf76d2a25d76","ts":"2026-07-24T17:12:23.828-05:00","eventName":"n8n.audit.workflow.updated","message":"n8n.audit.workflow.updated","payload":{"userId":"b9b1db79-eccb-44ec-a1ac-88eb796fc5f5","_email":"andi1998jamil@gmail.com","_firstName":"Jamil","_lastName":" andy","globalRole":"global:owner","workflowId":"IqhxSGlB1Zsi0TSG","workflowName":"My workflow"}}
{"__type":"$$EventMessageConfirm","confirm":"ea4fe4ea-a0e8-4fc4-b487-bf76d2a25d76","ts":"2026-07-24T17:12:23.829-05:00","source":{"id":"0","name":"eventBus"}}
{"__type":"$$EventMessageAudit","id":"28a2c352-abe8-48be-a508-35483fccdad6","ts":"2026-07-24T17:12:37.364-05:00","eventName":"n8n.audit.workflow.executed","message":"n8n.audit.workflow.executed","payload":{"userId":"b9b1db79-eccb-44ec-a1ac-88eb796fc5f5","_email":"andi1998jamil@gmail.com","_firstName":"Jamil","_lastName":" andy","globalRole":"global:owner","workflowId":"IqhxSGlB1Zsi0TSG","workflowName":"My workflow","executionId":"150","source":"user-manual"}}
{"__type":"$$EventMessageConfirm","confirm":"28a2c352-abe8-48be-a508-35483fccdad6","ts":"2026-07-24T17:12:37.364-05:00","source":{"id":"0","name":"eventBus"}}
{"__type":"$$EventMessageWorkflow","id":"b34851bf-997e-4f23-b0b3-4d1519323597","ts":"2026-07-24T17:12:37.365-05:00","eventName":"n8n.workflow.started","message":"n8n.workflow.started","payload":{"executionId":"150","workflowId":"IqhxSGlB1Zsi0TSG","isManual":false,"mode":"manual","workflowName":"My workflow","projectId":"2waiwXdPc8W3Avzz","projectName":"Jamil  andy <andi1998jamil@gmail.com>"}}
{"__type":"$$EventMessageConfirm","confirm":"b34851bf-997e-4f23-b0b3-4d1519323597","ts":"2026-07-24T17:12:37.365-05:00","source":{"id":"0","name":"eventBus"}}
{"__type":"$$EventMessageNode","id":"0ca73b63-9728-488a-93bd-433bbfdac6a8","ts":"2026-07-24T17:12:37.377-05:00","eventName":"n8n.node.started","message":"n8n.node.started","payload":{"workflowId":"IqhxSGlB1Zsi0TSG","workflowName":"My workflow","executionId":"150","nodeType":"n8n-nodes-base.extractFromFile","nodeName":"Extract from File","nodeId":"23beaba0-277c-41d9-ade9-ee9f9ad5efe9"}}
{"__type":"$$EventMessageConfirm","confirm":"0ca73b63-9728-488a-93bd-433bbfdac6a8","ts":"2026-07-24T17:12:37.377-05:00","source":{"id":"0","name":"eventBus"}}
{"__type":"$$EventMessageNode","id":"533c793a-3b05-4e11-b305-255bcd14e9f3","ts":"2026-07-24T17:12:37.386-05:00","eventName":"n8n.node.finished","message":"n8n.node.finished","payload":{"workflowId":"IqhxSGlB1Zsi0TSG","workflowName":"My workflow","executionId":"150","nodeType":"n8n-nodes-base.extractFromFile","nodeName":"Extract from File","nodeId":"23beaba0-277c-41d9-ade9-ee9f9ad5efe9"}}
{"__type":"$$EventMessageConfirm","confirm":"533c793a-3b05-4e11-b305-255bcd14e9f3","ts":"2026-07-24T17:12:37.386-05:00","source":{"id":"0","name":"eventBus"}}
{"__type":"$$EventMessageWorkflow","id":"954212bc-7a9c-47c0-8481-b14da99620a4","ts":"2026-07-24T17:12:37.392-05:00","eventName":"n8n.workflow.failed","message":"n8n.workflow.failed","payload":{"userId":"b9b1db79-eccb-44ec-a1ac-88eb796fc5f5","executionId":"150","success":false,"isManual":true,"mode":"manual","workflowId":"IqhxSGlB1Zsi0TSG","workflowName":"My workflow","projectId":"2waiwXdPc8W3Avzz","projectName":"Jamil  andy <andi1998jamil@gmail.com>","lastNodeExecuted":"Extract from File","errorNodeType":"n8n-nodes-base.extractFromFile","errorMessage":"This operation expects the node's input data to contain a binary file 'data', but none was found [item 0]"}}
{"__type":"$$EventMessageConfirm","confirm":"954212bc-7a9c-47c0-8481-b14da99620a4","ts":"2026-07-24T17:12:37.392-05:00","source":{"id":"0","name":"eventBus"}}
{"__type":"$$EventMessageAudit","id":"2b17f2fe-67b4-44a9-9e16-b153c3d78baf","ts":"2026-07-24T17:14:44.371-05:00","eventName":"n8n.audit.workflow.updated","message":"n8n.audit.workflow.updated","payload":{"userId":"b9b1db79-eccb-44ec-a1ac-88eb796fc5f5","_email":"andi1998jamil@gmail.com","_firstName":"Jamil","_lastName":" andy","globalRole":"global:owner","workflowId":"IqhxSGlB1Zsi0TSG","workflowName":"My workflow"}}
{"__type":"$$EventMessageConfirm","confirm":"2b17f2fe-67b4-44a9-9e16-b153c3d78baf","ts":"2026-07-24T17:14:44.372-05:00","source":{"id":"0","name":"eventBus"}}
{"__type":"$$EventMessageAudit","id":"a45f2770-6a97-4023-abef-f0cb4cf5641b","ts":"2026-07-24T17:14:47.531-05:00","eventName":"n8n.audit.workflow.updated","message":"n8n.audit.workflow.updated","payload":{"userId":"b9b1db79-eccb-44ec-a1ac-88eb796fc5f5","_email":"andi1998jamil@gmail.com","_firstName":"Jamil","_lastName":" andy","globalRole":"global:owner","workflowId":"IqhxSGlB1Zsi0TSG","workflowName":"My workflow"}}
{"__type":"$$EventMessageConfirm","confirm":"a45f2770-6a97-4023-abef-f0cb4cf5641b","ts":"2026-07-24T17:14:47.531-05:00","source":{"id":"0","name":"eventBus"}}
{"__type":"$$EventMessageAudit","id":"d2ff1cde-1faf-4700-a9f2-5392501dcc8e","ts":"2026-07-24T17:14:50.355-05:00","eventName":"n8n.audit.workflow.updated","message":"n8n.audit.workflow.updated","payload":{"userId":"b9b1db79-eccb-44ec-a1ac-88eb796fc5f5","_email":"andi1998jamil@gmail.com","_firstName":"Jamil","_lastName":" andy","globalRole":"global:owner","workflowId":"IqhxSGlB1Zsi0TSG","workflowName":"My workflow"}}
{"__type":"$$EventMessageConfirm","confirm":"d2ff1cde-1faf-4700-a9f2-5392501dcc8e","ts":"2026-07-24T17:14:50.355-05:00","source":{"id":"0","name":"eventBus"}}
{"__type":"$$EventMessageAudit","id":"53617077-a4b7-45a3-8840-1c68d2822849","ts":"2026-07-24T17:14:52.180-05:00","eventName":"n8n.audit.workflow.updated","message":"n8n.audit.workflow.updated","payload":{"userId":"b9b1db79-eccb-44ec-a1ac-88eb796fc5f5","_email":"andi1998jamil@gmail.com","_firstName":"Jamil","_lastName":" andy","globalRole":"global:owner","workflowId":"IqhxSGlB1Zsi0TSG","workflowName":"My workflow"}}
{"__type":"$$EventMessageConfirm","confirm":"53617077-a4b7-45a3-8840-1c68d2822849","ts":"2026-07-24T17:14:52.181-05:00","source":{"id":"0","name":"eventBus"}}
{"__type":"$$EventMessageAudit","id":"ebeb048f-5393-48bc-a13a-134025271828","ts":"2026-07-24T17:14:54.550-05:00","eventName":"n8n.audit.workflow.updated","message":"n8n.audit.workflow.updated","payload":{"userId":"b9b1db79-eccb-44ec-a1ac-88eb796fc5f5","_email":"andi1998jamil@gmail.com","_firstName":"Jamil","_lastName":" andy","globalRole":"global:owner","workflowId":"IqhxSGlB1Zsi0TSG","workflowName":"My workflow"}}
{"__type":"$$EventMessageConfirm","confirm":"ebeb048f-5393-48bc-a13a-134025271828","ts":"2026-07-24T17:14:54.550-05:00","source":{"id":"0","name":"eventBus"}}
{"__type":"$$EventMessageAudit","id":"0802c093-7719-433c-a058-ba51598d62a1","ts":"2026-07-24T17:14:56.784-05:00","eventName":"n8n.audit.workflow.updated","message":"n8n.audit.workflow.updated","payload":{"userId":"b9b1db79-eccb-44ec-a1ac-88eb796fc5f5","_email":"andi1998jamil@gmail.com","_firstName":"Jamil","_lastName":" andy","globalRole":"global:owner","workflowId":"IqhxSGlB1Zsi0TSG","workflowName":"My workflow"}}
{"__type":"$$EventMessageConfirm","confirm":"0802c093-7719-433c-a058-ba51598d62a1","ts":"2026-07-24T17:14:56.784-05:00","source":{"id":"0","name":"eventBus"}}
{"__type":"$$EventMessageAudit","id":"1a714d6f-b9b2-4444-8061-119ab6da7b00","ts":"2026-07-24T17:14:59.678-05:00","eventName":"n8n.audit.workflow.updated","message":"n8n.audit.workflow.updated","payload":{"userId":"b9b1db79-eccb-44ec-a1ac-88eb796fc5f5","_email":"andi1998jamil@gmail.com","_firstName":"Jamil","_lastName":" andy","globalRole":"global:owner","workflowId":"IqhxSGlB1Zsi0TSG","workflowName":"My workflow"}}
{"__type":"$$EventMessageConfirm","confirm":"1a714d6f-b9b2-4444-8061-119ab6da7b00","ts":"2026-07-24T17:14:59.679-05:00","source":{"id":"0","name":"eventBus"}}
{"__type":"$$EventMessageAudit","id":"c0a0d844-3493-4a68-9242-a45eb31ea82e","ts":"2026-07-24T17:15:01.488-05:00","eventName":"n8n.audit.workflow.updated","message":"n8n.audit.workflow.updated","payload":{"userId":"b9b1db79-eccb-44ec-a1ac-88eb796fc5f5","_email":"andi1998jamil@gmail.com","_firstName":"Jamil","_lastName":" andy","globalRole":"global:owner","workflowId":"IqhxSGlB1Zsi0TSG","workflowName":"My workflow"}}
{"__type":"$$EventMessageConfirm","confirm":"c0a0d844-3493-4a68-9242-a45eb31ea82e","ts":"2026-07-24T17:15:01.489-05:00","source":{"id":"0","name":"eventBus"}}
{"__type":"$$EventMessageAudit","id":"435fa1df-8770-406e-a32e-438fa78d8f1e","ts":"2026-07-24T17:15:17.402-05:00","eventName":"n8n.audit.workflow.updated","message":"n8n.audit.workflow.updated","payload":{"userId":"b9b1db79-eccb-44ec-a1ac-88eb796fc5f5","_email":"andi1998jamil@gmail.com","_firstName":"Jamil","_lastName":" andy","globalRole":"global:owner","workflowId":"IqhxSGlB1Zsi0TSG","workflowName":"My workflow"}}
{"__type":"$$EventMessageConfirm","confirm":"435fa1df-8770-406e-a32e-438fa78d8f1e","ts":"2026-07-24T17:15:17.403-05:00","source":{"id":"0","name":"eventBus"}}
{"__type":"$$EventMessageAudit","id":"c86a536b-ce2b-436a-98fd-e088c9ad824d","ts":"2026-07-24T17:15:19.413-05:00","eventName":"n8n.audit.workflow.updated","message":"n8n.audit.workflow.updated","payload":{"userId":"b9b1db79-eccb-44ec-a1ac-88eb796fc5f5","_email":"andi1998jamil@gmail.com","_firstName":"Jamil","_lastName":" andy","globalRole":"global:owner","workflowId":"IqhxSGlB1Zsi0TSG","workflowName":"My workflow"}}
{"__type":"$$EventMessageConfirm","confirm":"c86a536b-ce2b-436a-98fd-e088c9ad824d","ts":"2026-07-24T17:15:19.413-05:00","source":{"id":"0","name":"eventBus"}}
{"__type":"$$EventMessageAudit","id":"7b4cc6b6-750d-4cc0-a9cf-f9261a8341ae","ts":"2026-07-24T17:15:24.853-05:00","eventName":"n8n.audit.workflow.updated","message":"n8n.audit.workflow.updated","payload":{"userId":"b9b1db79-eccb-44ec-a1ac-88eb796fc5f5","_email":"andi1998jamil@gmail.com","_firstName":"Jamil","_lastName":" andy","globalRole":"global:owner","workflowId":"IqhxSGlB1Zsi0TSG","workflowName":"My workflow"}}
{"__type":"$$EventMessageConfirm","confirm":"7b4cc6b6-750d-4cc0-a9cf-f9261a8341ae","ts":"2026-07-24T17:15:24.853-05:00","source":{"id":"0","name":"eventBus"}}
{"__type":"$$EventMessageAudit","id":"1146667d-567c-4406-964e-f643665e321d","ts":"2026-07-24T17:15:26.670-05:00","eventName":"n8n.audit.workflow.updated","message":"n8n.audit.workflow.updated","payload":{"userId":"b9b1db79-eccb-44ec-a1ac-88eb796fc5f5","_email":"andi1998jamil@gmail.com","_firstName":"Jamil","_lastName":" andy","globalRole":"global:owner","workflowId":"IqhxSGlB1Zsi0TSG","workflowName":"My workflow"}}
{"__type":"$$EventMessageConfirm","confirm":"1146667d-567c-4406-964e-f643665e321d","ts":"2026-07-24T17:15:26.670-05:00","source":{"id":"0","name":"eventBus"}}
{"__type":"$$EventMessageAudit","id":"4ddb856f-3cd2-424e-bc73-07fe65d4bd9c","ts":"2026-07-24T17:15:29.331-05:00","eventName":"n8n.audit.workflow.updated","message":"n8n.audit.workflow.updated","payload":{"userId":"b9b1db79-eccb-44ec-a1ac-88eb796fc5f5","_email":"andi1998jamil@gmail.com","_firstName":"Jamil","_lastName":" andy","globalRole":"global:owner","workflowId":"IqhxSGlB1Zsi0TSG","workflowName":"My workflow"}}
{"__type":"$$EventMessageConfirm","confirm":"4ddb856f-3cd2-424e-bc73-07fe65d4bd9c","ts":"2026-07-24T17:15:29.331-05:00","source":{"id":"0","name":"eventBus"}}
{"__type":"$$EventMessageAudit","id":"fd39f2c9-2ba4-42b0-9a75-003b5afef198","ts":"2026-07-24T17:15:43.010-05:00","eventName":"n8n.audit.workflow.updated","message":"n8n.audit.workflow.updated","payload":{"userId":"b9b1db79-eccb-44ec-a1ac-88eb796fc5f5","_email":"andi1998jamil@gmail.com","_firstName":"Jamil","_lastName":" andy","globalRole":"global:owner","workflowId":"IqhxSGlB1Zsi0TSG","workflowName":"My workflow"}}
{"__type":"$$EventMessageConfirm","confirm":"fd39f2c9-2ba4-42b0-9a75-003b5afef198","ts":"2026-07-24T17:15:43.010-05:00","source":{"id":"0","name":"eventBus"}}
{"__type":"$$EventMessageAudit","id":"b1f13621-6bc4-448e-a1f2-db6313a6dffe","ts":"2026-07-24T17:15:51.534-05:00","eventName":"n8n.audit.workflow.updated","message":"n8n.audit.workflow.updated","payload":{"userId":"b9b1db79-eccb-44ec-a1ac-88eb796fc5f5","_email":"andi1998jamil@gmail.com","_firstName":"Jamil","_lastName":" andy","globalRole":"global:owner","workflowId":"IqhxSGlB1Zsi0TSG","workflowName":"My workflow"}}
{"__type":"$$EventMessageConfirm","confirm":"b1f13621-6bc4-448e-a1f2-db6313a6dffe","ts":"2026-07-24T17:15:51.535-05:00","source":{"id":"0","name":"eventBus"}}
{"__type":"$$EventMessageAudit","id":"25cf6b8e-9cdb-495d-8a88-c9522891b91d","ts":"2026-07-24T17:16:24.076-05:00","eventName":"n8n.audit.workflow.updated","message":"n8n.audit.workflow.updated","payload":{"userId":"b9b1db79-eccb-44ec-a1ac-88eb796fc5f5","_email":"andi1998jamil@gmail.com","_firstName":"Jamil","_lastName":" andy","globalRole":"global:owner","workflowId":"IqhxSGlB1Zsi0TSG","workflowName":"My workflow"}}
{"__type":"$$EventMessageConfirm","confirm":"25cf6b8e-9cdb-495d-8a88-c9522891b91d","ts":"2026-07-24T17:16:24.077-05:00","source":{"id":"0","name":"eventBus"}}
{"__type":"$$EventMessageAudit","id":"be299d90-f6a1-440f-b1c3-1745585ad515","ts":"2026-07-24T17:16:29.073-05:00","eventName":"n8n.audit.workflow.updated","message":"n8n.audit.workflow.updated","payload":{"userId":"b9b1db79-eccb-44ec-a1ac-88eb796fc5f5","_email":"andi1998jamil@gmail.com","_firstName":"Jamil","_lastName":" andy","globalRole":"global:owner","workflowId":"IqhxSGlB1Zsi0TSG","workflowName":"My workflow"}}
{"__type":"$$EventMessageConfirm","confirm":"be299d90-f6a1-440f-b1c3-1745585ad515","ts":"2026-07-24T17:16:29.073-05:00","source":{"id":"0","name":"eventBus"}}
{"__type":"$$EventMessageAudit","id":"edc6e4fb-1da6-499d-b7f2-c83cc946d934","ts":"2026-07-24T17:16:34.057-05:00","eventName":"n8n.audit.workflow.updated","message":"n8n.audit.workflow.updated","payload":{"userId":"b9b1db79-eccb-44ec-a1ac-88eb796fc5f5","_email":"andi1998jamil@gmail.com","_firstName":"Jamil","_lastName":" andy","globalRole":"global:owner","workflowId":"IqhxSGlB1Zsi0TSG","workflowName":"My workflow"}}
{"__type":"$$EventMessageConfirm","confirm":"edc6e4fb-1da6-499d-b7f2-c83cc946d934","ts":"2026-07-24T17:16:34.057-05:00","source":{"id":"0","name":"eventBus"}}
{"__type":"$$EventMessageAudit","id":"ebd6a01f-f51c-4eb3-92bc-b4e59eb5a5f4","ts":"2026-07-24T17:16:38.697-05:00","eventName":"n8n.audit.workflow.updated","message":"n8n.audit.workflow.updated","payload":{"userId":"b9b1db79-eccb-44ec-a1ac-88eb796fc5f5","_email":"andi1998jamil@gmail.com","_firstName":"Jamil","_lastName":" andy","globalRole":"global:owner","workflowId":"IqhxSGlB1Zsi0TSG","workflowName":"My workflow"}}
{"__type":"$$EventMessageConfirm","confirm":"ebd6a01f-f51c-4eb3-92bc-b4e59eb5a5f4","ts":"2026-07-24T17:16:38.697-05:00","source":{"id":"0","name":"eventBus"}}
{"__type":"$$EventMessageAudit","id":"5d9e19ea-5aff-4bec-8de3-415724d29926","ts":"2026-07-24T17:16:40.883-05:00","eventName":"n8n.audit.workflow.updated","message":"n8n.audit.workflow.updated","payload":{"userId":"b9b1db79-eccb-44ec-a1ac-88eb796fc5f5","_email":"andi1998jamil@gmail.com","_firstName":"Jamil","_lastName":" andy","globalRole":"global:owner","workflowId":"IqhxSGlB1Zsi0TSG","workflowName":"My workflow"}}
{"__type":"$$EventMessageConfirm","confirm":"5d9e19ea-5aff-4bec-8de3-415724d29926","ts":"2026-07-24T17:16:40.883-05:00","source":{"id":"0","name":"eventBus"}}
{"__type":"$$EventMessageAudit","id":"ab51ec3f-94e1-444a-a32a-69b90f59e6d9","ts":"2026-07-24T17:16:48.577-05:00","eventName":"n8n.audit.workflow.updated","message":"n8n.audit.workflow.updated","payload":{"userId":"b9b1db79-eccb-44ec-a1ac-88eb796fc5f5","_email":"andi1998jamil@gmail.com","_firstName":"Jamil","_lastName":" andy","globalRole":"global:owner","workflowId":"IqhxSGlB1Zsi0TSG","workflowName":"My workflow"}}
{"__type":"$$EventMessageConfirm","confirm":"ab51ec3f-94e1-444a-a32a-69b90f59e6d9","ts":"2026-07-24T17:16:48.577-05:00","source":{"id":"0","name":"eventBus"}}
{"__type":"$$EventMessageAudit","id":"d359d03b-efe7-4eb9-9783-0d81450985fa","ts":"2026-07-24T17:16:52.792-05:00","eventName":"n8n.audit.workflow.updated","message":"n8n.audit.workflow.updated","payload":{"userId":"b9b1db79-eccb-44ec-a1ac-88eb796fc5f5","_email":"andi1998jamil@gmail.com","_firstName":"Jamil","_lastName":" andy","globalRole":"global:owner","workflowId":"IqhxSGlB1Zsi0TSG","workflowName":"My workflow"}}
{"__type":"$$EventMessageConfirm","confirm":"d359d03b-efe7-4eb9-9783-0d81450985fa","ts":"2026-07-24T17:16:52.793-05:00","source":{"id":"0","name":"eventBus"}}
{"__type":"$$EventMessageAudit","id":"185d2635-e020-405f-9dcb-97e247179fc1","ts":"2026-07-24T17:16:54.800-05:00","eventName":"n8n.audit.workflow.updated","message":"n8n.audit.workflow.updated","payload":{"userId":"b9b1db79-eccb-44ec-a1ac-88eb796fc5f5","_email":"andi1998jamil@gmail.com","_firstName":"Jamil","_lastName":" andy","globalRole":"global:owner","workflowId":"IqhxSGlB1Zsi0TSG","workflowName":"My workflow"}}
{"__type":"$$EventMessageConfirm","confirm":"185d2635-e020-405f-9dcb-97e247179fc1","ts":"2026-07-24T17:16:54.800-05:00","source":{"id":"0","name":"eventBus"}}
{"__type":"$$EventMessageAudit","id":"f3764df8-4ff5-414c-b031-cbdf0c925092","ts":"2026-07-24T17:17:00.701-05:00","eventName":"n8n.audit.workflow.updated","message":"n8n.audit.workflow.updated","payload":{"userId":"b9b1db79-eccb-44ec-a1ac-88eb796fc5f5","_email":"andi1998jamil@gmail.com","_firstName":"Jamil","_lastName":" andy","globalRole":"global:owner","workflowId":"IqhxSGlB1Zsi0TSG","workflowName":"My workflow"}}
{"__type":"$$EventMessageConfirm","confirm":"f3764df8-4ff5-414c-b031-cbdf0c925092","ts":"2026-07-24T17:17:00.701-05:00","source":{"id":"0","name":"eventBus"}}
{"__type":"$$EventMessageAudit","id":"df47a1ed-81a6-4fd8-bcf2-1a8471ae6a85","ts":"2026-07-24T17:17:02.497-05:00","eventName":"n8n.audit.workflow.updated","message":"n8n.audit.workflow.updated","payload":{"userId":"b9b1db79-eccb-44ec-a1ac-88eb796fc5f5","_email":"andi1998jamil@gmail.com","_firstName":"Jamil","_lastName":" andy","globalRole":"global:owner","workflowId":"IqhxSGlB1Zsi0TSG","workflowName":"My workflow"}}
{"__type":"$$EventMessageConfirm","confirm":"df47a1ed-81a6-4fd8-bcf2-1a8471ae6a85","ts":"2026-07-24T17:17:02.498-05:00","source":{"id":"0","name":"eventBus"}}
{"__type":"$$EventMessageAudit","id":"c10882f1-cc65-4cd4-8d1b-f363f2f899d4","ts":"2026-07-24T17:17:04.286-05:00","eventName":"n8n.audit.workflow.updated","message":"n8n.audit.workflow.updated","payload":{"userId":"b9b1db79-eccb-44ec-a1ac-88eb796fc5f5","_email":"andi1998jamil@gmail.com","_firstName":"Jamil","_lastName":" andy","globalRole":"global:owner","workflowId":"IqhxSGlB1Zsi0TSG","workflowName":"My workflow"}}
{"__type":"$$EventMessageConfirm","confirm":"c10882f1-cc65-4cd4-8d1b-f363f2f899d4","ts":"2026-07-24T17:17:04.287-05:00","source":{"id":"0","name":"eventBus"}}
{"__type":"$$EventMessageAudit","id":"48526f60-ee01-4b3a-b896-6b301ae8c3c9","ts":"2026-07-24T17:17:08.313-05:00","eventName":"n8n.audit.workflow.updated","message":"n8n.audit.workflow.updated","payload":{"userId":"b9b1db79-eccb-44ec-a1ac-88eb796fc5f5","_email":"andi1998jamil@gmail.com","_firstName":"Jamil","_lastName":" andy","globalRole":"global:owner","workflowId":"IqhxSGlB1Zsi0TSG","workflowName":"My workflow"}}
{"__type":"$$EventMessageConfirm","confirm":"48526f60-ee01-4b3a-b896-6b301ae8c3c9","ts":"2026-07-24T17:17:08.313-05:00","source":{"id":"0","name":"eventBus"}}
{"__type":"$$EventMessageAudit","id":"62a3160d-2d85-48a8-bab9-e80de86b8c2f","ts":"2026-07-24T17:17:10.449-05:00","eventName":"n8n.audit.workflow.updated","message":"n8n.audit.workflow.updated","payload":{"userId":"b9b1db79-eccb-44ec-a1ac-88eb796fc5f5","_email":"andi1998jamil@gmail.com","_firstName":"Jamil","_lastName":" andy","globalRole":"global:owner","workflowId":"IqhxSGlB1Zsi0TSG","workflowName":"My workflow"}}
{"__type":"$$EventMessageConfirm","confirm":"62a3160d-2d85-48a8-bab9-e80de86b8c2f","ts":"2026-07-24T17:17:10.449-05:00","source":{"id":"0","name":"eventBus"}}
{"__type":"$$EventMessageAudit","id":"14261af7-207e-4fdb-b504-1ffad64f05ee","ts":"2026-07-24T17:17:12.245-05:00","eventName":"n8n.audit.workflow.updated","message":"n8n.audit.workflow.updated","payload":{"userId":"b9b1db79-eccb-44ec-a1ac-88eb796fc5f5","_email":"andi1998jamil@gmail.com","_firstName":"Jamil","_lastName":" andy","globalRole":"global:owner","workflowId":"IqhxSGlB1Zsi0TSG","workflowName":"My workflow"}}
{"__type":"$$EventMessageConfirm","confirm":"14261af7-207e-4fdb-b504-1ffad64f05ee","ts":"2026-07-24T17:17:12.245-05:00","source":{"id":"0","name":"eventBus"}}
{"__type":"$$EventMessageAudit","id":"0b1de7e1-660e-4d94-97a0-3dfe711fe65a","ts":"2026-07-24T17:17:14.285-05:00","eventName":"n8n.audit.workflow.updated","message":"n8n.audit.workflow.updated","payload":{"userId":"b9b1db79-eccb-44ec-a1ac-88eb796fc5f5","_email":"andi1998jamil@gmail.com","_firstName":"Jamil","_lastName":" andy","globalRole":"global:owner","workflowId":"IqhxSGlB1Zsi0TSG","workflowName":"My workflow"}}
{"__type":"$$EventMessageConfirm","confirm":"0b1de7e1-660e-4d94-97a0-3dfe711fe65a","ts":"2026-07-24T17:17:14.285-05:00","source":{"id":"0","name":"eventBus"}}
{"__type":"$$EventMessageAudit","id":"70a47fc8-eff6-428c-93bb-337b7ad3332f","ts":"2026-07-24T17:17:17.297-05:00","eventName":"n8n.audit.workflow.updated","message":"n8n.audit.workflow.updated","payload":{"userId":"b9b1db79-eccb-44ec-a1ac-88eb796fc5f5","_email":"andi1998jamil@gmail.com","_firstName":"Jamil","_lastName":" andy","globalRole":"global:owner","workflowId":"IqhxSGlB1Zsi0TSG","workflowName":"My workflow"}}
{"__type":"$$EventMessageConfirm","confirm":"70a47fc8-eff6-428c-93bb-337b7ad3332f","ts":"2026-07-24T17:17:17.297-05:00","source":{"id":"0","name":"eventBus"}}
{"__type":"$$EventMessageAudit","id":"4301bff8-a6ec-4551-927c-18bae4d41cdf","ts":"2026-07-24T17:17:20.440-05:00","eventName":"n8n.audit.workflow.updated","message":"n8n.audit.workflow.updated","payload":{"userId":"b9b1db79-eccb-44ec-a1ac-88eb796fc5f5","_email":"andi1998jamil@gmail.com","_firstName":"Jamil","_lastName":" andy","globalRole":"global:owner","workflowId":"IqhxSGlB1Zsi0TSG","workflowName":"My workflow"}}
{"__type":"$$EventMessageConfirm","confirm":"4301bff8-a6ec-4551-927c-18bae4d41cdf","ts":"2026-07-24T17:17:20.440-05:00","source":{"id":"0","name":"eventBus"}}
{"__type":"$$EventMessageAudit","id":"ca0e9423-7ee0-4d73-992e-a04eec4df944","ts":"2026-07-24T17:17:22.729-05:00","eventName":"n8n.audit.workflow.updated","message":"n8n.audit.workflow.updated","payload":{"userId":"b9b1db79-eccb-44ec-a1ac-88eb796fc5f5","_email":"andi1998jamil@gmail.com","_firstName":"Jamil","_lastName":" andy","globalRole":"global:owner","workflowId":"IqhxSGlB1Zsi0TSG","workflowName":"My workflow"}}
{"__type":"$$EventMessageConfirm","confirm":"ca0e9423-7ee0-4d73-992e-a04eec4df944","ts":"2026-07-24T17:17:22.729-05:00","source":{"id":"0","name":"eventBus"}}
{"__type":"$$EventMessageAudit","id":"afb2acd0-c039-4b9d-bbaf-9f67494b5c97","ts":"2026-07-24T17:17:28.407-05:00","eventName":"n8n.audit.workflow.updated","message":"n8n.audit.workflow.updated","payload":{"userId":"b9b1db79-eccb-44ec-a1ac-88eb796fc5f5","_email":"andi1998jamil@gmail.com","_firstName":"Jamil","_lastName":" andy","globalRole":"global:owner","workflowId":"IqhxSGlB1Zsi0TSG","workflowName":"My workflow"}}
{"__type":"$$EventMessageConfirm","confirm":"afb2acd0-c039-4b9d-bbaf-9f67494b5c97","ts":"2026-07-24T17:17:28.407-05:00","source":{"id":"0","name":"eventBus"}}
{"__type":"$$EventMessageAudit","id":"719dfb4a-dfa5-4f65-b6cd-b02d3dc688ff","ts":"2026-07-24T17:17:31.655-05:00","eventName":"n8n.audit.workflow.updated","message":"n8n.audit.workflow.updated","payload":{"userId":"b9b1db79-eccb-44ec-a1ac-88eb796fc5f5","_email":"andi1998jamil@gmail.com","_firstName":"Jamil","_lastName":" andy","globalRole":"global:owner","workflowId":"IqhxSGlB1Zsi0TSG","workflowName":"My workflow"}}
{"__type":"$$EventMessageConfirm","confirm":"719dfb4a-dfa5-4f65-b6cd-b02d3dc688ff","ts":"2026-07-24T17:17:31.655-05:00","source":{"id":"0","name":"eventBus"}}
{"__type":"$$EventMessageAudit","id":"48bb9e50-85b7-451a-acaa-a38d0ea4f616","ts":"2026-07-24T17:17:35.974-05:00","eventName":"n8n.audit.workflow.updated","message":"n8n.audit.workflow.updated","payload":{"userId":"b9b1db79-eccb-44ec-a1ac-88eb796fc5f5","_email":"andi1998jamil@gmail.com","_firstName":"Jamil","_lastName":" andy","globalRole":"global:owner","workflowId":"IqhxSGlB1Zsi0TSG","workflowName":"My workflow"}}
{"__type":"$$EventMessageConfirm","confirm":"48bb9e50-85b7-451a-acaa-a38d0ea4f616","ts":"2026-07-24T17:17:35.974-05:00","source":{"id":"0","name":"eventBus"}}
{"__type":"$$EventMessageAudit","id":"53652f55-3333-4e21-ba81-09ef5bdd5cbd","ts":"2026-07-24T17:17:40.118-05:00","eventName":"n8n.audit.workflow.updated","message":"n8n.audit.workflow.updated","payload":{"userId":"b9b1db79-eccb-44ec-a1ac-88eb796fc5f5","_email":"andi1998jamil@gmail.com","_firstName":"Jamil","_lastName":" andy","globalRole":"global:owner","workflowId":"IqhxSGlB1Zsi0TSG","workflowName":"My workflow"}}
{"__type":"$$EventMessageConfirm","confirm":"53652f55-3333-4e21-ba81-09ef5bdd5cbd","ts":"2026-07-24T17:17:40.118-05:00","source":{"id":"0","name":"eventBus"}}
{"__type":"$$EventMessageAudit","id":"532fc184-d0f8-4244-9bae-938450e0577a","ts":"2026-07-24T17:17:41.919-05:00","eventName":"n8n.audit.workflow.updated","message":"n8n.audit.workflow.updated","payload":{"userId":"b9b1db79-eccb-44ec-a1ac-88eb796fc5f5","_email":"andi1998jamil@gmail.com","_firstName":"Jamil","_lastName":" andy","globalRole":"global:owner","workflowId":"IqhxSGlB1Zsi0TSG","workflowName":"My workflow"}}
{"__type":"$$EventMessageConfirm","confirm":"532fc184-d0f8-4244-9bae-938450e0577a","ts":"2026-07-24T17:17:41.919-05:00","source":{"id":"0","name":"eventBus"}}
{"__type":"$$EventMessageAudit","id":"27ec2518-eece-48a2-a862-95bdea3cd7c1","ts":"2026-07-24T17:17:43.739-05:00","eventName":"n8n.audit.workflow.updated","message":"n8n.audit.workflow.updated","payload":{"userId":"b9b1db79-eccb-44ec-a1ac-88eb796fc5f5","_email":"andi1998jamil@gmail.com","_firstName":"Jamil","_lastName":" andy","globalRole":"global:owner","workflowId":"IqhxSGlB1Zsi0TSG","workflowName":"My workflow"}}
{"__type":"$$EventMessageConfirm","confirm":"27ec2518-eece-48a2-a862-95bdea3cd7c1","ts":"2026-07-24T17:17:43.739-05:00","source":{"id":"0","name":"eventBus"}}
{"__type":"$$EventMessageAudit","id":"d5502e27-0eef-4906-82ef-6e1cfc559bcb","ts":"2026-07-24T17:17:46.036-05:00","eventName":"n8n.audit.workflow.updated","message":"n8n.audit.workflow.updated","payload":{"userId":"b9b1db79-eccb-44ec-a1ac-88eb796fc5f5","_email":"andi1998jamil@gmail.com","_firstName":"Jamil","_lastName":" andy","globalRole":"global:owner","workflowId":"IqhxSGlB1Zsi0TSG","workflowName":"My workflow"}}
{"__type":"$$EventMessageConfirm","confirm":"d5502e27-0eef-4906-82ef-6e1cfc559bcb","ts":"2026-07-24T17:17:46.036-05:00","source":{"id":"0","name":"eventBus"}}
{"__type":"$$EventMessageAudit","id":"32acf29f-8458-4347-8182-acd2892946a3","ts":"2026-07-24T17:17:50.463-05:00","eventName":"n8n.audit.workflow.updated","message":"n8n.audit.workflow.updated","payload":{"userId":"b9b1db79-eccb-44ec-a1ac-88eb796fc5f5","_email":"andi1998jamil@gmail.com","_firstName":"Jamil","_lastName":" andy","globalRole":"global:owner","workflowId":"IqhxSGlB1Zsi0TSG","workflowName":"My workflow"}}
{"__type":"$$EventMessageConfirm","confirm":"32acf29f-8458-4347-8182-acd2892946a3","ts":"2026-07-24T17:17:50.463-05:00","source":{"id":"0","name":"eventBus"}}
{"__type":"$$EventMessageAudit","id":"2ebb5d33-aac1-41b8-a164-14f600aee18c","ts":"2026-07-24T17:17:52.707-05:00","eventName":"n8n.audit.workflow.updated","message":"n8n.audit.workflow.updated","payload":{"userId":"b9b1db79-eccb-44ec-a1ac-88eb796fc5f5","_email":"andi1998jamil@gmail.com","_firstName":"Jamil","_lastName":" andy","globalRole":"global:owner","workflowId":"IqhxSGlB1Zsi0TSG","workflowName":"My workflow"}}
{"__type":"$$EventMessageConfirm","confirm":"2ebb5d33-aac1-41b8-a164-14f600aee18c","ts":"2026-07-24T17:17:52.707-05:00","source":{"id":"0","name":"eventBus"}}
{"__type":"$$EventMessageAudit","id":"06b18a5e-1673-4816-8fb3-d2586ea1fc22","ts":"2026-07-24T17:17:55.348-05:00","eventName":"n8n.audit.workflow.updated","message":"n8n.audit.workflow.updated","payload":{"userId":"b9b1db79-eccb-44ec-a1ac-88eb796fc5f5","_email":"andi1998jamil@gmail.com","_firstName":"Jamil","_lastName":" andy","globalRole":"global:owner","workflowId":"IqhxSGlB1Zsi0TSG","workflowName":"My workflow"}}
{"__type":"$$EventMessageConfirm","confirm":"06b18a5e-1673-4816-8fb3-d2586ea1fc22","ts":"2026-07-24T17:17:55.348-05:00","source":{"id":"0","name":"eventBus"}}
{"__type":"$$EventMessageAudit","id":"79c89880-0f55-4fc7-8067-51c5bf506432","ts":"2026-07-24T17:21:58.764-05:00","eventName":"n8n.audit.workflow.executed","message":"n8n.audit.workflow.executed","payload":{"userId":"b9b1db79-eccb-44ec-a1ac-88eb796fc5f5","_email":"andi1998jamil@gmail.com","_firstName":"Jamil","_lastName":" andy","globalRole":"global:owner","workflowId":"IqhxSGlB1Zsi0TSG","workflowName":"My workflow","executionId":"151","source":"user-manual"}}
{"__type":"$$EventMessageConfirm","confirm":"79c89880-0f55-4fc7-8067-51c5bf506432","ts":"2026-07-24T17:21:58.764-05:00","source":{"id":"0","name":"eventBus"}}
{"__type":"$$EventMessageWorkflow","id":"648e838d-d7f2-4e44-9f6c-83e52113462b","ts":"2026-07-24T17:21:58.765-05:00","eventName":"n8n.workflow.started","message":"n8n.workflow.started","payload":{"executionId":"151","workflowId":"IqhxSGlB1Zsi0TSG","isManual":false,"mode":"manual","workflowName":"My workflow","projectId":"2waiwXdPc8W3Avzz","projectName":"Jamil  andy <andi1998jamil@gmail.com>"}}
{"__type":"$$EventMessageConfirm","confirm":"648e838d-d7f2-4e44-9f6c-83e52113462b","ts":"2026-07-24T17:21:58.765-05:00","source":{"id":"0","name":"eventBus"}}
{"__type":"$$EventMessageNode","id":"01779ba8-111f-4ecb-8d7b-4e3540b2220a","ts":"2026-07-24T17:21:58.778-05:00","eventName":"n8n.node.started","message":"n8n.node.started","payload":{"workflowId":"IqhxSGlB1Zsi0TSG","workflowName":"My workflow","executionId":"151","nodeType":"n8n-nodes-base.extractFromFile","nodeName":"Extract from File","nodeId":"23beaba0-277c-41d9-ade9-ee9f9ad5efe9"}}
{"__type":"$$EventMessageConfirm","confirm":"01779ba8-111f-4ecb-8d7b-4e3540b2220a","ts":"2026-07-24T17:21:58.778-05:00","source":{"id":"0","name":"eventBus"}}
{"__type":"$$EventMessageNode","id":"bc4da421-d8a4-4414-8e27-b7a8d553cb12","ts":"2026-07-24T17:22:03.036-05:00","eventName":"n8n.node.finished","message":"n8n.node.finished","payload":{"workflowId":"IqhxSGlB1Zsi0TSG","workflowName":"My workflow","executionId":"151","nodeType":"n8n-nodes-base.extractFromFile","nodeName":"Extract from File","nodeId":"23beaba0-277c-41d9-ade9-ee9f9ad5efe9"}}
{"__type":"$$EventMessageConfirm","confirm":"bc4da421-d8a4-4414-8e27-b7a8d553cb12","ts":"2026-07-24T17:22:03.036-05:00","source":{"id":"0","name":"eventBus"}}
{"__type":"$$EventMessageWorkflow","id":"524bd53d-d1de-4355-a53e-3850d4a2d665","ts":"2026-07-24T17:22:03.042-05:00","eventName":"n8n.workflow.success","message":"n8n.workflow.success","payload":{"userId":"b9b1db79-eccb-44ec-a1ac-88eb796fc5f5","executionId":"151","success":true,"isManual":true,"mode":"manual","workflowId":"IqhxSGlB1Zsi0TSG","workflowName":"My workflow","projectId":"2waiwXdPc8W3Avzz","projectName":"Jamil  andy <andi1998jamil@gmail.com>"}}
{"__type":"$$EventMessageConfirm","confirm":"524bd53d-d1de-4355-a53e-3850d4a2d665","ts":"2026-07-24T17:22:03.042-05:00","source":{"id":"0","name":"eventBus"}}
{"__type":"$$EventMessageAudit","id":"a38d8b36-f650-4bb3-a69b-0f53b6c9cbcb","ts":"2026-07-24T17:22:34.874-05:00","eventName":"n8n.audit.workflow.updated","message":"n8n.audit.workflow.updated","payload":{"userId":"b9b1db79-eccb-44ec-a1ac-88eb796fc5f5","_email":"andi1998jamil@gmail.com","_firstName":"Jamil","_lastName":" andy","globalRole":"global:owner","workflowId":"IqhxSGlB1Zsi0TSG","workflowName":"My workflow"}}
{"__type":"$$EventMessageConfirm","confirm":"a38d8b36-f650-4bb3-a69b-0f53b6c9cbcb","ts":"2026-07-24T17:22:34.874-05:00","source":{"id":"0","name":"eventBus"}}
{"__type":"$$EventMessageAudit","id":"a954c188-372c-4168-a287-ff967ea02638","ts":"2026-07-24T17:22:38.014-05:00","eventName":"n8n.audit.workflow.updated","message":"n8n.audit.workflow.updated","payload":{"userId":"b9b1db79-eccb-44ec-a1ac-88eb796fc5f5","_email":"andi1998jamil@gmail.com","_firstName":"Jamil","_lastName":" andy","globalRole":"global:owner","workflowId":"IqhxSGlB1Zsi0TSG","workflowName":"My workflow"}}
{"__type":"$$EventMessageConfirm","confirm":"a954c188-372c-4168-a287-ff967ea02638","ts":"2026-07-24T17:22:38.015-05:00","source":{"id":"0","name":"eventBus"}}
{"__type":"$$EventMessageAudit","id":"3f08da2b-9665-49af-83ce-cb1c0a45d7f1","ts":"2026-07-24T17:22:40.466-05:00","eventName":"n8n.audit.workflow.updated","message":"n8n.audit.workflow.updated","payload":{"userId":"b9b1db79-eccb-44ec-a1ac-88eb796fc5f5","_email":"andi1998jamil@gmail.com","_firstName":"Jamil","_lastName":" andy","globalRole":"global:owner","workflowId":"IqhxSGlB1Zsi0TSG","workflowName":"My workflow"}}
{"__type":"$$EventMessageConfirm","confirm":"3f08da2b-9665-49af-83ce-cb1c0a45d7f1","ts":"2026-07-24T17:22:40.466-05:00","source":{"id":"0","name":"eventBus"}}
{"__type":"$$EventMessageAudit","id":"772e1335-76ae-4ed0-bc63-f804434a997b","ts":"2026-07-24T17:22:42.744-05:00","eventName":"n8n.audit.workflow.updated","message":"n8n.audit.workflow.updated","payload":{"userId":"b9b1db79-eccb-44ec-a1ac-88eb796fc5f5","_email":"andi1998jamil@gmail.com","_firstName":"Jamil","_lastName":" andy","globalRole":"global:owner","workflowId":"IqhxSGlB1Zsi0TSG","workflowName":"My workflow"}}
{"__type":"$$EventMessageConfirm","confirm":"772e1335-76ae-4ed0-bc63-f804434a997b","ts":"2026-07-24T17:22:42.744-05:00","source":{"id":"0","name":"eventBus"}}
{"__type":"$$EventMessageAudit","id":"632bea24-edeb-40e4-b89f-de8cb2054a82","ts":"2026-07-24T17:22:45.606-05:00","eventName":"n8n.audit.workflow.updated","message":"n8n.audit.workflow.updated","payload":{"userId":"b9b1db79-eccb-44ec-a1ac-88eb796fc5f5","_email":"andi1998jamil@gmail.com","_firstName":"Jamil","_lastName":" andy","globalRole":"global:owner","workflowId":"IqhxSGlB1Zsi0TSG","workflowName":"My workflow"}}
{"__type":"$$EventMessageConfirm","confirm":"632bea24-edeb-40e4-b89f-de8cb2054a82","ts":"2026-07-24T17:22:45.606-05:00","source":{"id":"0","name":"eventBus"}}
{"__type":"$$EventMessageAudit","id":"cf160340-0ce1-4e6b-a418-2a39b49fdf89","ts":"2026-07-24T17:22:48.748-05:00","eventName":"n8n.audit.workflow.updated","message":"n8n.audit.workflow.updated","payload":{"userId":"b9b1db79-eccb-44ec-a1ac-88eb796fc5f5","_email":"andi1998jamil@gmail.com","_firstName":"Jamil","_lastName":" andy","globalRole":"global:owner","workflowId":"IqhxSGlB1Zsi0TSG","workflowName":"My workflow"}}
{"__type":"$$EventMessageConfirm","confirm":"cf160340-0ce1-4e6b-a418-2a39b49fdf89","ts":"2026-07-24T17:22:48.749-05:00","source":{"id":"0","name":"eventBus"}}
{"__type":"$$EventMessageAudit","id":"38e0fc08-3424-4d80-852f-68c75c145e9b","ts":"2026-07-24T17:22:53.193-05:00","eventName":"n8n.audit.workflow.updated","message":"n8n.audit.workflow.updated","payload":{"userId":"b9b1db79-eccb-44ec-a1ac-88eb796fc5f5","_email":"andi1998jamil@gmail.com","_firstName":"Jamil","_lastName":" andy","globalRole":"global:owner","workflowId":"IqhxSGlB1Zsi0TSG","workflowName":"My workflow"}}
{"__type":"$$EventMessageConfirm","confirm":"38e0fc08-3424-4d80-852f-68c75c145e9b","ts":"2026-07-24T17:22:53.193-05:00","source":{"id":"0","name":"eventBus"}}
{"__type":"$$EventMessageAudit","id":"ece929a3-0779-47db-9a85-c7261123b87e","ts":"2026-07-24T17:22:55.159-05:00","eventName":"n8n.audit.workflow.updated","message":"n8n.audit.workflow.updated","payload":{"userId":"b9b1db79-eccb-44ec-a1ac-88eb796fc5f5","_email":"andi1998jamil@gmail.com","_firstName":"Jamil","_lastName":" andy","globalRole":"global:owner","workflowId":"IqhxSGlB1Zsi0TSG","workflowName":"My workflow"}}
{"__type":"$$EventMessageConfirm","confirm":"ece929a3-0779-47db-9a85-c7261123b87e","ts":"2026-07-24T17:22:55.160-05:00","source":{"id":"0","name":"eventBus"}}
{"__type":"$$EventMessageAudit","id":"e5e1b502-5b12-4bc9-81e4-57b0d7a284e4","ts":"2026-07-24T17:25:56.548-05:00","eventName":"n8n.audit.workflow.updated","message":"n8n.audit.workflow.updated","payload":{"userId":"b9b1db79-eccb-44ec-a1ac-88eb796fc5f5","_email":"andi1998jamil@gmail.com","_firstName":"Jamil","_lastName":" andy","globalRole":"global:owner","workflowId":"IqhxSGlB1Zsi0TSG","workflowName":"My workflow"}}
{"__type":"$$EventMessageConfirm","confirm":"e5e1b502-5b12-4bc9-81e4-57b0d7a284e4","ts":"2026-07-24T17:25:56.548-05:00","source":{"id":"0","name":"eventBus"}}
{"__type":"$$EventMessageAudit","id":"de9406c4-bf6a-4eff-81c8-6883db92738f","ts":"2026-07-24T17:26:02.830-05:00","eventName":"n8n.audit.workflow.updated","message":"n8n.audit.workflow.updated","payload":{"userId":"b9b1db79-eccb-44ec-a1ac-88eb796fc5f5","_email":"andi1998jamil@gmail.com","_firstName":"Jamil","_lastName":" andy","globalRole":"global:owner","workflowId":"IqhxSGlB1Zsi0TSG","workflowName":"My workflow"}}
{"__type":"$$EventMessageConfirm","confirm":"de9406c4-bf6a-4eff-81c8-6883db92738f","ts":"2026-07-24T17:26:02.830-05:00","source":{"id":"0","name":"eventBus"}}
{"__type":"$$EventMessageAudit","id":"cb8c1a29-7de0-47fb-9999-59c9f3bb8c0f","ts":"2026-07-24T17:26:05.455-05:00","eventName":"n8n.audit.workflow.updated","message":"n8n.audit.workflow.updated","payload":{"userId":"b9b1db79-eccb-44ec-a1ac-88eb796fc5f5","_email":"andi1998jamil@gmail.com","_firstName":"Jamil","_lastName":" andy","globalRole":"global:owner","workflowId":"IqhxSGlB1Zsi0TSG","workflowName":"My workflow"}}
{"__type":"$$EventMessageConfirm","confirm":"cb8c1a29-7de0-47fb-9999-59c9f3bb8c0f","ts":"2026-07-24T17:26:05.455-05:00","source":{"id":"0","name":"eventBus"}}
{"__type":"$$EventMessageAudit","id":"c7f7d595-e446-4287-87d5-42f66b30059a","ts":"2026-07-24T17:26:08.048-05:00","eventName":"n8n.audit.workflow.updated","message":"n8n.audit.workflow.updated","payload":{"userId":"b9b1db79-eccb-44ec-a1ac-88eb796fc5f5","_email":"andi1998jamil@gmail.com","_firstName":"Jamil","_lastName":" andy","globalRole":"global:owner","workflowId":"IqhxSGlB1Zsi0TSG","workflowName":"My workflow"}}
{"__type":"$$EventMessageConfirm","confirm":"c7f7d595-e446-4287-87d5-42f66b30059a","ts":"2026-07-24T17:26:08.049-05:00","source":{"id":"0","name":"eventBus"}}
{"__type":"$$EventMessageAudit","id":"6ae2af4d-1cae-4c91-8174-09448f477a17","ts":"2026-07-24T17:26:29.886-05:00","eventName":"n8n.audit.workflow.updated","message":"n8n.audit.workflow.updated","payload":{"userId":"b9b1db79-eccb-44ec-a1ac-88eb796fc5f5","_email":"andi1998jamil@gmail.com","_firstName":"Jamil","_lastName":" andy","globalRole":"global:owner","workflowId":"IqhxSGlB1Zsi0TSG","workflowName":"My workflow"}}
{"__type":"$$EventMessageConfirm","confirm":"6ae2af4d-1cae-4c91-8174-09448f477a17","ts":"2026-07-24T17:26:29.887-05:00","source":{"id":"0","name":"eventBus"}}
{"__type":"$$EventMessageAudit","id":"ffa8acce-4afe-4836-b333-f1e2dde0f714","ts":"2026-07-24T17:26:34.867-05:00","eventName":"n8n.audit.workflow.updated","message":"n8n.audit.workflow.updated","payload":{"userId":"b9b1db79-eccb-44ec-a1ac-88eb796fc5f5","_email":"andi1998jamil@gmail.com","_firstName":"Jamil","_lastName":" andy","globalRole":"global:owner","workflowId":"IqhxSGlB1Zsi0TSG","workflowName":"My workflow"}}
{"__type":"$$EventMessageConfirm","confirm":"ffa8acce-4afe-4836-b333-f1e2dde0f714","ts":"2026-07-24T17:26:34.867-05:00","source":{"id":"0","name":"eventBus"}}
{"__type":"$$EventMessageAudit","id":"18d334de-4768-4094-8fef-ad2b4870561a","ts":"2026-07-24T17:26:48.815-05:00","eventName":"n8n.audit.workflow.updated","message":"n8n.audit.workflow.updated","payload":{"userId":"b9b1db79-eccb-44ec-a1ac-88eb796fc5f5","_email":"andi1998jamil@gmail.com","_firstName":"Jamil","_lastName":" andy","globalRole":"global:owner","workflowId":"IqhxSGlB1Zsi0TSG","workflowName":"My workflow"}}
{"__type":"$$EventMessageConfirm","confirm":"18d334de-4768-4094-8fef-ad2b4870561a","ts":"2026-07-24T17:26:48.815-05:00","source":{"id":"0","name":"eventBus"}}
{"__type":"$$EventMessageAudit","id":"cc91db66-f40e-4b4c-9be0-2e5e37c79768","ts":"2026-07-24T17:26:52.257-05:00","eventName":"n8n.audit.workflow.updated","message":"n8n.audit.workflow.updated","payload":{"userId":"b9b1db79-eccb-44ec-a1ac-88eb796fc5f5","_email":"andi1998jamil@gmail.com","_firstName":"Jamil","_lastName":" andy","globalRole":"global:owner","workflowId":"IqhxSGlB1Zsi0TSG","workflowName":"My workflow"}}
{"__type":"$$EventMessageConfirm","confirm":"cc91db66-f40e-4b4c-9be0-2e5e37c79768","ts":"2026-07-24T17:26:52.258-05:00","source":{"id":"0","name":"eventBus"}}
{"__type":"$$EventMessageAudit","id":"0af35903-6f67-47be-8152-a6209425c843","ts":"2026-07-24T17:26:58.341-05:00","eventName":"n8n.audit.workflow.updated","message":"n8n.audit.workflow.updated","payload":{"userId":"b9b1db79-eccb-44ec-a1ac-88eb796fc5f5","_email":"andi1998jamil@gmail.com","_firstName":"Jamil","_lastName":" andy","globalRole":"global:owner","workflowId":"IqhxSGlB1Zsi0TSG","workflowName":"My workflow"}}
{"__type":"$$EventMessageConfirm","confirm":"0af35903-6f67-47be-8152-a6209425c843","ts":"2026-07-24T17:26:58.341-05:00","source":{"id":"0","name":"eventBus"}}
{"__type":"$$EventMessageAudit","id":"acceca70-998e-47a0-9866-d3e669163aa5","ts":"2026-07-24T17:27:01.132-05:00","eventName":"n8n.audit.workflow.updated","message":"n8n.audit.workflow.updated","payload":{"userId":"b9b1db79-eccb-44ec-a1ac-88eb796fc5f5","_email":"andi1998jamil@gmail.com","_firstName":"Jamil","_lastName":" andy","globalRole":"global:owner","workflowId":"IqhxSGlB1Zsi0TSG","workflowName":"My workflow"}}
{"__type":"$$EventMessageConfirm","confirm":"acceca70-998e-47a0-9866-d3e669163aa5","ts":"2026-07-24T17:27:01.132-05:00","source":{"id":"0","name":"eventBus"}}
{"__type":"$$EventMessageAudit","id":"d2b10006-e7df-4e1c-b8ad-b2e8d32cf6b4","ts":"2026-07-24T17:27:03.205-05:00","eventName":"n8n.audit.workflow.updated","message":"n8n.audit.workflow.updated","payload":{"userId":"b9b1db79-eccb-44ec-a1ac-88eb796fc5f5","_email":"andi1998jamil@gmail.com","_firstName":"Jamil","_lastName":" andy","globalRole":"global:owner","workflowId":"IqhxSGlB1Zsi0TSG","workflowName":"My workflow"}}
{"__type":"$$EventMessageConfirm","confirm":"d2b10006-e7df-4e1c-b8ad-b2e8d32cf6b4","ts":"2026-07-24T17:27:03.205-05:00","source":{"id":"0","name":"eventBus"}}
{"__type":"$$EventMessageAudit","id":"66a4123c-5abb-464f-aa46-51f510b29fde","ts":"2026-07-24T17:27:37.313-05:00","eventName":"n8n.audit.workflow.updated","message":"n8n.audit.workflow.updated","payload":{"userId":"b9b1db79-eccb-44ec-a1ac-88eb796fc5f5","_email":"andi1998jamil@gmail.com","_firstName":"Jamil","_lastName":" andy","globalRole":"global:owner","workflowId":"IqhxSGlB1Zsi0TSG","workflowName":"My workflow"}}
{"__type":"$$EventMessageConfirm","confirm":"66a4123c-5abb-464f-aa46-51f510b29fde","ts":"2026-07-24T17:27:37.313-05:00","source":{"id":"0","name":"eventBus"}}
{"__type":"$$EventMessageAudit","id":"7423566a-20e8-4306-8a39-c10915847c38","ts":"2026-07-24T17:27:54.257-05:00","eventName":"n8n.audit.workflow.updated","message":"n8n.audit.workflow.updated","payload":{"userId":"b9b1db79-eccb-44ec-a1ac-88eb796fc5f5","_email":"andi1998jamil@gmail.com","_firstName":"Jamil","_lastName":" andy","globalRole":"global:owner","workflowId":"IqhxSGlB1Zsi0TSG","workflowName":"My workflow"}}
{"__type":"$$EventMessageConfirm","confirm":"7423566a-20e8-4306-8a39-c10915847c38","ts":"2026-07-24T17:27:54.257-05:00","source":{"id":"0","name":"eventBus"}}
{"__type":"$$EventMessageAudit","id":"8afbbfd7-72f9-47d4-932c-cd9b7dfea220","ts":"2026-07-24T17:28:12.233-05:00","eventName":"n8n.audit.workflow.updated","message":"n8n.audit.workflow.updated","payload":{"userId":"b9b1db79-eccb-44ec-a1ac-88eb796fc5f5","_email":"andi1998jamil@gmail.com","_firstName":"Jamil","_lastName":" andy","globalRole":"global:owner","workflowId":"IqhxSGlB1Zsi0TSG","workflowName":"My workflow"}}
{"__type":"$$EventMessageConfirm","confirm":"8afbbfd7-72f9-47d4-932c-cd9b7dfea220","ts":"2026-07-24T17:28:12.233-05:00","source":{"id":"0","name":"eventBus"}}
{"__type":"$$EventMessageAudit","id":"d456334e-be2d-43f3-bbcf-ff9fe88726b6","ts":"2026-07-24T17:28:16.146-05:00","eventName":"n8n.audit.workflow.updated","message":"n8n.audit.workflow.updated","payload":{"userId":"b9b1db79-eccb-44ec-a1ac-88eb796fc5f5","_email":"andi1998jamil@gmail.com","_firstName":"Jamil","_lastName":" andy","globalRole":"global:owner","workflowId":"IqhxSGlB1Zsi0TSG","workflowName":"My workflow"}}
{"__type":"$$EventMessageConfirm","confirm":"d456334e-be2d-43f3-bbcf-ff9fe88726b6","ts":"2026-07-24T17:28:16.146-05:00","source":{"id":"0","name":"eventBus"}}
{"__type":"$$EventMessageAudit","id":"976a57e3-cabe-4e4f-9c41-6461059026cb","ts":"2026-07-24T17:28:31.032-05:00","eventName":"n8n.audit.workflow.updated","message":"n8n.audit.workflow.updated","payload":{"userId":"b9b1db79-eccb-44ec-a1ac-88eb796fc5f5","_email":"andi1998jamil@gmail.com","_firstName":"Jamil","_lastName":" andy","globalRole":"global:owner","workflowId":"IqhxSGlB1Zsi0TSG","workflowName":"My workflow"}}
{"__type":"$$EventMessageConfirm","confirm":"976a57e3-cabe-4e4f-9c41-6461059026cb","ts":"2026-07-24T17:28:31.032-05:00","source":{"id":"0","name":"eventBus"}}
{"__type":"$$EventMessageAudit","id":"57e53fb8-703f-489f-b12b-cae6b4bcdfc6","ts":"2026-07-24T17:28:36.929-05:00","eventName":"n8n.audit.workflow.updated","message":"n8n.audit.workflow.updated","payload":{"userId":"b9b1db79-eccb-44ec-a1ac-88eb796fc5f5","_email":"andi1998jamil@gmail.com","_firstName":"Jamil","_lastName":" andy","globalRole":"global:owner","workflowId":"IqhxSGlB1Zsi0TSG","workflowName":"My workflow"}}
{"__type":"$$EventMessageConfirm","confirm":"57e53fb8-703f-489f-b12b-cae6b4bcdfc6","ts":"2026-07-24T17:28:36.929-05:00","source":{"id":"0","name":"eventBus"}}
{"__type":"$$EventMessageAudit","id":"caea0839-b291-4865-9150-d46ae0f193ee","ts":"2026-07-24T17:28:42.391-05:00","eventName":"n8n.audit.workflow.updated","message":"n8n.audit.workflow.updated","payload":{"userId":"b9b1db79-eccb-44ec-a1ac-88eb796fc5f5","_email":"andi1998jamil@gmail.com","_firstName":"Jamil","_lastName":" andy","globalRole":"global:owner","workflowId":"IqhxSGlB1Zsi0TSG","workflowName":"My workflow"}}
{"__type":"$$EventMessageConfirm","confirm":"caea0839-b291-4865-9150-d46ae0f193ee","ts":"2026-07-24T17:28:42.391-05:00","source":{"id":"0","name":"eventBus"}}
{"__type":"$$EventMessageAudit","id":"62566c14-b0d4-4b84-97e1-6620afa7be9d","ts":"2026-07-24T17:28:45.361-05:00","eventName":"n8n.audit.workflow.updated","message":"n8n.audit.workflow.updated","payload":{"userId":"b9b1db79-eccb-44ec-a1ac-88eb796fc5f5","_email":"andi1998jamil@gmail.com","_firstName":"Jamil","_lastName":" andy","globalRole":"global:owner","workflowId":"IqhxSGlB1Zsi0TSG","workflowName":"My workflow"}}
{"__type":"$$EventMessageConfirm","confirm":"62566c14-b0d4-4b84-97e1-6620afa7be9d","ts":"2026-07-24T17:28:45.361-05:00","source":{"id":"0","name":"eventBus"}}
{"__type":"$$EventMessageAudit","id":"84c9a8c7-3e60-4f03-8f68-caca43cfe2ff","ts":"2026-07-24T17:28:48.073-05:00","eventName":"n8n.audit.workflow.updated","message":"n8n.audit.workflow.updated","payload":{"userId":"b9b1db79-eccb-44ec-a1ac-88eb796fc5f5","_email":"andi1998jamil@gmail.com","_firstName":"Jamil","_lastName":" andy","globalRole":"global:owner","workflowId":"IqhxSGlB1Zsi0TSG","workflowName":"My workflow"}}
{"__type":"$$EventMessageConfirm","confirm":"84c9a8c7-3e60-4f03-8f68-caca43cfe2ff","ts":"2026-07-24T17:28:48.073-05:00","source":{"id":"0","name":"eventBus"}}
{"__type":"$$EventMessageAudit","id":"27ad37d2-f187-4991-8852-12039f4c9ad4","ts":"2026-07-24T17:29:10.626-05:00","eventName":"n8n.audit.workflow.updated","message":"n8n.audit.workflow.updated","payload":{"userId":"b9b1db79-eccb-44ec-a1ac-88eb796fc5f5","_email":"andi1998jamil@gmail.com","_firstName":"Jamil","_lastName":" andy","globalRole":"global:owner","workflowId":"IqhxSGlB1Zsi0TSG","workflowName":"My workflow"}}
{"__type":"$$EventMessageConfirm","confirm":"27ad37d2-f187-4991-8852-12039f4c9ad4","ts":"2026-07-24T17:29:10.626-05:00","source":{"id":"0","name":"eventBus"}}
{"__type":"$$EventMessageAudit","id":"b6e60df4-88b5-4059-b378-8f48a63571aa","ts":"2026-07-24T17:29:37.121-05:00","eventName":"n8n.audit.workflow.updated","message":"n8n.audit.workflow.updated","payload":{"userId":"b9b1db79-eccb-44ec-a1ac-88eb796fc5f5","_email":"andi1998jamil@gmail.com","_firstName":"Jamil","_lastName":" andy","globalRole":"global:owner","workflowId":"IqhxSGlB1Zsi0TSG","workflowName":"My workflow"}}
{"__type":"$$EventMessageConfirm","confirm":"b6e60df4-88b5-4059-b378-8f48a63571aa","ts":"2026-07-24T17:29:37.121-05:00","source":{"id":"0","name":"eventBus"}}
{"__type":"$$EventMessageAudit","id":"97346410-92e1-400e-ada7-00341f113db9","ts":"2026-07-24T17:29:39.475-05:00","eventName":"n8n.audit.workflow.updated","message":"n8n.audit.workflow.updated","payload":{"userId":"b9b1db79-eccb-44ec-a1ac-88eb796fc5f5","_email":"andi1998jamil@gmail.com","_firstName":"Jamil","_lastName":" andy","globalRole":"global:owner","workflowId":"IqhxSGlB1Zsi0TSG","workflowName":"My workflow"}}
{"__type":"$$EventMessageConfirm","confirm":"97346410-92e1-400e-ada7-00341f113db9","ts":"2026-07-24T17:29:39.475-05:00","source":{"id":"0","name":"eventBus"}}
{"__type":"$$EventMessageAudit","id":"22c4caa6-41dc-4b42-9fed-57c3a72b7ba1","ts":"2026-07-24T17:29:41.972-05:00","eventName":"n8n.audit.workflow.updated","message":"n8n.audit.workflow.updated","payload":{"userId":"b9b1db79-eccb-44ec-a1ac-88eb796fc5f5","_email":"andi1998jamil@gmail.com","_firstName":"Jamil","_lastName":" andy","globalRole":"global:owner","workflowId":"IqhxSGlB1Zsi0TSG","workflowName":"My workflow"}}
{"__type":"$$EventMessageConfirm","confirm":"22c4caa6-41dc-4b42-9fed-57c3a72b7ba1","ts":"2026-07-24T17:29:41.972-05:00","source":{"id":"0","name":"eventBus"}}
{"__type":"$$EventMessageAudit","id":"4a23c7df-27cc-4f99-9a88-cf18a894fae0","ts":"2026-07-24T17:29:45.901-05:00","eventName":"n8n.audit.workflow.updated","message":"n8n.audit.workflow.updated","payload":{"userId":"b9b1db79-eccb-44ec-a1ac-88eb796fc5f5","_email":"andi1998jamil@gmail.com","_firstName":"Jamil","_lastName":" andy","globalRole":"global:owner","workflowId":"IqhxSGlB1Zsi0TSG","workflowName":"My workflow"}}
{"__type":"$$EventMessageConfirm","confirm":"4a23c7df-27cc-4f99-9a88-cf18a894fae0","ts":"2026-07-24T17:29:45.901-05:00","source":{"id":"0","name":"eventBus"}}
{"__type":"$$EventMessageAudit","id":"f7d974d2-853c-4ebb-9914-6f9937c121cd","ts":"2026-07-24T17:29:49.356-05:00","eventName":"n8n.audit.workflow.updated","message":"n8n.audit.workflow.updated","payload":{"userId":"b9b1db79-eccb-44ec-a1ac-88eb796fc5f5","_email":"andi1998jamil@gmail.com","_firstName":"Jamil","_lastName":" andy","globalRole":"global:owner","workflowId":"IqhxSGlB1Zsi0TSG","workflowName":"My workflow"}}
{"__type":"$$EventMessageConfirm","confirm":"f7d974d2-853c-4ebb-9914-6f9937c121cd","ts":"2026-07-24T17:29:49.356-05:00","source":{"id":"0","name":"eventBus"}}
{"__type":"$$EventMessageAudit","id":"2d3015c6-b058-482f-863a-7ab17d556c2c","ts":"2026-07-24T17:29:59.141-05:00","eventName":"n8n.audit.workflow.updated","message":"n8n.audit.workflow.updated","payload":{"userId":"b9b1db79-eccb-44ec-a1ac-88eb796fc5f5","_email":"andi1998jamil@gmail.com","_firstName":"Jamil","_lastName":" andy","globalRole":"global:owner","workflowId":"IqhxSGlB1Zsi0TSG","workflowName":"My workflow"}}
{"__type":"$$EventMessageConfirm","confirm":"2d3015c6-b058-482f-863a-7ab17d556c2c","ts":"2026-07-24T17:29:59.141-05:00","source":{"id":"0","name":"eventBus"}}
{"__type":"$$EventMessageAudit","id":"3021931e-c59c-4b53-8c16-cebb84c3b839","ts":"2026-07-24T17:30:03.097-05:00","eventName":"n8n.audit.workflow.updated","message":"n8n.audit.workflow.updated","payload":{"userId":"b9b1db79-eccb-44ec-a1ac-88eb796fc5f5","_email":"andi1998jamil@gmail.com","_firstName":"Jamil","_lastName":" andy","globalRole":"global:owner","workflowId":"IqhxSGlB1Zsi0TSG","workflowName":"My workflow"}}
{"__type":"$$EventMessageConfirm","confirm":"3021931e-c59c-4b53-8c16-cebb84c3b839","ts":"2026-07-24T17:30:03.097-05:00","source":{"id":"0","name":"eventBus"}}
{"__type":"$$EventMessageAudit","id":"799c22e2-5a6c-4124-9026-162e32e1b513","ts":"2026-07-24T17:30:09.028-05:00","eventName":"n8n.audit.workflow.updated","message":"n8n.audit.workflow.updated","payload":{"userId":"b9b1db79-eccb-44ec-a1ac-88eb796fc5f5","_email":"andi1998jamil@gmail.com","_firstName":"Jamil","_lastName":" andy","globalRole":"global:owner","workflowId":"IqhxSGlB1Zsi0TSG","workflowName":"My workflow"}}
{"__type":"$$EventMessageConfirm","confirm":"799c22e2-5a6c-4124-9026-162e32e1b513","ts":"2026-07-24T17:30:09.028-05:00","source":{"id":"0","name":"eventBus"}}
{"__type":"$$EventMessageAudit","id":"bb9ea5b8-dd17-4a79-8118-3d7a5762add8","ts":"2026-07-24T17:30:12.793-05:00","eventName":"n8n.audit.workflow.updated","message":"n8n.audit.workflow.updated","payload":{"userId":"b9b1db79-eccb-44ec-a1ac-88eb796fc5f5","_email":"andi1998jamil@gmail.com","_firstName":"Jamil","_lastName":" andy","globalRole":"global:owner","workflowId":"IqhxSGlB1Zsi0TSG","workflowName":"My workflow"}}
{"__type":"$$EventMessageConfirm","confirm":"bb9ea5b8-dd17-4a79-8118-3d7a5762add8","ts":"2026-07-24T17:30:12.793-05:00","source":{"id":"0","name":"eventBus"}}
{"__type":"$$EventMessageAudit","id":"b4772afc-e99d-41a8-942c-0958bc0f18a9","ts":"2026-07-24T17:30:14.785-05:00","eventName":"n8n.audit.workflow.updated","message":"n8n.audit.workflow.updated","payload":{"userId":"b9b1db79-eccb-44ec-a1ac-88eb796fc5f5","_email":"andi1998jamil@gmail.com","_firstName":"Jamil","_lastName":" andy","globalRole":"global:owner","workflowId":"IqhxSGlB1Zsi0TSG","workflowName":"My workflow"}}
{"__type":"$$EventMessageConfirm","confirm":"b4772afc-e99d-41a8-942c-0958bc0f18a9","ts":"2026-07-24T17:30:14.785-05:00","source":{"id":"0","name":"eventBus"}}
{"__type":"$$EventMessageAudit","id":"63c9de80-0bff-43e3-92aa-bccbb1e4e4b5","ts":"2026-07-24T17:30:18.619-05:00","eventName":"n8n.audit.workflow.updated","message":"n8n.audit.workflow.updated","payload":{"userId":"b9b1db79-eccb-44ec-a1ac-88eb796fc5f5","_email":"andi1998jamil@gmail.com","_firstName":"Jamil","_lastName":" andy","globalRole":"global:owner","workflowId":"IqhxSGlB1Zsi0TSG","workflowName":"My workflow"}}
{"__type":"$$EventMessageConfirm","confirm":"63c9de80-0bff-43e3-92aa-bccbb1e4e4b5","ts":"2026-07-24T17:30:18.619-05:00","source":{"id":"0","name":"eventBus"}}
{"__type":"$$EventMessageAudit","id":"3ec2b58d-4eb4-4343-998f-cd4283fee743","ts":"2026-07-24T17:30:20.699-05:00","eventName":"n8n.audit.workflow.updated","message":"n8n.audit.workflow.updated","payload":{"userId":"b9b1db79-eccb-44ec-a1ac-88eb796fc5f5","_email":"andi1998jamil@gmail.com","_firstName":"Jamil","_lastName":" andy","globalRole":"global:owner","workflowId":"IqhxSGlB1Zsi0TSG","workflowName":"My workflow"}}
{"__type":"$$EventMessageConfirm","confirm":"3ec2b58d-4eb4-4343-998f-cd4283fee743","ts":"2026-07-24T17:30:20.699-05:00","source":{"id":"0","name":"eventBus"}}
{"__type":"$$EventMessageAudit","id":"ee4edc32-b8a2-464c-b2cd-bbff9b4766b2","ts":"2026-07-24T17:30:27.225-05:00","eventName":"n8n.audit.workflow.updated","message":"n8n.audit.workflow.updated","payload":{"userId":"b9b1db79-eccb-44ec-a1ac-88eb796fc5f5","_email":"andi1998jamil@gmail.com","_firstName":"Jamil","_lastName":" andy","globalRole":"global:owner","workflowId":"IqhxSGlB1Zsi0TSG","workflowName":"My workflow"}}
{"__type":"$$EventMessageConfirm","confirm":"ee4edc32-b8a2-464c-b2cd-bbff9b4766b2","ts":"2026-07-24T17:30:27.225-05:00","source":{"id":"0","name":"eventBus"}}
{"__type":"$$EventMessageAudit","id":"d5a9c802-363f-44a4-94fa-4d21c0a5aecf","ts":"2026-07-24T17:30:49.742-05:00","eventName":"n8n.audit.workflow.updated","message":"n8n.audit.workflow.updated","payload":{"userId":"b9b1db79-eccb-44ec-a1ac-88eb796fc5f5","_email":"andi1998jamil@gmail.com","_firstName":"Jamil","_lastName":" andy","globalRole":"global:owner","workflowId":"IqhxSGlB1Zsi0TSG","workflowName":"My workflow"}}
{"__type":"$$EventMessageConfirm","confirm":"d5a9c802-363f-44a4-94fa-4d21c0a5aecf","ts":"2026-07-24T17:30:49.743-05:00","source":{"id":"0","name":"eventBus"}}
{"__type":"$$EventMessageAudit","id":"82c2dcfe-5e58-4365-acf7-d947e409a844","ts":"2026-07-24T17:36:13.944-05:00","eventName":"n8n.audit.workflow.updated","message":"n8n.audit.workflow.updated","payload":{"userId":"b9b1db79-eccb-44ec-a1ac-88eb796fc5f5","_email":"andi1998jamil@gmail.com","_firstName":"Jamil","_lastName":" andy","globalRole":"global:owner","workflowId":"IqhxSGlB1Zsi0TSG","workflowName":"My workflow"}}
{"__type":"$$EventMessageConfirm","confirm":"82c2dcfe-5e58-4365-acf7-d947e409a844","ts":"2026-07-24T17:36:13.944-05:00","source":{"id":"0","name":"eventBus"}}
{"__type":"$$EventMessageAudit","id":"eda5e95b-460e-4ecc-80c3-2e9127ec5ba8","ts":"2026-07-24T17:36:20.737-05:00","eventName":"n8n.audit.workflow.updated","message":"n8n.audit.workflow.updated","payload":{"userId":"b9b1db79-eccb-44ec-a1ac-88eb796fc5f5","_email":"andi1998jamil@gmail.com","_firstName":"Jamil","_lastName":" andy","globalRole":"global:owner","workflowId":"IqhxSGlB1Zsi0TSG","workflowName":"My workflow"}}
{"__type":"$$EventMessageConfirm","confirm":"eda5e95b-460e-4ecc-80c3-2e9127ec5ba8","ts":"2026-07-24T17:36:20.737-05:00","source":{"id":"0","name":"eventBus"}}
{"__type":"$$EventMessageAudit","id":"4e781907-e1b1-4f52-bfc2-811a64b1c3f4","ts":"2026-07-24T17:36:26.447-05:00","eventName":"n8n.audit.workflow.updated","message":"n8n.audit.workflow.updated","payload":{"userId":"b9b1db79-eccb-44ec-a1ac-88eb796fc5f5","_email":"andi1998jamil@gmail.com","_firstName":"Jamil","_lastName":" andy","globalRole":"global:owner","workflowId":"IqhxSGlB1Zsi0TSG","workflowName":"My workflow"}}
{"__type":"$$EventMessageConfirm","confirm":"4e781907-e1b1-4f52-bfc2-811a64b1c3f4","ts":"2026-07-24T17:36:26.447-05:00","source":{"id":"0","name":"eventBus"}}
{"__type":"$$EventMessageAudit","id":"cb1da5c5-2a87-46b5-8193-f48499cf7984","ts":"2026-07-24T17:36:31.585-05:00","eventName":"n8n.audit.workflow.updated","message":"n8n.audit.workflow.updated","payload":{"userId":"b9b1db79-eccb-44ec-a1ac-88eb796fc5f5","_email":"andi1998jamil@gmail.com","_firstName":"Jamil","_lastName":" andy","globalRole":"global:owner","workflowId":"IqhxSGlB1Zsi0TSG","workflowName":"My workflow"}}
{"__type":"$$EventMessageConfirm","confirm":"cb1da5c5-2a87-46b5-8193-f48499cf7984","ts":"2026-07-24T17:36:31.585-05:00","source":{"id":"0","name":"eventBus"}}
{"__type":"$$EventMessageAudit","id":"b4a65437-febd-4573-8030-79ceb0ecf72e","ts":"2026-07-24T17:36:33.868-05:00","eventName":"n8n.audit.workflow.updated","message":"n8n.audit.workflow.updated","payload":{"userId":"b9b1db79-eccb-44ec-a1ac-88eb796fc5f5","_email":"andi1998jamil@gmail.com","_firstName":"Jamil","_lastName":" andy","globalRole":"global:owner","workflowId":"IqhxSGlB1Zsi0TSG","workflowName":"My workflow"}}
{"__type":"$$EventMessageConfirm","confirm":"b4a65437-febd-4573-8030-79ceb0ecf72e","ts":"2026-07-24T17:36:33.869-05:00","source":{"id":"0","name":"eventBus"}}
{"__type":"$$EventMessageAudit","id":"f5d376fe-271f-4158-b53f-a496bda841fe","ts":"2026-07-24T17:36:36.175-05:00","eventName":"n8n.audit.workflow.updated","message":"n8n.audit.workflow.updated","payload":{"userId":"b9b1db79-eccb-44ec-a1ac-88eb796fc5f5","_email":"andi1998jamil@gmail.com","_firstName":"Jamil","_lastName":" andy","globalRole":"global:owner","workflowId":"IqhxSGlB1Zsi0TSG","workflowName":"My workflow"}}
{"__type":"$$EventMessageConfirm","confirm":"f5d376fe-271f-4158-b53f-a496bda841fe","ts":"2026-07-24T17:36:36.175-05:00","source":{"id":"0","name":"eventBus"}}
{"__type":"$$EventMessageAudit","id":"bfd5a51d-29f4-46e2-ae81-a52e4c5d864e","ts":"2026-07-24T17:37:04.945-05:00","eventName":"n8n.audit.workflow.updated","message":"n8n.audit.workflow.updated","payload":{"userId":"b9b1db79-eccb-44ec-a1ac-88eb796fc5f5","_email":"andi1998jamil@gmail.com","_firstName":"Jamil","_lastName":" andy","globalRole":"global:owner","workflowId":"IqhxSGlB1Zsi0TSG","workflowName":"My workflow"}}
{"__type":"$$EventMessageConfirm","confirm":"bfd5a51d-29f4-46e2-ae81-a52e4c5d864e","ts":"2026-07-24T17:37:04.945-05:00","source":{"id":"0","name":"eventBus"}}
{"__type":"$$EventMessageAudit","id":"7a2b47d5-49b5-47fe-b70b-868388c8d933","ts":"2026-07-24T17:39:52.212-05:00","eventName":"n8n.audit.workflow.updated","message":"n8n.audit.workflow.updated","payload":{"userId":"b9b1db79-eccb-44ec-a1ac-88eb796fc5f5","_email":"andi1998jamil@gmail.com","_firstName":"Jamil","_lastName":" andy","globalRole":"global:owner","workflowId":"IqhxSGlB1Zsi0TSG","workflowName":"My workflow"}}
{"__type":"$$EventMessageConfirm","confirm":"7a2b47d5-49b5-47fe-b70b-868388c8d933","ts":"2026-07-24T17:39:52.212-05:00","source":{"id":"0","name":"eventBus"}}
{"__type":"$$EventMessageAudit","id":"5c2f103e-0157-4f3b-9986-3dbbdf97c0b3","ts":"2026-07-24T17:39:58.678-05:00","eventName":"n8n.audit.workflow.updated","message":"n8n.audit.workflow.updated","payload":{"userId":"b9b1db79-eccb-44ec-a1ac-88eb796fc5f5","_email":"andi1998jamil@gmail.com","_firstName":"Jamil","_lastName":" andy","globalRole":"global:owner","workflowId":"IqhxSGlB1Zsi0TSG","workflowName":"My workflow"}}
{"__type":"$$EventMessageConfirm","confirm":"5c2f103e-0157-4f3b-9986-3dbbdf97c0b3","ts":"2026-07-24T17:39:58.678-05:00","source":{"id":"0","name":"eventBus"}}
{"__type":"$$EventMessageAudit","id":"c2507185-f15d-4dbd-a03b-17b55a60efae","ts":"2026-07-24T17:40:03.056-05:00","eventName":"n8n.audit.workflow.updated","message":"n8n.audit.workflow.updated","payload":{"userId":"b9b1db79-eccb-44ec-a1ac-88eb796fc5f5","_email":"andi1998jamil@gmail.com","_firstName":"Jamil","_lastName":" andy","globalRole":"global:owner","workflowId":"IqhxSGlB1Zsi0TSG","workflowName":"My workflow"}}
{"__type":"$$EventMessageConfirm","confirm":"c2507185-f15d-4dbd-a03b-17b55a60efae","ts":"2026-07-24T17:40:03.056-05:00","source":{"id":"0","name":"eventBus"}}
{"__type":"$$EventMessageAudit","id":"4a7be09d-c596-4276-ad3e-a86b81d118b0","ts":"2026-07-24T17:40:12.126-05:00","eventName":"n8n.audit.workflow.updated","message":"n8n.audit.workflow.updated","payload":{"userId":"b9b1db79-eccb-44ec-a1ac-88eb796fc5f5","_email":"andi1998jamil@gmail.com","_firstName":"Jamil","_lastName":" andy","globalRole":"global:owner","workflowId":"IqhxSGlB1Zsi0TSG","workflowName":"My workflow"}}
{"__type":"$$EventMessageConfirm","confirm":"4a7be09d-c596-4276-ad3e-a86b81d118b0","ts":"2026-07-24T17:40:12.126-05:00","source":{"id":"0","name":"eventBus"}}
{"__type":"$$EventMessageAudit","id":"fba311ae-403c-4d08-b644-e89a392ee35d","ts":"2026-07-24T17:40:15.963-05:00","eventName":"n8n.audit.workflow.updated","message":"n8n.audit.workflow.updated","payload":{"userId":"b9b1db79-eccb-44ec-a1ac-88eb796fc5f5","_email":"andi1998jamil@gmail.com","_firstName":"Jamil","_lastName":" andy","globalRole":"global:owner","workflowId":"IqhxSGlB1Zsi0TSG","workflowName":"My workflow"}}
{"__type":"$$EventMessageConfirm","confirm":"fba311ae-403c-4d08-b644-e89a392ee35d","ts":"2026-07-24T17:40:15.963-05:00","source":{"id":"0","name":"eventBus"}}
{"__type":"$$EventMessageAudit","id":"5e8eee5c-b00b-4d96-9891-2e940440c8d8","ts":"2026-07-24T17:41:00.470-05:00","eventName":"n8n.audit.workflow.updated","message":"n8n.audit.workflow.updated","payload":{"userId":"b9b1db79-eccb-44ec-a1ac-88eb796fc5f5","_email":"andi1998jamil@gmail.com","_firstName":"Jamil","_lastName":" andy","globalRole":"global:owner","workflowId":"IqhxSGlB1Zsi0TSG","workflowName":"My workflow"}}
{"__type":"$$EventMessageConfirm","confirm":"5e8eee5c-b00b-4d96-9891-2e940440c8d8","ts":"2026-07-24T17:41:00.470-05:00","source":{"id":"0","name":"eventBus"}}
{"__type":"$$EventMessageAudit","id":"f106db6c-ea0a-4659-8189-22fcff12e068","ts":"2026-07-24T17:41:02.252-05:00","eventName":"n8n.audit.workflow.updated","message":"n8n.audit.workflow.updated","payload":{"userId":"b9b1db79-eccb-44ec-a1ac-88eb796fc5f5","_email":"andi1998jamil@gmail.com","_firstName":"Jamil","_lastName":" andy","globalRole":"global:owner","workflowId":"IqhxSGlB1Zsi0TSG","workflowName":"My workflow"}}
{"__type":"$$EventMessageConfirm","confirm":"f106db6c-ea0a-4659-8189-22fcff12e068","ts":"2026-07-24T17:41:02.252-05:00","source":{"id":"0","name":"eventBus"}}
{"__type":"$$EventMessageAudit","id":"efdf2857-a87a-45b4-b5cb-819d4f500d8f","ts":"2026-07-24T17:41:23.958-05:00","eventName":"n8n.audit.workflow.updated","message":"n8n.audit.workflow.updated","payload":{"userId":"b9b1db79-eccb-44ec-a1ac-88eb796fc5f5","_email":"andi1998jamil@gmail.com","_firstName":"Jamil","_lastName":" andy","globalRole":"global:owner","workflowId":"IqhxSGlB1Zsi0TSG","workflowName":"My workflow"}}
{"__type":"$$EventMessageConfirm","confirm":"efdf2857-a87a-45b4-b5cb-819d4f500d8f","ts":"2026-07-24T17:41:23.958-05:00","source":{"id":"0","name":"eventBus"}}
{"__type":"$$EventMessageAudit","id":"315d661c-e4e0-4634-9f92-191feab4f755","ts":"2026-07-24T17:41:31.359-05:00","eventName":"n8n.audit.workflow.executed","message":"n8n.audit.workflow.executed","payload":{"userId":"b9b1db79-eccb-44ec-a1ac-88eb796fc5f5","_email":"andi1998jamil@gmail.com","_firstName":"Jamil","_lastName":" andy","globalRole":"global:owner","workflowId":"IqhxSGlB1Zsi0TSG","workflowName":"My workflow","executionId":"152","source":"user-manual"}}
{"__type":"$$EventMessageConfirm","confirm":"315d661c-e4e0-4634-9f92-191feab4f755","ts":"2026-07-24T17:41:31.359-05:00","source":{"id":"0","name":"eventBus"}}
{"__type":"$$EventMessageWorkflow","id":"9345a101-7291-4e33-a6f5-6f2e28c09d9e","ts":"2026-07-24T17:41:31.361-05:00","eventName":"n8n.workflow.started","message":"n8n.workflow.started","payload":{"executionId":"152","workflowId":"IqhxSGlB1Zsi0TSG","isManual":false,"mode":"manual","workflowName":"My workflow","projectId":"2waiwXdPc8W3Avzz","projectName":"Jamil  andy <andi1998jamil@gmail.com>"}}
{"__type":"$$EventMessageConfirm","confirm":"9345a101-7291-4e33-a6f5-6f2e28c09d9e","ts":"2026-07-24T17:41:31.361-05:00","source":{"id":"0","name":"eventBus"}}
{"__type":"$$EventMessageNode","id":"5c493a83-18cf-4f25-b1f3-6e1b930f6404","ts":"2026-07-24T17:41:31.370-05:00","eventName":"n8n.node.started","message":"n8n.node.started","payload":{"workflowId":"IqhxSGlB1Zsi0TSG","workflowName":"My workflow","executionId":"152","nodeType":"@n8n/n8n-nodes-langchain.googleGemini","nodeName":"Analyze document","nodeId":"069f5784-5f0a-4325-add5-b200b5c01e6c"}}
{"__type":"$$EventMessageConfirm","confirm":"5c493a83-18cf-4f25-b1f3-6e1b930f6404","ts":"2026-07-24T17:41:31.370-05:00","source":{"id":"0","name":"eventBus"}}
{"__type":"$$EventMessageNode","id":"0edfab8c-8d22-4392-916e-7e343c4680c1","ts":"2026-07-24T17:41:31.394-05:00","eventName":"n8n.node.finished","message":"n8n.node.finished","payload":{"workflowId":"IqhxSGlB1Zsi0TSG","workflowName":"My workflow","executionId":"152","nodeType":"@n8n/n8n-nodes-langchain.googleGemini","nodeName":"Analyze document","nodeId":"069f5784-5f0a-4325-add5-b200b5c01e6c"}}
{"__type":"$$EventMessageConfirm","confirm":"0edfab8c-8d22-4392-916e-7e343c4680c1","ts":"2026-07-24T17:41:31.395-05:00","source":{"id":"0","name":"eventBus"}}
{"__type":"$$EventMessageWorkflow","id":"3e4b67c4-069e-4919-9b99-e40dc662df68","ts":"2026-07-24T17:41:31.402-05:00","eventName":"n8n.workflow.failed","message":"n8n.workflow.failed","payload":{"userId":"b9b1db79-eccb-44ec-a1ac-88eb796fc5f5","executionId":"152","success":false,"isManual":true,"mode":"manual","workflowId":"IqhxSGlB1Zsi0TSG","workflowName":"My workflow","projectId":"2waiwXdPc8W3Avzz","projectName":"Jamil  andy <andi1998jamil@gmail.com>","lastNodeExecuted":"Analyze document","errorNodeType":"@n8n/n8n-nodes-langchain.googleGemini","errorMessage":"The item has no binary field 'data' [item 0]"}}
{"__type":"$$EventMessageConfirm","confirm":"3e4b67c4-069e-4919-9b99-e40dc662df68","ts":"2026-07-24T17:41:31.402-05:00","source":{"id":"0","name":"eventBus"}}
{"__type":"$$EventMessageAudit","id":"2ee2272d-103f-4332-bdad-3a5f67fda6bf","ts":"2026-07-24T17:45:35.521-05:00","eventName":"n8n.audit.workflow.updated","message":"n8n.audit.workflow.updated","payload":{"userId":"b9b1db79-eccb-44ec-a1ac-88eb796fc5f5","_email":"andi1998jamil@gmail.com","_firstName":"Jamil","_lastName":" andy","globalRole":"global:owner","workflowId":"IqhxSGlB1Zsi0TSG","workflowName":"My workflow"}}
{"__type":"$$EventMessageConfirm","confirm":"2ee2272d-103f-4332-bdad-3a5f67fda6bf","ts":"2026-07-24T17:45:35.521-05:00","source":{"id":"0","name":"eventBus"}}
{"__type":"$$EventMessageAudit","id":"f1850840-2cea-4b8b-8925-78a5165292df","ts":"2026-07-24T17:46:41.043-05:00","eventName":"n8n.audit.workflow.updated","message":"n8n.audit.workflow.updated","payload":{"userId":"b9b1db79-eccb-44ec-a1ac-88eb796fc5f5","_email":"andi1998jamil@gmail.com","_firstName":"Jamil","_lastName":" andy","globalRole":"global:owner","workflowId":"IqhxSGlB1Zsi0TSG","workflowName":"My workflow"}}
{"__type":"$$EventMessageConfirm","confirm":"f1850840-2cea-4b8b-8925-78a5165292df","ts":"2026-07-24T17:46:41.043-05:00","source":{"id":"0","name":"eventBus"}}
{"__type":"$$EventMessageAudit","id":"76000017-03a8-4836-a65f-152dac512ec0","ts":"2026-07-24T17:46:55.972-05:00","eventName":"n8n.audit.workflow.updated","message":"n8n.audit.workflow.updated","payload":{"userId":"b9b1db79-eccb-44ec-a1ac-88eb796fc5f5","_email":"andi1998jamil@gmail.com","_firstName":"Jamil","_lastName":" andy","globalRole":"global:owner","workflowId":"IqhxSGlB1Zsi0TSG","workflowName":"My workflow"}}
{"__type":"$$EventMessageConfirm","confirm":"76000017-03a8-4836-a65f-152dac512ec0","ts":"2026-07-24T17:46:55.972-05:00","source":{"id":"0","name":"eventBus"}}
{"__type":"$$EventMessageAudit","id":"19cc5d58-6fff-490e-b898-5c3b58aebbb0","ts":"2026-07-24T17:49:02.353-05:00","eventName":"n8n.audit.workflow.updated","message":"n8n.audit.workflow.updated","payload":{"userId":"b9b1db79-eccb-44ec-a1ac-88eb796fc5f5","_email":"andi1998jamil@gmail.com","_firstName":"Jamil","_lastName":" andy","globalRole":"global:owner","workflowId":"IqhxSGlB1Zsi0TSG","workflowName":"My workflow"}}
{"__type":"$$EventMessageConfirm","confirm":"19cc5d58-6fff-490e-b898-5c3b58aebbb0","ts":"2026-07-24T17:49:02.353-05:00","source":{"id":"0","name":"eventBus"}}
{"__type":"$$EventMessageAudit","id":"59202305-dcfd-47f8-8097-5b2919988e9e","ts":"2026-07-24T17:49:05.943-05:00","eventName":"n8n.audit.workflow.updated","message":"n8n.audit.workflow.updated","payload":{"userId":"b9b1db79-eccb-44ec-a1ac-88eb796fc5f5","_email":"andi1998jamil@gmail.com","_firstName":"Jamil","_lastName":" andy","globalRole":"global:owner","workflowId":"IqhxSGlB1Zsi0TSG","workflowName":"My workflow"}}
{"__type":"$$EventMessageConfirm","confirm":"59202305-dcfd-47f8-8097-5b2919988e9e","ts":"2026-07-24T17:49:05.943-05:00","source":{"id":"0","name":"eventBus"}}
{"__type":"$$EventMessageAudit","id":"092ac06a-6735-4e5a-b6ac-3d7bf3c9a705","ts":"2026-07-24T17:49:08.632-05:00","eventName":"n8n.audit.workflow.updated","message":"n8n.audit.workflow.updated","payload":{"userId":"b9b1db79-eccb-44ec-a1ac-88eb796fc5f5","_email":"andi1998jamil@gmail.com","_firstName":"Jamil","_lastName":" andy","globalRole":"global:owner","workflowId":"IqhxSGlB1Zsi0TSG","workflowName":"My workflow"}}
{"__type":"$$EventMessageConfirm","confirm":"092ac06a-6735-4e5a-b6ac-3d7bf3c9a705","ts":"2026-07-24T17:49:08.632-05:00","source":{"id":"0","name":"eventBus"}}
{"__type":"$$EventMessageAudit","id":"78bf43fd-f3f9-42ab-979f-780ab7b6cc9d","ts":"2026-07-24T17:49:57.770-05:00","eventName":"n8n.audit.workflow.updated","message":"n8n.audit.workflow.updated","payload":{"userId":"b9b1db79-eccb-44ec-a1ac-88eb796fc5f5","_email":"andi1998jamil@gmail.com","_firstName":"Jamil","_lastName":" andy","globalRole":"global:owner","workflowId":"IqhxSGlB1Zsi0TSG","workflowName":"My workflow"}}
{"__type":"$$EventMessageConfirm","confirm":"78bf43fd-f3f9-42ab-979f-780ab7b6cc9d","ts":"2026-07-24T17:49:57.770-05:00","source":{"id":"0","name":"eventBus"}}
{"__type":"$$EventMessageAudit","id":"0069919c-79aa-43f2-a59f-77dbc16df984","ts":"2026-07-24T17:50:05.512-05:00","eventName":"n8n.audit.workflow.updated","message":"n8n.audit.workflow.updated","payload":{"userId":"b9b1db79-eccb-44ec-a1ac-88eb796fc5f5","_email":"andi1998jamil@gmail.com","_firstName":"Jamil","_lastName":" andy","globalRole":"global:owner","workflowId":"IqhxSGlB1Zsi0TSG","workflowName":"My workflow"}}
{"__type":"$$EventMessageConfirm","confirm":"0069919c-79aa-43f2-a59f-77dbc16df984","ts":"2026-07-24T17:50:05.512-05:00","source":{"id":"0","name":"eventBus"}}
{"__type":"$$EventMessageAudit","id":"5431b296-0b03-4f37-8d1e-737e43f4f31b","ts":"2026-07-24T17:50:21.030-05:00","eventName":"n8n.audit.workflow.executed","message":"n8n.audit.workflow.executed","payload":{"userId":"b9b1db79-eccb-44ec-a1ac-88eb796fc5f5","_email":"andi1998jamil@gmail.com","_firstName":"Jamil","_lastName":" andy","globalRole":"global:owner","workflowId":"IqhxSGlB1Zsi0TSG","workflowName":"My workflow","executionId":"153","source":"user-manual"}}
{"__type":"$$EventMessageConfirm","confirm":"5431b296-0b03-4f37-8d1e-737e43f4f31b","ts":"2026-07-24T17:50:21.030-05:00","source":{"id":"0","name":"eventBus"}}
{"__type":"$$EventMessageWorkflow","id":"db059a06-a326-4788-b2af-1691302bcaf2","ts":"2026-07-24T17:50:21.031-05:00","eventName":"n8n.workflow.started","message":"n8n.workflow.started","payload":{"executionId":"153","workflowId":"IqhxSGlB1Zsi0TSG","isManual":false,"mode":"manual","workflowName":"My workflow","projectId":"2waiwXdPc8W3Avzz","projectName":"Jamil  andy <andi1998jamil@gmail.com>"}}
{"__type":"$$EventMessageConfirm","confirm":"db059a06-a326-4788-b2af-1691302bcaf2","ts":"2026-07-24T17:50:21.031-05:00","source":{"id":"0","name":"eventBus"}}
{"__type":"$$EventMessageNode","id":"a6f61cf6-3678-4d73-bd40-f6542e69ca0b","ts":"2026-07-24T17:50:21.042-05:00","eventName":"n8n.node.started","message":"n8n.node.started","payload":{"workflowId":"IqhxSGlB1Zsi0TSG","workflowName":"My workflow","executionId":"153","nodeType":"@n8n/n8n-nodes-langchain.googleGemini","nodeName":"Analyze document","nodeId":"069f5784-5f0a-4325-add5-b200b5c01e6c"}}
{"__type":"$$EventMessageConfirm","confirm":"a6f61cf6-3678-4d73-bd40-f6542e69ca0b","ts":"2026-07-24T17:50:21.042-05:00","source":{"id":"0","name":"eventBus"}}
{"__type":"$$EventMessageNode","id":"fadf0cb5-b2e9-4143-971d-cf5e8c27085e","ts":"2026-07-24T17:50:24.937-05:00","eventName":"n8n.node.finished","message":"n8n.node.finished","payload":{"workflowId":"IqhxSGlB1Zsi0TSG","workflowName":"My workflow","executionId":"153","nodeType":"@n8n/n8n-nodes-langchain.googleGemini","nodeName":"Analyze document","nodeId":"069f5784-5f0a-4325-add5-b200b5c01e6c"}}
{"__type":"$$EventMessageConfirm","confirm":"fadf0cb5-b2e9-4143-971d-cf5e8c27085e","ts":"2026-07-24T17:50:24.937-05:00","source":{"id":"0","name":"eventBus"}}
{"__type":"$$EventMessageWorkflow","id":"618a2a37-7852-4e45-aa8d-a9c670a5e469","ts":"2026-07-24T17:50:24.944-05:00","eventName":"n8n.workflow.failed","message":"n8n.workflow.failed","payload":{"userId":"b9b1db79-eccb-44ec-a1ac-88eb796fc5f5","executionId":"153","success":false,"isManual":true,"mode":"manual","workflowId":"IqhxSGlB1Zsi0TSG","workflowName":"My workflow","projectId":"2waiwXdPc8W3Avzz","projectName":"Jamil  andy <andi1998jamil@gmail.com>","lastNodeExecuted":"Analyze document","errorNodeType":"@n8n/n8n-nodes-langchain.googleGemini","errorMessage":"Service unavailable - try again later or consider setting this node to retry automatically (in the node settings)"}}
{"__type":"$$EventMessageConfirm","confirm":"618a2a37-7852-4e45-aa8d-a9c670a5e469","ts":"2026-07-24T17:50:24.944-05:00","source":{"id":"0","name":"eventBus"}}
{"__type":"$$EventMessageAudit","id":"1132a7db-c115-4ce4-ba3c-ada24f4b4849","ts":"2026-07-24T17:51:08.659-05:00","eventName":"n8n.audit.workflow.updated","message":"n8n.audit.workflow.updated","payload":{"userId":"b9b1db79-eccb-44ec-a1ac-88eb796fc5f5","_email":"andi1998jamil@gmail.com","_firstName":"Jamil","_lastName":" andy","globalRole":"global:owner","workflowId":"IqhxSGlB1Zsi0TSG","workflowName":"My workflow"}}
{"__type":"$$EventMessageConfirm","confirm":"1132a7db-c115-4ce4-ba3c-ada24f4b4849","ts":"2026-07-24T17:51:08.659-05:00","source":{"id":"0","name":"eventBus"}}
{"__type":"$$EventMessageAudit","id":"b4a0fdbb-e157-4100-8210-63a25860bd72","ts":"2026-07-24T17:51:15.065-05:00","eventName":"n8n.audit.workflow.executed","message":"n8n.audit.workflow.executed","payload":{"userId":"b9b1db79-eccb-44ec-a1ac-88eb796fc5f5","_email":"andi1998jamil@gmail.com","_firstName":"Jamil","_lastName":" andy","globalRole":"global:owner","workflowId":"IqhxSGlB1Zsi0TSG","workflowName":"My workflow","executionId":"154","source":"user-manual"}}
{"__type":"$$EventMessageConfirm","confirm":"b4a0fdbb-e157-4100-8210-63a25860bd72","ts":"2026-07-24T17:51:15.065-05:00","source":{"id":"0","name":"eventBus"}}
{"__type":"$$EventMessageWorkflow","id":"9f23a95f-7587-4ef2-b531-cd0583fbc58f","ts":"2026-07-24T17:51:15.066-05:00","eventName":"n8n.workflow.started","message":"n8n.workflow.started","payload":{"executionId":"154","workflowId":"IqhxSGlB1Zsi0TSG","isManual":false,"mode":"manual","workflowName":"My workflow","projectId":"2waiwXdPc8W3Avzz","projectName":"Jamil  andy <andi1998jamil@gmail.com>"}}
{"__type":"$$EventMessageConfirm","confirm":"9f23a95f-7587-4ef2-b531-cd0583fbc58f","ts":"2026-07-24T17:51:15.066-05:00","source":{"id":"0","name":"eventBus"}}
{"__type":"$$EventMessageNode","id":"b5ce9260-d307-4b58-90a2-21e78d829a83","ts":"2026-07-24T17:51:15.078-05:00","eventName":"n8n.node.started","message":"n8n.node.started","payload":{"workflowId":"IqhxSGlB1Zsi0TSG","workflowName":"My workflow","executionId":"154","nodeType":"@n8n/n8n-nodes-langchain.googleGemini","nodeName":"Analyze document","nodeId":"069f5784-5f0a-4325-add5-b200b5c01e6c"}}
{"__type":"$$EventMessageConfirm","confirm":"b5ce9260-d307-4b58-90a2-21e78d829a83","ts":"2026-07-24T17:51:15.078-05:00","source":{"id":"0","name":"eventBus"}}
{"__type":"$$EventMessageNode","id":"c8961376-b753-45dc-9c8c-c88039d4e900","ts":"2026-07-24T17:51:17.686-05:00","eventName":"n8n.node.finished","message":"n8n.node.finished","payload":{"workflowId":"IqhxSGlB1Zsi0TSG","workflowName":"My workflow","executionId":"154","nodeType":"@n8n/n8n-nodes-langchain.googleGemini","nodeName":"Analyze document","nodeId":"069f5784-5f0a-4325-add5-b200b5c01e6c"}}
{"__type":"$$EventMessageConfirm","confirm":"c8961376-b753-45dc-9c8c-c88039d4e900","ts":"2026-07-24T17:51:17.686-05:00","source":{"id":"0","name":"eventBus"}}
{"__type":"$$EventMessageWorkflow","id":"4eec29c8-f22b-4f07-97ec-d190f745d60a","ts":"2026-07-24T17:51:17.691-05:00","eventName":"n8n.workflow.failed","message":"n8n.workflow.failed","payload":{"userId":"b9b1db79-eccb-44ec-a1ac-88eb796fc5f5","executionId":"154","success":false,"isManual":true,"mode":"manual","workflowId":"IqhxSGlB1Zsi0TSG","workflowName":"My workflow","projectId":"2waiwXdPc8W3Avzz","projectName":"Jamil  andy <andi1998jamil@gmail.com>","lastNodeExecuted":"Analyze document","errorNodeType":"@n8n/n8n-nodes-langchain.googleGemini","errorMessage":"The service is receiving too many requests from you"}}
{"__type":"$$EventMessageConfirm","confirm":"4eec29c8-f22b-4f07-97ec-d190f745d60a","ts":"2026-07-24T17:51:17.691-05:00","source":{"id":"0","name":"eventBus"}}
{"__type":"$$EventMessageAudit","id":"5863b53b-8560-45e3-87ca-684f003089d8","ts":"2026-07-24T17:51:39.676-05:00","eventName":"n8n.audit.workflow.updated","message":"n8n.audit.workflow.updated","payload":{"userId":"b9b1db79-eccb-44ec-a1ac-88eb796fc5f5","_email":"andi1998jamil@gmail.com","_firstName":"Jamil","_lastName":" andy","globalRole":"global:owner","workflowId":"IqhxSGlB1Zsi0TSG","workflowName":"My workflow"}}
{"__type":"$$EventMessageConfirm","confirm":"5863b53b-8560-45e3-87ca-684f003089d8","ts":"2026-07-24T17:51:39.676-05:00","source":{"id":"0","name":"eventBus"}}
{"__type":"$$EventMessageAudit","id":"c1e05fa7-b381-4ca5-b832-088abe114ef6","ts":"2026-07-24T17:51:40.761-05:00","eventName":"n8n.audit.workflow.updated","message":"n8n.audit.workflow.updated","payload":{"userId":"b9b1db79-eccb-44ec-a1ac-88eb796fc5f5","_email":"andi1998jamil@gmail.com","_firstName":"Jamil","_lastName":" andy","globalRole":"global:owner","workflowId":"IqhxSGlB1Zsi0TSG","workflowName":"My workflow"}}
{"__type":"$$EventMessageConfirm","confirm":"c1e05fa7-b381-4ca5-b832-088abe114ef6","ts":"2026-07-24T17:51:40.761-05:00","source":{"id":"0","name":"eventBus"}}
{"__type":"$$EventMessageAudit","id":"08f13bdc-c3a2-4d03-938d-df3d7dcc3ff1","ts":"2026-07-24T17:51:40.862-05:00","eventName":"n8n.audit.workflow.executed","message":"n8n.audit.workflow.executed","payload":{"userId":"b9b1db79-eccb-44ec-a1ac-88eb796fc5f5","_email":"andi1998jamil@gmail.com","_firstName":"Jamil","_lastName":" andy","globalRole":"global:owner","workflowId":"IqhxSGlB1Zsi0TSG","workflowName":"My workflow","executionId":"155","source":"user-manual"}}
{"__type":"$$EventMessageConfirm","confirm":"08f13bdc-c3a2-4d03-938d-df3d7dcc3ff1","ts":"2026-07-24T17:51:40.862-05:00","source":{"id":"0","name":"eventBus"}}
{"__type":"$$EventMessageWorkflow","id":"7de9df54-8df0-4d0d-aea7-e943e74765a2","ts":"2026-07-24T17:51:40.863-05:00","eventName":"n8n.workflow.started","message":"n8n.workflow.started","payload":{"executionId":"155","workflowId":"IqhxSGlB1Zsi0TSG","isManual":false,"mode":"manual","workflowName":"My workflow","projectId":"2waiwXdPc8W3Avzz","projectName":"Jamil  andy <andi1998jamil@gmail.com>"}}
{"__type":"$$EventMessageConfirm","confirm":"7de9df54-8df0-4d0d-aea7-e943e74765a2","ts":"2026-07-24T17:51:40.863-05:00","source":{"id":"0","name":"eventBus"}}
{"__type":"$$EventMessageNode","id":"9ed5747f-91f8-4ba1-8864-974b265cf881","ts":"2026-07-24T17:51:40.877-05:00","eventName":"n8n.node.started","message":"n8n.node.started","payload":{"workflowId":"IqhxSGlB1Zsi0TSG","workflowName":"My workflow","executionId":"155","nodeType":"@n8n/n8n-nodes-langchain.googleGemini","nodeName":"Analyze document","nodeId":"069f5784-5f0a-4325-add5-b200b5c01e6c"}}
{"__type":"$$EventMessageConfirm","confirm":"9ed5747f-91f8-4ba1-8864-974b265cf881","ts":"2026-07-24T17:51:40.877-05:00","source":{"id":"0","name":"eventBus"}}
{"__type":"$$EventMessageNode","id":"6fd037aa-fd93-46cf-8cb9-6bb43c32afa6","ts":"2026-07-24T17:51:43.469-05:00","eventName":"n8n.node.finished","message":"n8n.node.finished","payload":{"workflowId":"IqhxSGlB1Zsi0TSG","workflowName":"My workflow","executionId":"155","nodeType":"@n8n/n8n-nodes-langchain.googleGemini","nodeName":"Analyze document","nodeId":"069f5784-5f0a-4325-add5-b200b5c01e6c"}}
{"__type":"$$EventMessageConfirm","confirm":"6fd037aa-fd93-46cf-8cb9-6bb43c32afa6","ts":"2026-07-24T17:51:43.469-05:00","source":{"id":"0","name":"eventBus"}}
{"__type":"$$EventMessageWorkflow","id":"9b93a1a5-c62c-41f9-aea4-2f4a42662b24","ts":"2026-07-24T17:51:43.473-05:00","eventName":"n8n.workflow.failed","message":"n8n.workflow.failed","payload":{"userId":"b9b1db79-eccb-44ec-a1ac-88eb796fc5f5","executionId":"155","success":false,"isManual":true,"mode":"manual","workflowId":"IqhxSGlB1Zsi0TSG","workflowName":"My workflow","projectId":"2waiwXdPc8W3Avzz","projectName":"Jamil  andy <andi1998jamil@gmail.com>","lastNodeExecuted":"Analyze document","errorNodeType":"@n8n/n8n-nodes-langchain.googleGemini","errorMessage":"The resource you are requesting could not be found"}}
{"__type":"$$EventMessageConfirm","confirm":"9b93a1a5-c62c-41f9-aea4-2f4a42662b24","ts":"2026-07-24T17:51:43.474-05:00","source":{"id":"0","name":"eventBus"}}
{"__type":"$$EventMessageAudit","id":"4c991b34-bc6c-4f3a-8800-8ea1f69180cf","ts":"2026-07-24T17:52:05.376-05:00","eventName":"n8n.audit.workflow.updated","message":"n8n.audit.workflow.updated","payload":{"userId":"b9b1db79-eccb-44ec-a1ac-88eb796fc5f5","_email":"andi1998jamil@gmail.com","_firstName":"Jamil","_lastName":" andy","globalRole":"global:owner","workflowId":"IqhxSGlB1Zsi0TSG","workflowName":"My workflow"}}
{"__type":"$$EventMessageConfirm","confirm":"4c991b34-bc6c-4f3a-8800-8ea1f69180cf","ts":"2026-07-24T17:52:05.376-05:00","source":{"id":"0","name":"eventBus"}}
{"__type":"$$EventMessageAudit","id":"3ba39ddc-cd12-4ba1-87c2-beb595946320","ts":"2026-07-24T17:52:06.442-05:00","eventName":"n8n.audit.workflow.updated","message":"n8n.audit.workflow.updated","payload":{"userId":"b9b1db79-eccb-44ec-a1ac-88eb796fc5f5","_email":"andi1998jamil@gmail.com","_firstName":"Jamil","_lastName":" andy","globalRole":"global:owner","workflowId":"IqhxSGlB1Zsi0TSG","workflowName":"My workflow"}}
{"__type":"$$EventMessageConfirm","confirm":"3ba39ddc-cd12-4ba1-87c2-beb595946320","ts":"2026-07-24T17:52:06.442-05:00","source":{"id":"0","name":"eventBus"}}
{"__type":"$$EventMessageAudit","id":"95b413fc-3f0a-48df-8196-487e9b5652d7","ts":"2026-07-24T17:52:06.540-05:00","eventName":"n8n.audit.workflow.executed","message":"n8n.audit.workflow.executed","payload":{"userId":"b9b1db79-eccb-44ec-a1ac-88eb796fc5f5","_email":"andi1998jamil@gmail.com","_firstName":"Jamil","_lastName":" andy","globalRole":"global:owner","workflowId":"IqhxSGlB1Zsi0TSG","workflowName":"My workflow","executionId":"156","source":"user-manual"}}
{"__type":"$$EventMessageConfirm","confirm":"95b413fc-3f0a-48df-8196-487e9b5652d7","ts":"2026-07-24T17:52:06.541-05:00","source":{"id":"0","name":"eventBus"}}
{"__type":"$$EventMessageWorkflow","id":"e38bd33f-993f-49d8-aa61-99c857080edb","ts":"2026-07-24T17:52:06.541-05:00","eventName":"n8n.workflow.started","message":"n8n.workflow.started","payload":{"executionId":"156","workflowId":"IqhxSGlB1Zsi0TSG","isManual":false,"mode":"manual","workflowName":"My workflow","projectId":"2waiwXdPc8W3Avzz","projectName":"Jamil  andy <andi1998jamil@gmail.com>"}}
{"__type":"$$EventMessageConfirm","confirm":"e38bd33f-993f-49d8-aa61-99c857080edb","ts":"2026-07-24T17:52:06.541-05:00","source":{"id":"0","name":"eventBus"}}
{"__type":"$$EventMessageNode","id":"cc02956f-0a55-4afb-8c5c-2d8d6d7f4d98","ts":"2026-07-24T17:52:06.555-05:00","eventName":"n8n.node.started","message":"n8n.node.started","payload":{"workflowId":"IqhxSGlB1Zsi0TSG","workflowName":"My workflow","executionId":"156","nodeType":"@n8n/n8n-nodes-langchain.googleGemini","nodeName":"Analyze document","nodeId":"069f5784-5f0a-4325-add5-b200b5c01e6c"}}
{"__type":"$$EventMessageConfirm","confirm":"cc02956f-0a55-4afb-8c5c-2d8d6d7f4d98","ts":"2026-07-24T17:52:06.556-05:00","source":{"id":"0","name":"eventBus"}}
{"__type":"$$EventMessageNode","id":"c24f5403-550a-4cba-8308-4cdfbe6d7eb3","ts":"2026-07-24T17:52:08.717-05:00","eventName":"n8n.node.finished","message":"n8n.node.finished","payload":{"workflowId":"IqhxSGlB1Zsi0TSG","workflowName":"My workflow","executionId":"156","nodeType":"@n8n/n8n-nodes-langchain.googleGemini","nodeName":"Analyze document","nodeId":"069f5784-5f0a-4325-add5-b200b5c01e6c"}}
{"__type":"$$EventMessageConfirm","confirm":"c24f5403-550a-4cba-8308-4cdfbe6d7eb3","ts":"2026-07-24T17:52:08.718-05:00","source":{"id":"0","name":"eventBus"}}
{"__type":"$$EventMessageWorkflow","id":"fb33932b-6d66-4980-928f-f95eb19613fc","ts":"2026-07-24T17:52:08.723-05:00","eventName":"n8n.workflow.failed","message":"n8n.workflow.failed","payload":{"userId":"b9b1db79-eccb-44ec-a1ac-88eb796fc5f5","executionId":"156","success":false,"isManual":true,"mode":"manual","workflowId":"IqhxSGlB1Zsi0TSG","workflowName":"My workflow","projectId":"2waiwXdPc8W3Avzz","projectName":"Jamil  andy <andi1998jamil@gmail.com>","lastNodeExecuted":"Analyze document","errorNodeType":"@n8n/n8n-nodes-langchain.googleGemini","errorMessage":"The service is receiving too many requests from you"}}
{"__type":"$$EventMessageConfirm","confirm":"fb33932b-6d66-4980-928f-f95eb19613fc","ts":"2026-07-24T17:52:08.723-05:00","source":{"id":"0","name":"eventBus"}}
{"__type":"$$EventMessageAudit","id":"39559d5a-fdbb-4ceb-a94c-985de14b56de","ts":"2026-07-24T17:53:30.767-05:00","eventName":"n8n.audit.workflow.updated","message":"n8n.audit.workflow.updated","payload":{"userId":"b9b1db79-eccb-44ec-a1ac-88eb796fc5f5","_email":"andi1998jamil@gmail.com","_firstName":"Jamil","_lastName":" andy","globalRole":"global:owner","workflowId":"IqhxSGlB1Zsi0TSG","workflowName":"My workflow"}}
{"__type":"$$EventMessageConfirm","confirm":"39559d5a-fdbb-4ceb-a94c-985de14b56de","ts":"2026-07-24T17:53:30.767-05:00","source":{"id":"0","name":"eventBus"}}
{"__type":"$$EventMessageAudit","id":"093e67df-9831-439b-a7a6-d48393f7b7f7","ts":"2026-07-24T17:53:32.899-05:00","eventName":"n8n.audit.workflow.executed","message":"n8n.audit.workflow.executed","payload":{"userId":"b9b1db79-eccb-44ec-a1ac-88eb796fc5f5","_email":"andi1998jamil@gmail.com","_firstName":"Jamil","_lastName":" andy","globalRole":"global:owner","workflowId":"IqhxSGlB1Zsi0TSG","workflowName":"My workflow","executionId":"157","source":"user-manual"}}
{"__type":"$$EventMessageConfirm","confirm":"093e67df-9831-439b-a7a6-d48393f7b7f7","ts":"2026-07-24T17:53:32.899-05:00","source":{"id":"0","name":"eventBus"}}
{"__type":"$$EventMessageWorkflow","id":"2939934a-aff7-49fc-90b6-198068342bdd","ts":"2026-07-24T17:53:32.900-05:00","eventName":"n8n.workflow.started","message":"n8n.workflow.started","payload":{"executionId":"157","workflowId":"IqhxSGlB1Zsi0TSG","isManual":false,"mode":"manual","workflowName":"My workflow","projectId":"2waiwXdPc8W3Avzz","projectName":"Jamil  andy <andi1998jamil@gmail.com>"}}
{"__type":"$$EventMessageConfirm","confirm":"2939934a-aff7-49fc-90b6-198068342bdd","ts":"2026-07-24T17:53:32.900-05:00","source":{"id":"0","name":"eventBus"}}
{"__type":"$$EventMessageNode","id":"23ef04c8-d0fc-4869-8c97-53cf653d9d02","ts":"2026-07-24T17:53:32.912-05:00","eventName":"n8n.node.started","message":"n8n.node.started","payload":{"workflowId":"IqhxSGlB1Zsi0TSG","workflowName":"My workflow","executionId":"157","nodeType":"@n8n/n8n-nodes-langchain.googleGemini","nodeName":"Analyze document","nodeId":"069f5784-5f0a-4325-add5-b200b5c01e6c"}}
{"__type":"$$EventMessageConfirm","confirm":"23ef04c8-d0fc-4869-8c97-53cf653d9d02","ts":"2026-07-24T17:53:32.913-05:00","source":{"id":"0","name":"eventBus"}}
{"__type":"$$EventMessageNode","id":"566369f1-1ab3-4867-aa5f-8538dca1192a","ts":"2026-07-24T17:54:18.999-05:00","eventName":"n8n.node.finished","message":"n8n.node.finished","payload":{"workflowId":"IqhxSGlB1Zsi0TSG","workflowName":"My workflow","executionId":"157","nodeType":"@n8n/n8n-nodes-langchain.googleGemini","nodeName":"Analyze document","nodeId":"069f5784-5f0a-4325-add5-b200b5c01e6c"}}
{"__type":"$$EventMessageConfirm","confirm":"566369f1-1ab3-4867-aa5f-8538dca1192a","ts":"2026-07-24T17:54:18.999-05:00","source":{"id":"0","name":"eventBus"}}
{"__type":"$$EventMessageWorkflow","id":"42d1c2f8-ca5c-4c9d-af78-bf9cd0096bfb","ts":"2026-07-24T17:54:19.006-05:00","eventName":"n8n.workflow.failed","message":"n8n.workflow.failed","payload":{"userId":"b9b1db79-eccb-44ec-a1ac-88eb796fc5f5","executionId":"157","success":false,"isManual":true,"mode":"manual","workflowId":"IqhxSGlB1Zsi0TSG","workflowName":"My workflow","projectId":"2waiwXdPc8W3Avzz","projectName":"Jamil  andy <andi1998jamil@gmail.com>","lastNodeExecuted":"Analyze document","errorNodeType":"@n8n/n8n-nodes-langchain.googleGemini","errorMessage":"Service unavailable - try again later or consider setting this node to retry automatically (in the node settings)"}}
{"__type":"$$EventMessageConfirm","confirm":"42d1c2f8-ca5c-4c9d-af78-bf9cd0096bfb","ts":"2026-07-24T17:54:19.006-05:00","source":{"id":"0","name":"eventBus"}}
{"__type":"$$EventMessageAudit","id":"6a5d80d3-4027-4769-9149-ef22e668d298","ts":"2026-07-24T19:58:14.872-05:00","eventName":"n8n.audit.user.credentials.created","message":"n8n.audit.user.credentials.created","payload":{"userId":"b9b1db79-eccb-44ec-a1ac-88eb796fc5f5","_email":"andi1998jamil@gmail.com","_firstName":"Jamil","_lastName":" andy","globalRole":"global:owner","credentialType":"googlePalmApi","credentialId":"19p62zsJhJIyYFsT","publicApi":false,"projectId":"2waiwXdPc8W3Avzz","projectType":"personal","isDynamic":false,"usesExternalSecrets":false,"jweEnabled":false,"supportsManagedAuth":false,"usesManagedAuth":false}}
{"__type":"$$EventMessageConfirm","confirm":"6a5d80d3-4027-4769-9149-ef22e668d298","ts":"2026-07-24T19:58:14.873-05:00","source":{"id":"0","name":"eventBus"}}
{"__type":"$$EventMessageAudit","id":"1a7624ec-e309-43dd-b07a-ee8c9dd93df2","ts":"2026-07-24T19:58:16.751-05:00","eventName":"n8n.audit.workflow.updated","message":"n8n.audit.workflow.updated","payload":{"userId":"b9b1db79-eccb-44ec-a1ac-88eb796fc5f5","_email":"andi1998jamil@gmail.com","_firstName":"Jamil","_lastName":" andy","globalRole":"global:owner","workflowId":"IqhxSGlB1Zsi0TSG","workflowName":"My workflow"}}
{"__type":"$$EventMessageConfirm","confirm":"1a7624ec-e309-43dd-b07a-ee8c9dd93df2","ts":"2026-07-24T19:58:16.751-05:00","source":{"id":"0","name":"eventBus"}}
{"__type":"$$EventMessageAudit","id":"43a434f7-be7a-4555-93e3-46f3b8dda8b1","ts":"2026-07-24T19:58:30.957-05:00","eventName":"n8n.audit.workflow.updated","message":"n8n.audit.workflow.updated","payload":{"userId":"b9b1db79-eccb-44ec-a1ac-88eb796fc5f5","_email":"andi1998jamil@gmail.com","_firstName":"Jamil","_lastName":" andy","globalRole":"global:owner","workflowId":"IqhxSGlB1Zsi0TSG","workflowName":"My workflow"}}
{"__type":"$$EventMessageConfirm","confirm":"43a434f7-be7a-4555-93e3-46f3b8dda8b1","ts":"2026-07-24T19:58:30.957-05:00","source":{"id":"0","name":"eventBus"}}
{"__type":"$$EventMessageAudit","id":"191605ea-7922-4462-bc13-1448e033b74e","ts":"2026-07-24T19:58:35.539-05:00","eventName":"n8n.audit.workflow.executed","message":"n8n.audit.workflow.executed","payload":{"userId":"b9b1db79-eccb-44ec-a1ac-88eb796fc5f5","_email":"andi1998jamil@gmail.com","_firstName":"Jamil","_lastName":" andy","globalRole":"global:owner","workflowId":"IqhxSGlB1Zsi0TSG","workflowName":"My workflow","executionId":"158","source":"user-manual"}}
{"__type":"$$EventMessageConfirm","confirm":"191605ea-7922-4462-bc13-1448e033b74e","ts":"2026-07-24T19:58:35.540-05:00","source":{"id":"0","name":"eventBus"}}
{"__type":"$$EventMessageWorkflow","id":"7693daa3-95b8-4120-b403-4f5b626fefbc","ts":"2026-07-24T19:58:35.542-05:00","eventName":"n8n.workflow.started","message":"n8n.workflow.started","payload":{"executionId":"158","workflowId":"IqhxSGlB1Zsi0TSG","isManual":false,"mode":"manual","workflowName":"My workflow","projectId":"2waiwXdPc8W3Avzz","projectName":"Jamil  andy <andi1998jamil@gmail.com>"}}
{"__type":"$$EventMessageConfirm","confirm":"7693daa3-95b8-4120-b403-4f5b626fefbc","ts":"2026-07-24T19:58:35.542-05:00","source":{"id":"0","name":"eventBus"}}
{"__type":"$$EventMessageNode","id":"f6df3f48-ceda-482a-85c3-a158f274fb15","ts":"2026-07-24T19:58:35.551-05:00","eventName":"n8n.node.started","message":"n8n.node.started","payload":{"workflowId":"IqhxSGlB1Zsi0TSG","workflowName":"My workflow","executionId":"158","nodeType":"@n8n/n8n-nodes-langchain.googleGemini","nodeName":"Analyze document","nodeId":"069f5784-5f0a-4325-add5-b200b5c01e6c"}}
{"__type":"$$EventMessageConfirm","confirm":"f6df3f48-ceda-482a-85c3-a158f274fb15","ts":"2026-07-24T19:58:35.551-05:00","source":{"id":"0","name":"eventBus"}}
{"__type":"$$EventMessageNode","id":"f5dfe4f1-e9b3-4661-bb85-52f71d336c58","ts":"2026-07-24T19:58:38.896-05:00","eventName":"n8n.node.finished","message":"n8n.node.finished","payload":{"workflowId":"IqhxSGlB1Zsi0TSG","workflowName":"My workflow","executionId":"158","nodeType":"@n8n/n8n-nodes-langchain.googleGemini","nodeName":"Analyze document","nodeId":"069f5784-5f0a-4325-add5-b200b5c01e6c"}}
{"__type":"$$EventMessageConfirm","confirm":"f5dfe4f1-e9b3-4661-bb85-52f71d336c58","ts":"2026-07-24T19:58:38.896-05:00","source":{"id":"0","name":"eventBus"}}
{"__type":"$$EventMessageWorkflow","id":"a1804577-d5f8-440d-8cf5-ff8566593ff5","ts":"2026-07-24T19:58:38.900-05:00","eventName":"n8n.workflow.failed","message":"n8n.workflow.failed","payload":{"userId":"b9b1db79-eccb-44ec-a1ac-88eb796fc5f5","executionId":"158","success":false,"isManual":true,"mode":"manual","workflowId":"IqhxSGlB1Zsi0TSG","workflowName":"My workflow","projectId":"2waiwXdPc8W3Avzz","projectName":"Jamil  andy <andi1998jamil@gmail.com>","lastNodeExecuted":"Analyze document","errorNodeType":"@n8n/n8n-nodes-langchain.googleGemini","errorMessage":"The service is receiving too many requests from you"}}
{"__type":"$$EventMessageConfirm","confirm":"a1804577-d5f8-440d-8cf5-ff8566593ff5","ts":"2026-07-24T19:58:38.900-05:00","source":{"id":"0","name":"eventBus"}}
{"__type":"$$EventMessageAudit","id":"46bde25f-ba61-452d-a296-b31ac7e056d0","ts":"2026-07-24T19:59:37.345-05:00","eventName":"n8n.audit.workflow.updated","message":"n8n.audit.workflow.updated","payload":{"userId":"b9b1db79-eccb-44ec-a1ac-88eb796fc5f5","_email":"andi1998jamil@gmail.com","_firstName":"Jamil","_lastName":" andy","globalRole":"global:owner","workflowId":"IqhxSGlB1Zsi0TSG","workflowName":"My workflow"}}
{"__type":"$$EventMessageConfirm","confirm":"46bde25f-ba61-452d-a296-b31ac7e056d0","ts":"2026-07-24T19:59:37.345-05:00","source":{"id":"0","name":"eventBus"}}
{"__type":"$$EventMessageAudit","id":"e99d2bf5-79c5-488b-bb6f-4d69e3d196b4","ts":"2026-07-24T19:59:37.850-05:00","eventName":"n8n.audit.workflow.executed","message":"n8n.audit.workflow.executed","payload":{"userId":"b9b1db79-eccb-44ec-a1ac-88eb796fc5f5","_email":"andi1998jamil@gmail.com","_firstName":"Jamil","_lastName":" andy","globalRole":"global:owner","workflowId":"IqhxSGlB1Zsi0TSG","workflowName":"My workflow","executionId":"159","source":"user-manual"}}
{"__type":"$$EventMessageConfirm","confirm":"e99d2bf5-79c5-488b-bb6f-4d69e3d196b4","ts":"2026-07-24T19:59:37.850-05:00","source":{"id":"0","name":"eventBus"}}
{"__type":"$$EventMessageWorkflow","id":"78113fc6-7d07-4647-9e13-f4c4972dd3c6","ts":"2026-07-24T19:59:37.851-05:00","eventName":"n8n.workflow.started","message":"n8n.workflow.started","payload":{"executionId":"159","workflowId":"IqhxSGlB1Zsi0TSG","isManual":false,"mode":"manual","workflowName":"My workflow","projectId":"2waiwXdPc8W3Avzz","projectName":"Jamil  andy <andi1998jamil@gmail.com>"}}
{"__type":"$$EventMessageConfirm","confirm":"78113fc6-7d07-4647-9e13-f4c4972dd3c6","ts":"2026-07-24T19:59:37.851-05:00","source":{"id":"0","name":"eventBus"}}
{"__type":"$$EventMessageNode","id":"8ba6abe0-0639-439e-b863-dd29c354ed55","ts":"2026-07-24T19:59:37.864-05:00","eventName":"n8n.node.started","message":"n8n.node.started","payload":{"workflowId":"IqhxSGlB1Zsi0TSG","workflowName":"My workflow","executionId":"159","nodeType":"@n8n/n8n-nodes-langchain.googleGemini","nodeName":"Analyze document","nodeId":"069f5784-5f0a-4325-add5-b200b5c01e6c"}}
{"__type":"$$EventMessageConfirm","confirm":"8ba6abe0-0639-439e-b863-dd29c354ed55","ts":"2026-07-24T19:59:37.864-05:00","source":{"id":"0","name":"eventBus"}}
{"__type":"$$EventMessageNode","id":"86f75a07-9fdc-4ee0-9f5f-b285f6c96b9a","ts":"2026-07-24T20:00:35.002-05:00","eventName":"n8n.node.finished","message":"n8n.node.finished","payload":{"workflowId":"IqhxSGlB1Zsi0TSG","workflowName":"My workflow","executionId":"159","nodeType":"@n8n/n8n-nodes-langchain.googleGemini","nodeName":"Analyze document","nodeId":"069f5784-5f0a-4325-add5-b200b5c01e6c"}}
{"__type":"$$EventMessageConfirm","confirm":"86f75a07-9fdc-4ee0-9f5f-b285f6c96b9a","ts":"2026-07-24T20:00:35.003-05:00","source":{"id":"0","name":"eventBus"}}
{"__type":"$$EventMessageWorkflow","id":"4a83b2ab-5cba-4291-9ad0-0ca135576581","ts":"2026-07-24T20:00:35.011-05:00","eventName":"n8n.workflow.success","message":"n8n.workflow.success","payload":{"userId":"b9b1db79-eccb-44ec-a1ac-88eb796fc5f5","executionId":"159","success":true,"isManual":true,"mode":"manual","workflowId":"IqhxSGlB1Zsi0TSG","workflowName":"My workflow","projectId":"2waiwXdPc8W3Avzz","projectName":"Jamil  andy <andi1998jamil@gmail.com>"}}
{"__type":"$$EventMessageConfirm","confirm":"4a83b2ab-5cba-4291-9ad0-0ca135576581","ts":"2026-07-24T20:00:35.011-05:00","source":{"id":"0","name":"eventBus"}}
{"__type":"$$EventMessageAudit","id":"89a7c10f-8a34-4f86-a99c-3dab0407fcb3","ts":"2026-07-24T20:03:35.811-05:00","eventName":"n8n.audit.workflow.updated","message":"n8n.audit.workflow.updated","payload":{"userId":"b9b1db79-eccb-44ec-a1ac-88eb796fc5f5","_email":"andi1998jamil@gmail.com","_firstName":"Jamil","_lastName":" andy","globalRole":"global:owner","workflowId":"IqhxSGlB1Zsi0TSG","workflowName":"My workflow"}}
{"__type":"$$EventMessageConfirm","confirm":"89a7c10f-8a34-4f86-a99c-3dab0407fcb3","ts":"2026-07-24T20:03:35.811-05:00","source":{"id":"0","name":"eventBus"}}
{"__type":"$$EventMessageAudit","id":"ef55e095-e5e5-413f-8646-cd4d607f05d6","ts":"2026-07-24T20:03:42.696-05:00","eventName":"n8n.audit.workflow.updated","message":"n8n.audit.workflow.updated","payload":{"userId":"b9b1db79-eccb-44ec-a1ac-88eb796fc5f5","_email":"andi1998jamil@gmail.com","_firstName":"Jamil","_lastName":" andy","globalRole":"global:owner","workflowId":"IqhxSGlB1Zsi0TSG","workflowName":"My workflow"}}
{"__type":"$$EventMessageConfirm","confirm":"ef55e095-e5e5-413f-8646-cd4d607f05d6","ts":"2026-07-24T20:03:42.696-05:00","source":{"id":"0","name":"eventBus"}}
{"__type":"$$EventMessageAudit","id":"8bb403bf-6d63-4fdc-bd70-2d3230f3453a","ts":"2026-07-24T20:03:47.300-05:00","eventName":"n8n.audit.workflow.updated","message":"n8n.audit.workflow.updated","payload":{"userId":"b9b1db79-eccb-44ec-a1ac-88eb796fc5f5","_email":"andi1998jamil@gmail.com","_firstName":"Jamil","_lastName":" andy","globalRole":"global:owner","workflowId":"IqhxSGlB1Zsi0TSG","workflowName":"My workflow"}}
{"__type":"$$EventMessageConfirm","confirm":"8bb403bf-6d63-4fdc-bd70-2d3230f3453a","ts":"2026-07-24T20:03:47.301-05:00","source":{"id":"0","name":"eventBus"}}
{"__type":"$$EventMessageAudit","id":"873439a5-f4b7-45ff-8430-de3062a4fea5","ts":"2026-07-24T20:04:10.140-05:00","eventName":"n8n.audit.workflow.updated","message":"n8n.audit.workflow.updated","payload":{"userId":"b9b1db79-eccb-44ec-a1ac-88eb796fc5f5","_email":"andi1998jamil@gmail.com","_firstName":"Jamil","_lastName":" andy","globalRole":"global:owner","workflowId":"IqhxSGlB1Zsi0TSG","workflowName":"My workflow"}}
{"__type":"$$EventMessageConfirm","confirm":"873439a5-f4b7-45ff-8430-de3062a4fea5","ts":"2026-07-24T20:04:10.140-05:00","source":{"id":"0","name":"eventBus"}}
{"__type":"$$EventMessageAudit","id":"c227dfd7-9389-40a8-94de-3451897b5506","ts":"2026-07-24T20:04:12.230-05:00","eventName":"n8n.audit.workflow.executed","message":"n8n.audit.workflow.executed","payload":{"userId":"b9b1db79-eccb-44ec-a1ac-88eb796fc5f5","_email":"andi1998jamil@gmail.com","_firstName":"Jamil","_lastName":" andy","globalRole":"global:owner","workflowId":"IqhxSGlB1Zsi0TSG","workflowName":"My workflow","executionId":"160","source":"user-manual"}}
{"__type":"$$EventMessageConfirm","confirm":"c227dfd7-9389-40a8-94de-3451897b5506","ts":"2026-07-24T20:04:12.231-05:00","source":{"id":"0","name":"eventBus"}}
{"__type":"$$EventMessageWorkflow","id":"f15fe34f-995e-44d6-abfc-fba38eaa5fa4","ts":"2026-07-24T20:04:12.232-05:00","eventName":"n8n.workflow.started","message":"n8n.workflow.started","payload":{"executionId":"160","workflowId":"IqhxSGlB1Zsi0TSG","isManual":false,"mode":"manual","workflowName":"My workflow","projectId":"2waiwXdPc8W3Avzz","projectName":"Jamil  andy <andi1998jamil@gmail.com>"}}
{"__type":"$$EventMessageConfirm","confirm":"f15fe34f-995e-44d6-abfc-fba38eaa5fa4","ts":"2026-07-24T20:04:12.232-05:00","source":{"id":"0","name":"eventBus"}}
{"__type":"$$EventMessageNode","id":"f8b40531-a5dc-4bd3-9432-c79f360df057","ts":"2026-07-24T20:04:12.245-05:00","eventName":"n8n.node.started","message":"n8n.node.started","payload":{"workflowId":"IqhxSGlB1Zsi0TSG","workflowName":"My workflow","executionId":"160","nodeType":"n8n-nodes-base.code","nodeName":"Code in JavaScript1","nodeId":"454499ac-2f2e-48d0-9b97-6f4abf298757"}}
{"__type":"$$EventMessageConfirm","confirm":"f8b40531-a5dc-4bd3-9432-c79f360df057","ts":"2026-07-24T20:04:12.245-05:00","source":{"id":"0","name":"eventBus"}}
{"__type":"$$EventMessageRunner","id":"4eb53025-80b1-4a6e-b9f2-81b6a0892a8a","ts":"2026-07-24T20:04:12.251-05:00","eventName":"n8n.runner.task.requested","message":"n8n.runner.task.requested","payload":{"taskId":"ItTQMsm0","nodeId":"454499ac-2f2e-48d0-9b97-6f4abf298757","workflowId":"IqhxSGlB1Zsi0TSG","executionId":"160"}}
{"__type":"$$EventMessageConfirm","confirm":"4eb53025-80b1-4a6e-b9f2-81b6a0892a8a","ts":"2026-07-24T20:04:12.251-05:00","source":{"id":"0","name":"eventBus"}}
{"__type":"$$EventMessageRunner","id":"d8d583cd-7877-40ab-8074-f1b63a502260","ts":"2026-07-24T20:04:12.287-05:00","eventName":"n8n.runner.response.received","message":"n8n.runner.response.received","payload":{"taskId":"ItTQMsm0","nodeId":"454499ac-2f2e-48d0-9b97-6f4abf298757","workflowId":"IqhxSGlB1Zsi0TSG","executionId":"160"}}
{"__type":"$$EventMessageConfirm","confirm":"d8d583cd-7877-40ab-8074-f1b63a502260","ts":"2026-07-24T20:04:12.287-05:00","source":{"id":"0","name":"eventBus"}}
{"__type":"$$EventMessageNode","id":"9e869120-bcff-4418-9f83-51e6d19e5d7f","ts":"2026-07-24T20:04:12.288-05:00","eventName":"n8n.node.finished","message":"n8n.node.finished","payload":{"workflowId":"IqhxSGlB1Zsi0TSG","workflowName":"My workflow","executionId":"160","nodeType":"n8n-nodes-base.code","nodeName":"Code in JavaScript1","nodeId":"454499ac-2f2e-48d0-9b97-6f4abf298757"}}
{"__type":"$$EventMessageConfirm","confirm":"9e869120-bcff-4418-9f83-51e6d19e5d7f","ts":"2026-07-24T20:04:12.288-05:00","source":{"id":"0","name":"eventBus"}}
{"__type":"$$EventMessageWorkflow","id":"75228163-2e31-42ca-9999-927580d8c358","ts":"2026-07-24T20:04:12.291-05:00","eventName":"n8n.workflow.success","message":"n8n.workflow.success","payload":{"userId":"b9b1db79-eccb-44ec-a1ac-88eb796fc5f5","executionId":"160","success":true,"isManual":true,"mode":"manual","workflowId":"IqhxSGlB1Zsi0TSG","workflowName":"My workflow","projectId":"2waiwXdPc8W3Avzz","projectName":"Jamil  andy <andi1998jamil@gmail.com>"}}
{"__type":"$$EventMessageConfirm","confirm":"75228163-2e31-42ca-9999-927580d8c358","ts":"2026-07-24T20:04:12.291-05:00","source":{"id":"0","name":"eventBus"}}
{"__type":"$$EventMessageAudit","id":"950b5bd8-9017-4643-9ebf-18c92fb05ab1","ts":"2026-07-24T20:05:54.380-05:00","eventName":"n8n.audit.workflow.updated","message":"n8n.audit.workflow.updated","payload":{"userId":"b9b1db79-eccb-44ec-a1ac-88eb796fc5f5","_email":"andi1998jamil@gmail.com","_firstName":"Jamil","_lastName":" andy","globalRole":"global:owner","workflowId":"IqhxSGlB1Zsi0TSG","workflowName":"My workflow"}}
{"__type":"$$EventMessageConfirm","confirm":"950b5bd8-9017-4643-9ebf-18c92fb05ab1","ts":"2026-07-24T20:05:54.380-05:00","source":{"id":"0","name":"eventBus"}}
{"__type":"$$EventMessageAudit","id":"4772ac2c-f76f-4917-a18d-e59267a1bff9","ts":"2026-07-24T20:05:55.069-05:00","eventName":"n8n.audit.workflow.executed","message":"n8n.audit.workflow.executed","payload":{"userId":"b9b1db79-eccb-44ec-a1ac-88eb796fc5f5","_email":"andi1998jamil@gmail.com","_firstName":"Jamil","_lastName":" andy","globalRole":"global:owner","workflowId":"IqhxSGlB1Zsi0TSG","workflowName":"My workflow","executionId":"161","source":"user-manual"}}
{"__type":"$$EventMessageConfirm","confirm":"4772ac2c-f76f-4917-a18d-e59267a1bff9","ts":"2026-07-24T20:05:55.069-05:00","source":{"id":"0","name":"eventBus"}}
{"__type":"$$EventMessageWorkflow","id":"51354f80-d913-4bf3-bba7-6d8d0f4b9aef","ts":"2026-07-24T20:05:55.069-05:00","eventName":"n8n.workflow.started","message":"n8n.workflow.started","payload":{"executionId":"161","workflowId":"IqhxSGlB1Zsi0TSG","isManual":false,"mode":"manual","workflowName":"My workflow","projectId":"2waiwXdPc8W3Avzz","projectName":"Jamil  andy <andi1998jamil@gmail.com>"}}
{"__type":"$$EventMessageConfirm","confirm":"51354f80-d913-4bf3-bba7-6d8d0f4b9aef","ts":"2026-07-24T20:05:55.069-05:00","source":{"id":"0","name":"eventBus"}}
{"__type":"$$EventMessageNode","id":"41f94568-2959-48db-8ffa-299a7401a0b9","ts":"2026-07-24T20:05:55.085-05:00","eventName":"n8n.node.started","message":"n8n.node.started","payload":{"workflowId":"IqhxSGlB1Zsi0TSG","workflowName":"My workflow","executionId":"161","nodeType":"n8n-nodes-base.code","nodeName":"Code in JavaScript1","nodeId":"454499ac-2f2e-48d0-9b97-6f4abf298757"}}
{"__type":"$$EventMessageConfirm","confirm":"41f94568-2959-48db-8ffa-299a7401a0b9","ts":"2026-07-24T20:05:55.085-05:00","source":{"id":"0","name":"eventBus"}}
{"__type":"$$EventMessageRunner","id":"448b370c-8690-4d0f-abad-b92eed67863d","ts":"2026-07-24T20:05:55.088-05:00","eventName":"n8n.runner.task.requested","message":"n8n.runner.task.requested","payload":{"taskId":"dhBU3ONu","nodeId":"454499ac-2f2e-48d0-9b97-6f4abf298757","workflowId":"IqhxSGlB1Zsi0TSG","executionId":"161"}}
{"__type":"$$EventMessageConfirm","confirm":"448b370c-8690-4d0f-abad-b92eed67863d","ts":"2026-07-24T20:05:55.088-05:00","source":{"id":"0","name":"eventBus"}}
{"__type":"$$EventMessageRunner","id":"491fedd7-d0e7-46fd-9c3c-aaa06bbafd01","ts":"2026-07-24T20:05:55.145-05:00","eventName":"n8n.runner.response.received","message":"n8n.runner.response.received","payload":{"taskId":"dhBU3ONu","nodeId":"454499ac-2f2e-48d0-9b97-6f4abf298757","workflowId":"IqhxSGlB1Zsi0TSG","executionId":"161"}}
{"__type":"$$EventMessageConfirm","confirm":"491fedd7-d0e7-46fd-9c3c-aaa06bbafd01","ts":"2026-07-24T20:05:55.145-05:00","source":{"id":"0","name":"eventBus"}}
{"__type":"$$EventMessageNode","id":"e41075f7-5889-48c3-b509-82102e183009","ts":"2026-07-24T20:05:55.145-05:00","eventName":"n8n.node.finished","message":"n8n.node.finished","payload":{"workflowId":"IqhxSGlB1Zsi0TSG","workflowName":"My workflow","executionId":"161","nodeType":"n8n-nodes-base.code","nodeName":"Code in JavaScript1","nodeId":"454499ac-2f2e-48d0-9b97-6f4abf298757"}}
{"__type":"$$EventMessageConfirm","confirm":"e41075f7-5889-48c3-b509-82102e183009","ts":"2026-07-24T20:05:55.145-05:00","source":{"id":"0","name":"eventBus"}}
{"__type":"$$EventMessageWorkflow","id":"c3f7de05-ffc7-475e-a991-9ef1a008fa7a","ts":"2026-07-24T20:05:55.151-05:00","eventName":"n8n.workflow.success","message":"n8n.workflow.success","payload":{"userId":"b9b1db79-eccb-44ec-a1ac-88eb796fc5f5","executionId":"161","success":true,"isManual":true,"mode":"manual","workflowId":"IqhxSGlB1Zsi0TSG","workflowName":"My workflow","projectId":"2waiwXdPc8W3Avzz","projectName":"Jamil  andy <andi1998jamil@gmail.com>"}}
{"__type":"$$EventMessageConfirm","confirm":"c3f7de05-ffc7-475e-a991-9ef1a008fa7a","ts":"2026-07-24T20:05:55.151-05:00","source":{"id":"0","name":"eventBus"}}
{"__type":"$$EventMessageAudit","id":"e90d6ebc-3d68-45bf-b094-7e5248bcaa1d","ts":"2026-07-24T20:16:33.198-05:00","eventName":"n8n.audit.workflow.executed","message":"n8n.audit.workflow.executed","payload":{"userId":"b9b1db79-eccb-44ec-a1ac-88eb796fc5f5","_email":"andi1998jamil@gmail.com","_firstName":"Jamil","_lastName":" andy","globalRole":"global:owner","workflowId":"IqhxSGlB1Zsi0TSG","workflowName":"My workflow","executionId":"162","source":"user-manual"}}
{"__type":"$$EventMessageConfirm","confirm":"e90d6ebc-3d68-45bf-b094-7e5248bcaa1d","ts":"2026-07-24T20:16:33.198-05:00","source":{"id":"0","name":"eventBus"}}
{"__type":"$$EventMessageWorkflow","id":"91204437-de7f-427b-8418-853af99ac3a8","ts":"2026-07-24T20:16:33.198-05:00","eventName":"n8n.workflow.started","message":"n8n.workflow.started","payload":{"executionId":"162","workflowId":"IqhxSGlB1Zsi0TSG","isManual":false,"mode":"manual","workflowName":"My workflow","projectId":"2waiwXdPc8W3Avzz","projectName":"Jamil  andy <andi1998jamil@gmail.com>"}}
{"__type":"$$EventMessageConfirm","confirm":"91204437-de7f-427b-8418-853af99ac3a8","ts":"2026-07-24T20:16:33.198-05:00","source":{"id":"0","name":"eventBus"}}
{"__type":"$$EventMessageNode","id":"233c8974-ce11-44c6-bdd0-6995542fd904","ts":"2026-07-24T20:16:33.212-05:00","eventName":"n8n.node.started","message":"n8n.node.started","payload":{"workflowId":"IqhxSGlB1Zsi0TSG","workflowName":"My workflow","executionId":"162","nodeType":"n8n-nodes-base.code","nodeName":"Code in JavaScript1","nodeId":"454499ac-2f2e-48d0-9b97-6f4abf298757"}}
{"__type":"$$EventMessageConfirm","confirm":"233c8974-ce11-44c6-bdd0-6995542fd904","ts":"2026-07-24T20:16:33.213-05:00","source":{"id":"0","name":"eventBus"}}
{"__type":"$$EventMessageRunner","id":"302a57b9-d02d-4cc9-8ee5-4d9108f7d6ae","ts":"2026-07-24T20:16:33.214-05:00","eventName":"n8n.runner.task.requested","message":"n8n.runner.task.requested","payload":{"taskId":"5PJn6bG6","nodeId":"454499ac-2f2e-48d0-9b97-6f4abf298757","workflowId":"IqhxSGlB1Zsi0TSG","executionId":"162"}}
{"__type":"$$EventMessageConfirm","confirm":"302a57b9-d02d-4cc9-8ee5-4d9108f7d6ae","ts":"2026-07-24T20:16:33.214-05:00","source":{"id":"0","name":"eventBus"}}
{"__type":"$$EventMessageRunner","id":"6d9ee4ff-076a-4764-b36e-ddc8b58b0707","ts":"2026-07-24T20:16:33.240-05:00","eventName":"n8n.runner.response.received","message":"n8n.runner.response.received","payload":{"taskId":"5PJn6bG6","nodeId":"454499ac-2f2e-48d0-9b97-6f4abf298757","workflowId":"IqhxSGlB1Zsi0TSG","executionId":"162"}}
{"__type":"$$EventMessageConfirm","confirm":"6d9ee4ff-076a-4764-b36e-ddc8b58b0707","ts":"2026-07-24T20:16:33.240-05:00","source":{"id":"0","name":"eventBus"}}
{"__type":"$$EventMessageNode","id":"68922e2e-b777-4476-80c2-eb7989bd8130","ts":"2026-07-24T20:16:33.241-05:00","eventName":"n8n.node.finished","message":"n8n.node.finished","payload":{"workflowId":"IqhxSGlB1Zsi0TSG","workflowName":"My workflow","executionId":"162","nodeType":"n8n-nodes-base.code","nodeName":"Code in JavaScript1","nodeId":"454499ac-2f2e-48d0-9b97-6f4abf298757"}}
{"__type":"$$EventMessageConfirm","confirm":"68922e2e-b777-4476-80c2-eb7989bd8130","ts":"2026-07-24T20:16:33.241-05:00","source":{"id":"0","name":"eventBus"}}
{"__type":"$$EventMessageWorkflow","id":"c6df20c3-d2f5-4e7b-8e48-b1d352ce0f71","ts":"2026-07-24T20:16:33.243-05:00","eventName":"n8n.workflow.success","message":"n8n.workflow.success","payload":{"userId":"b9b1db79-eccb-44ec-a1ac-88eb796fc5f5","executionId":"162","success":true,"isManual":true,"mode":"manual","workflowId":"IqhxSGlB1Zsi0TSG","workflowName":"My workflow","projectId":"2waiwXdPc8W3Avzz","projectName":"Jamil  andy <andi1998jamil@gmail.com>"}}
{"__type":"$$EventMessageConfirm","confirm":"c6df20c3-d2f5-4e7b-8e48-b1d352ce0f71","ts":"2026-07-24T20:16:33.243-05:00","source":{"id":"0","name":"eventBus"}}
{"__type":"$$EventMessageAudit","id":"24f10601-ed1d-4858-b7ad-11dd85db1606","ts":"2026-07-24T20:16:44.194-05:00","eventName":"n8n.audit.workflow.executed","message":"n8n.audit.workflow.executed","payload":{"userId":"b9b1db79-eccb-44ec-a1ac-88eb796fc5f5","_email":"andi1998jamil@gmail.com","_firstName":"Jamil","_lastName":" andy","globalRole":"global:owner","workflowId":"IqhxSGlB1Zsi0TSG","workflowName":"My workflow","executionId":"163","source":"user-manual"}}
{"__type":"$$EventMessageConfirm","confirm":"24f10601-ed1d-4858-b7ad-11dd85db1606","ts":"2026-07-24T20:16:44.194-05:00","source":{"id":"0","name":"eventBus"}}
{"__type":"$$EventMessageWorkflow","id":"7aa131ee-6b4e-40f8-8575-1f59811f52bc","ts":"2026-07-24T20:16:44.195-05:00","eventName":"n8n.workflow.started","message":"n8n.workflow.started","payload":{"executionId":"163","workflowId":"IqhxSGlB1Zsi0TSG","isManual":false,"mode":"manual","workflowName":"My workflow","projectId":"2waiwXdPc8W3Avzz","projectName":"Jamil  andy <andi1998jamil@gmail.com>"}}
{"__type":"$$EventMessageConfirm","confirm":"7aa131ee-6b4e-40f8-8575-1f59811f52bc","ts":"2026-07-24T20:16:44.195-05:00","source":{"id":"0","name":"eventBus"}}
{"__type":"$$EventMessageNode","id":"94803ce0-6c70-4fb3-989b-ede590d910bd","ts":"2026-07-24T20:16:44.209-05:00","eventName":"n8n.node.started","message":"n8n.node.started","payload":{"workflowId":"IqhxSGlB1Zsi0TSG","workflowName":"My workflow","executionId":"163","nodeType":"n8n-nodes-base.dropbox","nodeName":"Upload a file","nodeId":"554a3672-b5c9-4fd4-a0d5-0238ab5791f7"}}
{"__type":"$$EventMessageConfirm","confirm":"94803ce0-6c70-4fb3-989b-ede590d910bd","ts":"2026-07-24T20:16:44.210-05:00","source":{"id":"0","name":"eventBus"}}
{"__type":"$$EventMessageNode","id":"f96d2dc9-77ef-420e-a730-e87f3ef10225","ts":"2026-07-24T20:16:49.004-05:00","eventName":"n8n.node.finished","message":"n8n.node.finished","payload":{"workflowId":"IqhxSGlB1Zsi0TSG","workflowName":"My workflow","executionId":"163","nodeType":"n8n-nodes-base.dropbox","nodeName":"Upload a file","nodeId":"554a3672-b5c9-4fd4-a0d5-0238ab5791f7"}}
{"__type":"$$EventMessageConfirm","confirm":"f96d2dc9-77ef-420e-a730-e87f3ef10225","ts":"2026-07-24T20:16:49.004-05:00","source":{"id":"0","name":"eventBus"}}
{"__type":"$$EventMessageWorkflow","id":"3fe135e1-92d4-43ff-8bcb-91e4886a933e","ts":"2026-07-24T20:16:49.009-05:00","eventName":"n8n.workflow.success","message":"n8n.workflow.success","payload":{"userId":"b9b1db79-eccb-44ec-a1ac-88eb796fc5f5","executionId":"163","success":true,"isManual":true,"mode":"manual","workflowId":"IqhxSGlB1Zsi0TSG","workflowName":"My workflow","projectId":"2waiwXdPc8W3Avzz","projectName":"Jamil  andy <andi1998jamil@gmail.com>"}}
{"__type":"$$EventMessageConfirm","confirm":"3fe135e1-92d4-43ff-8bcb-91e4886a933e","ts":"2026-07-24T20:16:49.009-05:00","source":{"id":"0","name":"eventBus"}}
{"__type":"$$EventMessageAudit","id":"422f4c95-c0e1-4905-a66c-50911bfa5b96","ts":"2026-07-24T20:17:37.772-05:00","eventName":"n8n.audit.workflow.updated","message":"n8n.audit.workflow.updated","payload":{"userId":"b9b1db79-eccb-44ec-a1ac-88eb796fc5f5","_email":"andi1998jamil@gmail.com","_firstName":"Jamil","_lastName":" andy","globalRole":"global:owner","workflowId":"IqhxSGlB1Zsi0TSG","workflowName":"My workflow"}}
{"__type":"$$EventMessageConfirm","confirm":"422f4c95-c0e1-4905-a66c-50911bfa5b96","ts":"2026-07-24T20:17:37.772-05:00","source":{"id":"0","name":"eventBus"}}
{"__type":"$$EventMessageAudit","id":"0b8e8871-5dc9-4ac4-9c50-d7f3c808f555","ts":"2026-07-24T20:17:41.242-05:00","eventName":"n8n.audit.workflow.updated","message":"n8n.audit.workflow.updated","payload":{"userId":"b9b1db79-eccb-44ec-a1ac-88eb796fc5f5","_email":"andi1998jamil@gmail.com","_firstName":"Jamil","_lastName":" andy","globalRole":"global:owner","workflowId":"IqhxSGlB1Zsi0TSG","workflowName":"My workflow"}}
{"__type":"$$EventMessageConfirm","confirm":"0b8e8871-5dc9-4ac4-9c50-d7f3c808f555","ts":"2026-07-24T20:17:41.243-05:00","source":{"id":"0","name":"eventBus"}}
{"__type":"$$EventMessageAudit","id":"f1c5fee9-dcfa-4d69-9a99-7661f471b365","ts":"2026-07-24T20:18:17.095-05:00","eventName":"n8n.audit.workflow.updated","message":"n8n.audit.workflow.updated","payload":{"userId":"b9b1db79-eccb-44ec-a1ac-88eb796fc5f5","_email":"andi1998jamil@gmail.com","_firstName":"Jamil","_lastName":" andy","globalRole":"global:owner","workflowId":"IqhxSGlB1Zsi0TSG","workflowName":"My workflow"}}
{"__type":"$$EventMessageConfirm","confirm":"f1c5fee9-dcfa-4d69-9a99-7661f471b365","ts":"2026-07-24T20:18:17.095-05:00","source":{"id":"0","name":"eventBus"}}
{"__type":"$$EventMessageAudit","id":"784786b8-6542-45ae-a654-c0a4fe9f340f","ts":"2026-07-24T20:18:19.655-05:00","eventName":"n8n.audit.workflow.updated","message":"n8n.audit.workflow.updated","payload":{"userId":"b9b1db79-eccb-44ec-a1ac-88eb796fc5f5","_email":"andi1998jamil@gmail.com","_firstName":"Jamil","_lastName":" andy","globalRole":"global:owner","workflowId":"IqhxSGlB1Zsi0TSG","workflowName":"My workflow"}}
{"__type":"$$EventMessageConfirm","confirm":"784786b8-6542-45ae-a654-c0a4fe9f340f","ts":"2026-07-24T20:18:19.655-05:00","source":{"id":"0","name":"eventBus"}}
{"__type":"$$EventMessageAudit","id":"6516c071-514a-41cd-ad98-8c57a07aad0b","ts":"2026-07-24T20:18:21.477-05:00","eventName":"n8n.audit.workflow.updated","message":"n8n.audit.workflow.updated","payload":{"userId":"b9b1db79-eccb-44ec-a1ac-88eb796fc5f5","_email":"andi1998jamil@gmail.com","_firstName":"Jamil","_lastName":" andy","globalRole":"global:owner","workflowId":"IqhxSGlB1Zsi0TSG","workflowName":"My workflow"}}
{"__type":"$$EventMessageConfirm","confirm":"6516c071-514a-41cd-ad98-8c57a07aad0b","ts":"2026-07-24T20:18:21.477-05:00","source":{"id":"0","name":"eventBus"}}
{"__type":"$$EventMessageAudit","id":"21efa2aa-9ca8-4b66-9fdc-d99f3da52757","ts":"2026-07-24T20:18:23.395-05:00","eventName":"n8n.audit.workflow.updated","message":"n8n.audit.workflow.updated","payload":{"userId":"b9b1db79-eccb-44ec-a1ac-88eb796fc5f5","_email":"andi1998jamil@gmail.com","_firstName":"Jamil","_lastName":" andy","globalRole":"global:owner","workflowId":"IqhxSGlB1Zsi0TSG","workflowName":"My workflow"}}
{"__type":"$$EventMessageConfirm","confirm":"21efa2aa-9ca8-4b66-9fdc-d99f3da52757","ts":"2026-07-24T20:18:23.395-05:00","source":{"id":"0","name":"eventBus"}}
{"__type":"$$EventMessageAudit","id":"daa19c8a-11c7-4e98-85e9-4d2d3e2e83d9","ts":"2026-07-24T20:18:35.092-05:00","eventName":"n8n.audit.workflow.updated","message":"n8n.audit.workflow.updated","payload":{"userId":"b9b1db79-eccb-44ec-a1ac-88eb796fc5f5","_email":"andi1998jamil@gmail.com","_firstName":"Jamil","_lastName":" andy","globalRole":"global:owner","workflowId":"IqhxSGlB1Zsi0TSG","workflowName":"My workflow"}}
{"__type":"$$EventMessageConfirm","confirm":"daa19c8a-11c7-4e98-85e9-4d2d3e2e83d9","ts":"2026-07-24T20:18:35.092-05:00","source":{"id":"0","name":"eventBus"}}
{"__type":"$$EventMessageAudit","id":"aee8bbdf-0dc7-4bbf-b81f-8799692cd9a1","ts":"2026-07-24T20:19:04.435-05:00","eventName":"n8n.audit.workflow.updated","message":"n8n.audit.workflow.updated","payload":{"userId":"b9b1db79-eccb-44ec-a1ac-88eb796fc5f5","_email":"andi1998jamil@gmail.com","_firstName":"Jamil","_lastName":" andy","globalRole":"global:owner","workflowId":"IqhxSGlB1Zsi0TSG","workflowName":"My workflow"}}
{"__type":"$$EventMessageConfirm","confirm":"aee8bbdf-0dc7-4bbf-b81f-8799692cd9a1","ts":"2026-07-24T20:19:04.435-05:00","source":{"id":"0","name":"eventBus"}}
{"__type":"$$EventMessageAudit","id":"c948251e-e39a-4b11-8f69-7fcb8eff0b52","ts":"2026-07-24T20:19:06.346-05:00","eventName":"n8n.audit.workflow.updated","message":"n8n.audit.workflow.updated","payload":{"userId":"b9b1db79-eccb-44ec-a1ac-88eb796fc5f5","_email":"andi1998jamil@gmail.com","_firstName":"Jamil","_lastName":" andy","globalRole":"global:owner","workflowId":"IqhxSGlB1Zsi0TSG","workflowName":"My workflow"}}
{"__type":"$$EventMessageConfirm","confirm":"c948251e-e39a-4b11-8f69-7fcb8eff0b52","ts":"2026-07-24T20:19:06.346-05:00","source":{"id":"0","name":"eventBus"}}
{"__type":"$$EventMessageAudit","id":"61e08be0-7b84-4cf0-af0c-4832d28840ed","ts":"2026-07-24T20:19:12.797-05:00","eventName":"n8n.audit.workflow.updated","message":"n8n.audit.workflow.updated","payload":{"userId":"b9b1db79-eccb-44ec-a1ac-88eb796fc5f5","_email":"andi1998jamil@gmail.com","_firstName":"Jamil","_lastName":" andy","globalRole":"global:owner","workflowId":"IqhxSGlB1Zsi0TSG","workflowName":"My workflow"}}
{"__type":"$$EventMessageConfirm","confirm":"61e08be0-7b84-4cf0-af0c-4832d28840ed","ts":"2026-07-24T20:19:12.797-05:00","source":{"id":"0","name":"eventBus"}}
{"__type":"$$EventMessageAudit","id":"c297617b-179e-4933-a61c-25507bbe375e","ts":"2026-07-24T20:19:20.344-05:00","eventName":"n8n.audit.workflow.updated","message":"n8n.audit.workflow.updated","payload":{"userId":"b9b1db79-eccb-44ec-a1ac-88eb796fc5f5","_email":"andi1998jamil@gmail.com","_firstName":"Jamil","_lastName":" andy","globalRole":"global:owner","workflowId":"IqhxSGlB1Zsi0TSG","workflowName":"My workflow"}}
{"__type":"$$EventMessageConfirm","confirm":"c297617b-179e-4933-a61c-25507bbe375e","ts":"2026-07-24T20:19:20.344-05:00","source":{"id":"0","name":"eventBus"}}
{"__type":"$$EventMessageAudit","id":"3e758ba1-cf16-48d5-aad2-ea7c9a24f56f","ts":"2026-07-24T20:19:24.039-05:00","eventName":"n8n.audit.workflow.updated","message":"n8n.audit.workflow.updated","payload":{"userId":"b9b1db79-eccb-44ec-a1ac-88eb796fc5f5","_email":"andi1998jamil@gmail.com","_firstName":"Jamil","_lastName":" andy","globalRole":"global:owner","workflowId":"IqhxSGlB1Zsi0TSG","workflowName":"My workflow"}}
{"__type":"$$EventMessageConfirm","confirm":"3e758ba1-cf16-48d5-aad2-ea7c9a24f56f","ts":"2026-07-24T20:19:24.039-05:00","source":{"id":"0","name":"eventBus"}}
{"__type":"$$EventMessageAudit","id":"8289a7b1-b1a5-4309-a399-7cc6c175452f","ts":"2026-07-24T20:19:26.089-05:00","eventName":"n8n.audit.workflow.updated","message":"n8n.audit.workflow.updated","payload":{"userId":"b9b1db79-eccb-44ec-a1ac-88eb796fc5f5","_email":"andi1998jamil@gmail.com","_firstName":"Jamil","_lastName":" andy","globalRole":"global:owner","workflowId":"IqhxSGlB1Zsi0TSG","workflowName":"My workflow"}}
{"__type":"$$EventMessageConfirm","confirm":"8289a7b1-b1a5-4309-a399-7cc6c175452f","ts":"2026-07-24T20:19:26.089-05:00","source":{"id":"0","name":"eventBus"}}
{"__type":"$$EventMessageAudit","id":"81c1368d-84c3-4dc0-91fd-5a77aa090635","ts":"2026-07-24T20:19:30.830-05:00","eventName":"n8n.audit.workflow.updated","message":"n8n.audit.workflow.updated","payload":{"userId":"b9b1db79-eccb-44ec-a1ac-88eb796fc5f5","_email":"andi1998jamil@gmail.com","_firstName":"Jamil","_lastName":" andy","globalRole":"global:owner","workflowId":"IqhxSGlB1Zsi0TSG","workflowName":"My workflow"}}
{"__type":"$$EventMessageConfirm","confirm":"81c1368d-84c3-4dc0-91fd-5a77aa090635","ts":"2026-07-24T20:19:30.830-05:00","source":{"id":"0","name":"eventBus"}}
{"__type":"$$EventMessageAudit","id":"5f43f36d-3c74-4601-a5eb-615a7a202662","ts":"2026-07-24T20:19:33.248-05:00","eventName":"n8n.audit.workflow.updated","message":"n8n.audit.workflow.updated","payload":{"userId":"b9b1db79-eccb-44ec-a1ac-88eb796fc5f5","_email":"andi1998jamil@gmail.com","_firstName":"Jamil","_lastName":" andy","globalRole":"global:owner","workflowId":"IqhxSGlB1Zsi0TSG","workflowName":"My workflow"}}
{"__type":"$$EventMessageConfirm","confirm":"5f43f36d-3c74-4601-a5eb-615a7a202662","ts":"2026-07-24T20:19:33.248-05:00","source":{"id":"0","name":"eventBus"}}
{"__type":"$$EventMessageAudit","id":"a894a340-1c96-4a5e-99b7-8f65d5ce1772","ts":"2026-07-24T20:19:36.820-05:00","eventName":"n8n.audit.workflow.updated","message":"n8n.audit.workflow.updated","payload":{"userId":"b9b1db79-eccb-44ec-a1ac-88eb796fc5f5","_email":"andi1998jamil@gmail.com","_firstName":"Jamil","_lastName":" andy","globalRole":"global:owner","workflowId":"IqhxSGlB1Zsi0TSG","workflowName":"My workflow"}}
{"__type":"$$EventMessageConfirm","confirm":"a894a340-1c96-4a5e-99b7-8f65d5ce1772","ts":"2026-07-24T20:19:36.821-05:00","source":{"id":"0","name":"eventBus"}}
{"__type":"$$EventMessageAudit","id":"3de3620d-57ac-49d8-96cd-7634f90676d0","ts":"2026-07-24T20:19:41.451-05:00","eventName":"n8n.audit.workflow.updated","message":"n8n.audit.workflow.updated","payload":{"userId":"b9b1db79-eccb-44ec-a1ac-88eb796fc5f5","_email":"andi1998jamil@gmail.com","_firstName":"Jamil","_lastName":" andy","globalRole":"global:owner","workflowId":"IqhxSGlB1Zsi0TSG","workflowName":"My workflow"}}
{"__type":"$$EventMessageConfirm","confirm":"3de3620d-57ac-49d8-96cd-7634f90676d0","ts":"2026-07-24T20:19:41.451-05:00","source":{"id":"0","name":"eventBus"}}
{"__type":"$$EventMessageAudit","id":"68fce66e-a88a-4274-ae5a-0d4e0f7de9f9","ts":"2026-07-24T20:19:43.503-05:00","eventName":"n8n.audit.workflow.updated","message":"n8n.audit.workflow.updated","payload":{"userId":"b9b1db79-eccb-44ec-a1ac-88eb796fc5f5","_email":"andi1998jamil@gmail.com","_firstName":"Jamil","_lastName":" andy","globalRole":"global:owner","workflowId":"IqhxSGlB1Zsi0TSG","workflowName":"My workflow"}}
{"__type":"$$EventMessageConfirm","confirm":"68fce66e-a88a-4274-ae5a-0d4e0f7de9f9","ts":"2026-07-24T20:19:43.503-05:00","source":{"id":"0","name":"eventBus"}}
{"__type":"$$EventMessageAudit","id":"43865ff7-4554-4aa6-87f5-09e9e819f7f5","ts":"2026-07-24T20:19:46.243-05:00","eventName":"n8n.audit.workflow.updated","message":"n8n.audit.workflow.updated","payload":{"userId":"b9b1db79-eccb-44ec-a1ac-88eb796fc5f5","_email":"andi1998jamil@gmail.com","_firstName":"Jamil","_lastName":" andy","globalRole":"global:owner","workflowId":"IqhxSGlB1Zsi0TSG","workflowName":"My workflow"}}
{"__type":"$$EventMessageConfirm","confirm":"43865ff7-4554-4aa6-87f5-09e9e819f7f5","ts":"2026-07-24T20:19:46.243-05:00","source":{"id":"0","name":"eventBus"}}
{"__type":"$$EventMessageAudit","id":"d6af0b62-4844-4ff3-bbdf-bbe24d948aae","ts":"2026-07-24T20:19:48.696-05:00","eventName":"n8n.audit.workflow.updated","message":"n8n.audit.workflow.updated","payload":{"userId":"b9b1db79-eccb-44ec-a1ac-88eb796fc5f5","_email":"andi1998jamil@gmail.com","_firstName":"Jamil","_lastName":" andy","globalRole":"global:owner","workflowId":"IqhxSGlB1Zsi0TSG","workflowName":"My workflow"}}
{"__type":"$$EventMessageConfirm","confirm":"d6af0b62-4844-4ff3-bbdf-bbe24d948aae","ts":"2026-07-24T20:19:48.696-05:00","source":{"id":"0","name":"eventBus"}}
{"__type":"$$EventMessageAudit","id":"7920159e-00e0-4c25-9e80-d2dd0f88acb5","ts":"2026-07-24T20:19:51.168-05:00","eventName":"n8n.audit.workflow.updated","message":"n8n.audit.workflow.updated","payload":{"userId":"b9b1db79-eccb-44ec-a1ac-88eb796fc5f5","_email":"andi1998jamil@gmail.com","_firstName":"Jamil","_lastName":" andy","globalRole":"global:owner","workflowId":"IqhxSGlB1Zsi0TSG","workflowName":"My workflow"}}
{"__type":"$$EventMessageConfirm","confirm":"7920159e-00e0-4c25-9e80-d2dd0f88acb5","ts":"2026-07-24T20:19:51.168-05:00","source":{"id":"0","name":"eventBus"}}
{"__type":"$$EventMessageAudit","id":"7a1ae7bd-c981-4fa1-addd-4ab67f3d2e71","ts":"2026-07-24T20:19:55.671-05:00","eventName":"n8n.audit.workflow.updated","message":"n8n.audit.workflow.updated","payload":{"userId":"b9b1db79-eccb-44ec-a1ac-88eb796fc5f5","_email":"andi1998jamil@gmail.com","_firstName":"Jamil","_lastName":" andy","globalRole":"global:owner","workflowId":"IqhxSGlB1Zsi0TSG","workflowName":"My workflow"}}
{"__type":"$$EventMessageConfirm","confirm":"7a1ae7bd-c981-4fa1-addd-4ab67f3d2e71","ts":"2026-07-24T20:19:55.672-05:00","source":{"id":"0","name":"eventBus"}}
{"__type":"$$EventMessageAudit","id":"14c4a6bd-ceb0-4661-bb06-25ea6c6e4c29","ts":"2026-07-24T20:19:58.946-05:00","eventName":"n8n.audit.workflow.updated","message":"n8n.audit.workflow.updated","payload":{"userId":"b9b1db79-eccb-44ec-a1ac-88eb796fc5f5","_email":"andi1998jamil@gmail.com","_firstName":"Jamil","_lastName":" andy","globalRole":"global:owner","workflowId":"IqhxSGlB1Zsi0TSG","workflowName":"My workflow"}}
{"__type":"$$EventMessageConfirm","confirm":"14c4a6bd-ceb0-4661-bb06-25ea6c6e4c29","ts":"2026-07-24T20:19:58.947-05:00","source":{"id":"0","name":"eventBus"}}
{"__type":"$$EventMessageAudit","id":"5c935a1c-4009-468e-b6f0-13e79d17b38a","ts":"2026-07-24T20:20:01.334-05:00","eventName":"n8n.audit.workflow.updated","message":"n8n.audit.workflow.updated","payload":{"userId":"b9b1db79-eccb-44ec-a1ac-88eb796fc5f5","_email":"andi1998jamil@gmail.com","_firstName":"Jamil","_lastName":" andy","globalRole":"global:owner","workflowId":"IqhxSGlB1Zsi0TSG","workflowName":"My workflow"}}
{"__type":"$$EventMessageConfirm","confirm":"5c935a1c-4009-468e-b6f0-13e79d17b38a","ts":"2026-07-24T20:20:01.335-05:00","source":{"id":"0","name":"eventBus"}}
{"__type":"$$EventMessageAudit","id":"5a95b0c9-b9f5-491d-b85b-966514afc5b3","ts":"2026-07-24T20:20:06.570-05:00","eventName":"n8n.audit.workflow.updated","message":"n8n.audit.workflow.updated","payload":{"userId":"b9b1db79-eccb-44ec-a1ac-88eb796fc5f5","_email":"andi1998jamil@gmail.com","_firstName":"Jamil","_lastName":" andy","globalRole":"global:owner","workflowId":"IqhxSGlB1Zsi0TSG","workflowName":"My workflow"}}
{"__type":"$$EventMessageConfirm","confirm":"5a95b0c9-b9f5-491d-b85b-966514afc5b3","ts":"2026-07-24T20:20:06.571-05:00","source":{"id":"0","name":"eventBus"}}
{"__type":"$$EventMessageAudit","id":"0c54086b-8152-4fd3-afa2-de400597e47e","ts":"2026-07-24T20:20:09.397-05:00","eventName":"n8n.audit.workflow.updated","message":"n8n.audit.workflow.updated","payload":{"userId":"b9b1db79-eccb-44ec-a1ac-88eb796fc5f5","_email":"andi1998jamil@gmail.com","_firstName":"Jamil","_lastName":" andy","globalRole":"global:owner","workflowId":"IqhxSGlB1Zsi0TSG","workflowName":"My workflow"}}
{"__type":"$$EventMessageConfirm","confirm":"0c54086b-8152-4fd3-afa2-de400597e47e","ts":"2026-07-24T20:20:09.397-05:00","source":{"id":"0","name":"eventBus"}}
{"__type":"$$EventMessageAudit","id":"561498c4-62db-474b-b205-c416815f5202","ts":"2026-07-24T20:20:13.385-05:00","eventName":"n8n.audit.workflow.updated","message":"n8n.audit.workflow.updated","payload":{"userId":"b9b1db79-eccb-44ec-a1ac-88eb796fc5f5","_email":"andi1998jamil@gmail.com","_firstName":"Jamil","_lastName":" andy","globalRole":"global:owner","workflowId":"IqhxSGlB1Zsi0TSG","workflowName":"My workflow"}}
{"__type":"$$EventMessageConfirm","confirm":"561498c4-62db-474b-b205-c416815f5202","ts":"2026-07-24T20:20:13.385-05:00","source":{"id":"0","name":"eventBus"}}
{"__type":"$$EventMessageAudit","id":"33263309-30ba-4140-b69b-9655d6ae004e","ts":"2026-07-24T20:20:15.642-05:00","eventName":"n8n.audit.workflow.updated","message":"n8n.audit.workflow.updated","payload":{"userId":"b9b1db79-eccb-44ec-a1ac-88eb796fc5f5","_email":"andi1998jamil@gmail.com","_firstName":"Jamil","_lastName":" andy","globalRole":"global:owner","workflowId":"IqhxSGlB1Zsi0TSG","workflowName":"My workflow"}}
{"__type":"$$EventMessageConfirm","confirm":"33263309-30ba-4140-b69b-9655d6ae004e","ts":"2026-07-24T20:20:15.642-05:00","source":{"id":"0","name":"eventBus"}}
{"__type":"$$EventMessageAudit","id":"d1db8ffd-bd5c-4470-8fc1-a4583e26b286","ts":"2026-07-24T20:20:18.184-05:00","eventName":"n8n.audit.workflow.updated","message":"n8n.audit.workflow.updated","payload":{"userId":"b9b1db79-eccb-44ec-a1ac-88eb796fc5f5","_email":"andi1998jamil@gmail.com","_firstName":"Jamil","_lastName":" andy","globalRole":"global:owner","workflowId":"IqhxSGlB1Zsi0TSG","workflowName":"My workflow"}}
{"__type":"$$EventMessageConfirm","confirm":"d1db8ffd-bd5c-4470-8fc1-a4583e26b286","ts":"2026-07-24T20:20:18.184-05:00","source":{"id":"0","name":"eventBus"}}
{"__type":"$$EventMessageAudit","id":"935da4be-37f5-4791-8f8d-6bd92687769a","ts":"2026-07-24T20:20:23.608-05:00","eventName":"n8n.audit.workflow.updated","message":"n8n.audit.workflow.updated","payload":{"userId":"b9b1db79-eccb-44ec-a1ac-88eb796fc5f5","_email":"andi1998jamil@gmail.com","_firstName":"Jamil","_lastName":" andy","globalRole":"global:owner","workflowId":"IqhxSGlB1Zsi0TSG","workflowName":"My workflow"}}
{"__type":"$$EventMessageConfirm","confirm":"935da4be-37f5-4791-8f8d-6bd92687769a","ts":"2026-07-24T20:20:23.608-05:00","source":{"id":"0","name":"eventBus"}}
{"__type":"$$EventMessageAudit","id":"eeba1fb0-ea6a-45d4-831e-87a134ee46b1","ts":"2026-07-24T20:20:29.802-05:00","eventName":"n8n.audit.workflow.updated","message":"n8n.audit.workflow.updated","payload":{"userId":"b9b1db79-eccb-44ec-a1ac-88eb796fc5f5","_email":"andi1998jamil@gmail.com","_firstName":"Jamil","_lastName":" andy","globalRole":"global:owner","workflowId":"IqhxSGlB1Zsi0TSG","workflowName":"My workflow"}}
{"__type":"$$EventMessageConfirm","confirm":"eeba1fb0-ea6a-45d4-831e-87a134ee46b1","ts":"2026-07-24T20:20:29.803-05:00","source":{"id":"0","name":"eventBus"}}
{"__type":"$$EventMessageAudit","id":"f5ff7e2d-347a-4fcc-bff4-ea7155714f6f","ts":"2026-07-24T20:20:31.712-05:00","eventName":"n8n.audit.workflow.updated","message":"n8n.audit.workflow.updated","payload":{"userId":"b9b1db79-eccb-44ec-a1ac-88eb796fc5f5","_email":"andi1998jamil@gmail.com","_firstName":"Jamil","_lastName":" andy","globalRole":"global:owner","workflowId":"IqhxSGlB1Zsi0TSG","workflowName":"My workflow"}}
{"__type":"$$EventMessageConfirm","confirm":"f5ff7e2d-347a-4fcc-bff4-ea7155714f6f","ts":"2026-07-24T20:20:31.712-05:00","source":{"id":"0","name":"eventBus"}}
{"__type":"$$EventMessageAudit","id":"84f3c1b8-4f58-4cef-8e17-b3070615c9c1","ts":"2026-07-24T20:20:34.190-05:00","eventName":"n8n.audit.workflow.updated","message":"n8n.audit.workflow.updated","payload":{"userId":"b9b1db79-eccb-44ec-a1ac-88eb796fc5f5","_email":"andi1998jamil@gmail.com","_firstName":"Jamil","_lastName":" andy","globalRole":"global:owner","workflowId":"IqhxSGlB1Zsi0TSG","workflowName":"My workflow"}}
{"__type":"$$EventMessageConfirm","confirm":"84f3c1b8-4f58-4cef-8e17-b3070615c9c1","ts":"2026-07-24T20:20:34.190-05:00","source":{"id":"0","name":"eventBus"}}
{"__type":"$$EventMessageAudit","id":"f8f458c2-ef17-44ae-9284-f81ab78919aa","ts":"2026-07-24T20:20:55.138-05:00","eventName":"n8n.audit.workflow.updated","message":"n8n.audit.workflow.updated","payload":{"userId":"b9b1db79-eccb-44ec-a1ac-88eb796fc5f5","_email":"andi1998jamil@gmail.com","_firstName":"Jamil","_lastName":" andy","globalRole":"global:owner","workflowId":"IqhxSGlB1Zsi0TSG","workflowName":"My workflow"}}
{"__type":"$$EventMessageConfirm","confirm":"f8f458c2-ef17-44ae-9284-f81ab78919aa","ts":"2026-07-24T20:20:55.139-05:00","source":{"id":"0","name":"eventBus"}}
{"__type":"$$EventMessageAudit","id":"73f0e3cd-5165-4cf6-850f-36d11c4386ae","ts":"2026-07-24T20:20:56.591-05:00","eventName":"n8n.audit.workflow.executed","message":"n8n.audit.workflow.executed","payload":{"userId":"b9b1db79-eccb-44ec-a1ac-88eb796fc5f5","_email":"andi1998jamil@gmail.com","_firstName":"Jamil","_lastName":" andy","globalRole":"global:owner","workflowId":"IqhxSGlB1Zsi0TSG","workflowName":"My workflow","executionId":"164","source":"user-manual"}}
{"__type":"$$EventMessageConfirm","confirm":"73f0e3cd-5165-4cf6-850f-36d11c4386ae","ts":"2026-07-24T20:20:56.591-05:00","source":{"id":"0","name":"eventBus"}}
{"__type":"$$EventMessageWorkflow","id":"652e6e6f-bf51-418a-b568-c3774ef7a5b3","ts":"2026-07-24T20:20:56.592-05:00","eventName":"n8n.workflow.started","message":"n8n.workflow.started","payload":{"executionId":"164","workflowId":"IqhxSGlB1Zsi0TSG","isManual":false,"mode":"manual","workflowName":"My workflow","projectId":"2waiwXdPc8W3Avzz","projectName":"Jamil  andy <andi1998jamil@gmail.com>"}}
{"__type":"$$EventMessageConfirm","confirm":"652e6e6f-bf51-418a-b568-c3774ef7a5b3","ts":"2026-07-24T20:20:56.592-05:00","source":{"id":"0","name":"eventBus"}}
{"__type":"$$EventMessageNode","id":"1885ac9b-ebe8-417c-9c78-c6ca5334038e","ts":"2026-07-24T20:20:56.606-05:00","eventName":"n8n.node.started","message":"n8n.node.started","payload":{"workflowId":"IqhxSGlB1Zsi0TSG","workflowName":"My workflow","executionId":"164","nodeType":"@n8n/n8n-nodes-langchain.googleGemini","nodeName":"Analyze document","nodeId":"069f5784-5f0a-4325-add5-b200b5c01e6c"}}
{"__type":"$$EventMessageConfirm","confirm":"1885ac9b-ebe8-417c-9c78-c6ca5334038e","ts":"2026-07-24T20:20:56.607-05:00","source":{"id":"0","name":"eventBus"}}
{"__type":"$$EventMessageNode","id":"1e0f5452-5d8a-4a0d-8cbc-55db4d066222","ts":"2026-07-24T20:21:53.437-05:00","eventName":"n8n.node.finished","message":"n8n.node.finished","payload":{"workflowId":"IqhxSGlB1Zsi0TSG","workflowName":"My workflow","executionId":"164","nodeType":"@n8n/n8n-nodes-langchain.googleGemini","nodeName":"Analyze document","nodeId":"069f5784-5f0a-4325-add5-b200b5c01e6c"}}
{"__type":"$$EventMessageConfirm","confirm":"1e0f5452-5d8a-4a0d-8cbc-55db4d066222","ts":"2026-07-24T20:21:53.438-05:00","source":{"id":"0","name":"eventBus"}}
{"__type":"$$EventMessageWorkflow","id":"008ecce4-48eb-4231-9467-a2ec4b15efd3","ts":"2026-07-24T20:21:53.443-05:00","eventName":"n8n.workflow.failed","message":"n8n.workflow.failed","payload":{"userId":"b9b1db79-eccb-44ec-a1ac-88eb796fc5f5","executionId":"164","success":false,"isManual":true,"mode":"manual","workflowId":"IqhxSGlB1Zsi0TSG","workflowName":"My workflow","projectId":"2waiwXdPc8W3Avzz","projectName":"Jamil  andy <andi1998jamil@gmail.com>","lastNodeExecuted":"Analyze document","errorNodeType":"@n8n/n8n-nodes-langchain.googleGemini","errorMessage":"Service unavailable - try again later or consider setting this node to retry automatically (in the node settings)"}}
{"__type":"$$EventMessageConfirm","confirm":"008ecce4-48eb-4231-9467-a2ec4b15efd3","ts":"2026-07-24T20:21:53.443-05:00","source":{"id":"0","name":"eventBus"}}
{"__type":"$$EventMessageAudit","id":"27db1f17-b14e-4d3f-a36e-a5bfb5815f85","ts":"2026-07-24T20:22:12.342-05:00","eventName":"n8n.audit.workflow.executed","message":"n8n.audit.workflow.executed","payload":{"userId":"b9b1db79-eccb-44ec-a1ac-88eb796fc5f5","_email":"andi1998jamil@gmail.com","_firstName":"Jamil","_lastName":" andy","globalRole":"global:owner","workflowId":"IqhxSGlB1Zsi0TSG","workflowName":"My workflow","executionId":"165","source":"user-manual"}}
{"__type":"$$EventMessageConfirm","confirm":"27db1f17-b14e-4d3f-a36e-a5bfb5815f85","ts":"2026-07-24T20:22:12.342-05:00","source":{"id":"0","name":"eventBus"}}
{"__type":"$$EventMessageWorkflow","id":"1b166d5c-9bf5-4c48-b868-d1d153f02c42","ts":"2026-07-24T20:22:12.343-05:00","eventName":"n8n.workflow.started","message":"n8n.workflow.started","payload":{"executionId":"165","workflowId":"IqhxSGlB1Zsi0TSG","isManual":false,"mode":"manual","workflowName":"My workflow","projectId":"2waiwXdPc8W3Avzz","projectName":"Jamil  andy <andi1998jamil@gmail.com>"}}
{"__type":"$$EventMessageConfirm","confirm":"1b166d5c-9bf5-4c48-b868-d1d153f02c42","ts":"2026-07-24T20:22:12.343-05:00","source":{"id":"0","name":"eventBus"}}
{"__type":"$$EventMessageNode","id":"97c9fd57-7013-454a-abc3-b0e607453149","ts":"2026-07-24T20:22:12.359-05:00","eventName":"n8n.node.started","message":"n8n.node.started","payload":{"workflowId":"IqhxSGlB1Zsi0TSG","workflowName":"My workflow","executionId":"165","nodeType":"@n8n/n8n-nodes-langchain.googleGemini","nodeName":"Analyze document","nodeId":"069f5784-5f0a-4325-add5-b200b5c01e6c"}}
{"__type":"$$EventMessageConfirm","confirm":"97c9fd57-7013-454a-abc3-b0e607453149","ts":"2026-07-24T20:22:12.359-05:00","source":{"id":"0","name":"eventBus"}}
{"__type":"$$EventMessageNode","id":"ef1ae4aa-cd3e-4181-9542-bbb5be6712a0","ts":"2026-07-24T20:22:16.955-05:00","eventName":"n8n.node.finished","message":"n8n.node.finished","payload":{"workflowId":"IqhxSGlB1Zsi0TSG","workflowName":"My workflow","executionId":"165","nodeType":"@n8n/n8n-nodes-langchain.googleGemini","nodeName":"Analyze document","nodeId":"069f5784-5f0a-4325-add5-b200b5c01e6c"}}
{"__type":"$$EventMessageConfirm","confirm":"ef1ae4aa-cd3e-4181-9542-bbb5be6712a0","ts":"2026-07-24T20:22:16.956-05:00","source":{"id":"0","name":"eventBus"}}
{"__type":"$$EventMessageWorkflow","id":"b27d513a-4bdb-47eb-a30b-bd2b6494f0e3","ts":"2026-07-24T20:22:16.958-05:00","eventName":"n8n.workflow.failed","message":"n8n.workflow.failed","payload":{"userId":"b9b1db79-eccb-44ec-a1ac-88eb796fc5f5","executionId":"165","success":false,"isManual":true,"mode":"manual","workflowId":"IqhxSGlB1Zsi0TSG","workflowName":"My workflow","projectId":"2waiwXdPc8W3Avzz","projectName":"Jamil  andy <andi1998jamil@gmail.com>","lastNodeExecuted":"Analyze document","errorNodeType":"@n8n/n8n-nodes-langchain.googleGemini","errorMessage":"Service unavailable - try again later or consider setting this node to retry automatically (in the node settings)"}}
{"__type":"$$EventMessageConfirm","confirm":"b27d513a-4bdb-47eb-a30b-bd2b6494f0e3","ts":"2026-07-24T20:22:16.958-05:00","source":{"id":"0","name":"eventBus"}}
{"__type":"$$EventMessageAudit","id":"98e33861-6a13-47af-beb3-f78d58004495","ts":"2026-07-24T20:25:13.827-05:00","eventName":"n8n.audit.workflow.updated","message":"n8n.audit.workflow.updated","payload":{"userId":"b9b1db79-eccb-44ec-a1ac-88eb796fc5f5","_email":"andi1998jamil@gmail.com","_firstName":"Jamil","_lastName":" andy","globalRole":"global:owner","workflowId":"IqhxSGlB1Zsi0TSG","workflowName":"My workflow"}}
{"__type":"$$EventMessageConfirm","confirm":"98e33861-6a13-47af-beb3-f78d58004495","ts":"2026-07-24T20:25:13.827-05:00","source":{"id":"0","name":"eventBus"}}
{"__type":"$$EventMessageAudit","id":"eef239e7-36da-49d4-8f06-a3819941546a","ts":"2026-07-24T20:25:22.087-05:00","eventName":"n8n.audit.workflow.updated","message":"n8n.audit.workflow.updated","payload":{"userId":"b9b1db79-eccb-44ec-a1ac-88eb796fc5f5","_email":"andi1998jamil@gmail.com","_firstName":"Jamil","_lastName":" andy","globalRole":"global:owner","workflowId":"IqhxSGlB1Zsi0TSG","workflowName":"My workflow"}}
{"__type":"$$EventMessageConfirm","confirm":"eef239e7-36da-49d4-8f06-a3819941546a","ts":"2026-07-24T20:25:22.087-05:00","source":{"id":"0","name":"eventBus"}}
{"__type":"$$EventMessageAudit","id":"5df137e2-23a4-4525-8652-de17081c56a0","ts":"2026-07-24T20:25:25.100-05:00","eventName":"n8n.audit.workflow.updated","message":"n8n.audit.workflow.updated","payload":{"userId":"b9b1db79-eccb-44ec-a1ac-88eb796fc5f5","_email":"andi1998jamil@gmail.com","_firstName":"Jamil","_lastName":" andy","globalRole":"global:owner","workflowId":"IqhxSGlB1Zsi0TSG","workflowName":"My workflow"}}
{"__type":"$$EventMessageConfirm","confirm":"5df137e2-23a4-4525-8652-de17081c56a0","ts":"2026-07-24T20:25:25.100-05:00","source":{"id":"0","name":"eventBus"}}
{"__type":"$$EventMessageAudit","id":"5c72ed3d-49e5-4b85-bee5-f10e2733a72c","ts":"2026-07-24T20:26:54.262-05:00","eventName":"n8n.audit.workflow.executed","message":"n8n.audit.workflow.executed","payload":{"userId":"b9b1db79-eccb-44ec-a1ac-88eb796fc5f5","_email":"andi1998jamil@gmail.com","_firstName":"Jamil","_lastName":" andy","globalRole":"global:owner","workflowId":"IqhxSGlB1Zsi0TSG","workflowName":"My workflow","executionId":"166","source":"user-manual"}}
{"__type":"$$EventMessageConfirm","confirm":"5c72ed3d-49e5-4b85-bee5-f10e2733a72c","ts":"2026-07-24T20:26:54.262-05:00","source":{"id":"0","name":"eventBus"}}
{"__type":"$$EventMessageWorkflow","id":"83a2df98-9fa5-46a9-80b8-26035c8f71e3","ts":"2026-07-24T20:26:54.262-05:00","eventName":"n8n.workflow.started","message":"n8n.workflow.started","payload":{"executionId":"166","workflowId":"IqhxSGlB1Zsi0TSG","isManual":false,"mode":"manual","workflowName":"My workflow","projectId":"2waiwXdPc8W3Avzz","projectName":"Jamil  andy <andi1998jamil@gmail.com>"}}
{"__type":"$$EventMessageConfirm","confirm":"83a2df98-9fa5-46a9-80b8-26035c8f71e3","ts":"2026-07-24T20:26:54.262-05:00","source":{"id":"0","name":"eventBus"}}
{"__type":"$$EventMessageNode","id":"ed2b6cd3-cd3b-4f37-b5ee-38244e13ad88","ts":"2026-07-24T20:26:54.275-05:00","eventName":"n8n.node.started","message":"n8n.node.started","payload":{"workflowId":"IqhxSGlB1Zsi0TSG","workflowName":"My workflow","executionId":"166","nodeType":"@n8n/n8n-nodes-langchain.googleGemini","nodeName":"Analyze document","nodeId":"069f5784-5f0a-4325-add5-b200b5c01e6c"}}
{"__type":"$$EventMessageConfirm","confirm":"ed2b6cd3-cd3b-4f37-b5ee-38244e13ad88","ts":"2026-07-24T20:26:54.275-05:00","source":{"id":"0","name":"eventBus"}}
{"__type":"$$EventMessageNode","id":"e2ea1c32-f47a-44c7-9466-e709040bf407","ts":"2026-07-24T20:27:49.177-05:00","eventName":"n8n.node.finished","message":"n8n.node.finished","payload":{"workflowId":"IqhxSGlB1Zsi0TSG","workflowName":"My workflow","executionId":"166","nodeType":"@n8n/n8n-nodes-langchain.googleGemini","nodeName":"Analyze document","nodeId":"069f5784-5f0a-4325-add5-b200b5c01e6c"}}
{"__type":"$$EventMessageConfirm","confirm":"e2ea1c32-f47a-44c7-9466-e709040bf407","ts":"2026-07-24T20:27:49.177-05:00","source":{"id":"0","name":"eventBus"}}
{"__type":"$$EventMessageWorkflow","id":"42048dba-36d3-4a34-9816-881244e49f86","ts":"2026-07-24T20:27:49.185-05:00","eventName":"n8n.workflow.success","message":"n8n.workflow.success","payload":{"userId":"b9b1db79-eccb-44ec-a1ac-88eb796fc5f5","executionId":"166","success":true,"isManual":true,"mode":"manual","workflowId":"IqhxSGlB1Zsi0TSG","workflowName":"My workflow","projectId":"2waiwXdPc8W3Avzz","projectName":"Jamil  andy <andi1998jamil@gmail.com>"}}
{"__type":"$$EventMessageConfirm","confirm":"42048dba-36d3-4a34-9816-881244e49f86","ts":"2026-07-24T20:27:49.186-05:00","source":{"id":"0","name":"eventBus"}}
{"__type":"$$EventMessageAudit","id":"c0d3086f-184c-432f-9d53-236c0c255b50","ts":"2026-07-24T20:28:03.199-05:00","eventName":"n8n.audit.workflow.executed","message":"n8n.audit.workflow.executed","payload":{"userId":"b9b1db79-eccb-44ec-a1ac-88eb796fc5f5","_email":"andi1998jamil@gmail.com","_firstName":"Jamil","_lastName":" andy","globalRole":"global:owner","workflowId":"IqhxSGlB1Zsi0TSG","workflowName":"My workflow","executionId":"167","source":"user-manual"}}
{"__type":"$$EventMessageConfirm","confirm":"c0d3086f-184c-432f-9d53-236c0c255b50","ts":"2026-07-24T20:28:03.199-05:00","source":{"id":"0","name":"eventBus"}}
{"__type":"$$EventMessageWorkflow","id":"4e347178-e748-4d3b-a6e3-a54857922152","ts":"2026-07-24T20:28:03.200-05:00","eventName":"n8n.workflow.started","message":"n8n.workflow.started","payload":{"executionId":"167","workflowId":"IqhxSGlB1Zsi0TSG","isManual":false,"mode":"manual","workflowName":"My workflow","projectId":"2waiwXdPc8W3Avzz","projectName":"Jamil  andy <andi1998jamil@gmail.com>"}}
{"__type":"$$EventMessageConfirm","confirm":"4e347178-e748-4d3b-a6e3-a54857922152","ts":"2026-07-24T20:28:03.200-05:00","source":{"id":"0","name":"eventBus"}}
{"__type":"$$EventMessageNode","id":"ab0e3ad5-8818-40e9-bc93-5e32e1c78632","ts":"2026-07-24T20:28:03.216-05:00","eventName":"n8n.node.started","message":"n8n.node.started","payload":{"workflowId":"IqhxSGlB1Zsi0TSG","workflowName":"My workflow","executionId":"167","nodeType":"n8n-nodes-base.code","nodeName":"Code in JavaScript1","nodeId":"454499ac-2f2e-48d0-9b97-6f4abf298757"}}
{"__type":"$$EventMessageConfirm","confirm":"ab0e3ad5-8818-40e9-bc93-5e32e1c78632","ts":"2026-07-24T20:28:03.216-05:00","source":{"id":"0","name":"eventBus"}}
{"__type":"$$EventMessageRunner","id":"83de4fa5-5610-44bb-a947-0d1be4596c31","ts":"2026-07-24T20:28:03.218-05:00","eventName":"n8n.runner.task.requested","message":"n8n.runner.task.requested","payload":{"taskId":"OVEy7Wle","nodeId":"454499ac-2f2e-48d0-9b97-6f4abf298757","workflowId":"IqhxSGlB1Zsi0TSG","executionId":"167"}}
{"__type":"$$EventMessageConfirm","confirm":"83de4fa5-5610-44bb-a947-0d1be4596c31","ts":"2026-07-24T20:28:03.218-05:00","source":{"id":"0","name":"eventBus"}}
{"__type":"$$EventMessageRunner","id":"4fd2e6f2-98cf-4920-9929-1d5cdfd07d59","ts":"2026-07-24T20:28:03.243-05:00","eventName":"n8n.runner.response.received","message":"n8n.runner.response.received","payload":{"taskId":"OVEy7Wle","nodeId":"454499ac-2f2e-48d0-9b97-6f4abf298757","workflowId":"IqhxSGlB1Zsi0TSG","executionId":"167"}}
{"__type":"$$EventMessageConfirm","confirm":"4fd2e6f2-98cf-4920-9929-1d5cdfd07d59","ts":"2026-07-24T20:28:03.243-05:00","source":{"id":"0","name":"eventBus"}}
{"__type":"$$EventMessageNode","id":"4f579236-6e05-4a29-a76b-0c181c5367bd","ts":"2026-07-24T20:28:03.243-05:00","eventName":"n8n.node.finished","message":"n8n.node.finished","payload":{"workflowId":"IqhxSGlB1Zsi0TSG","workflowName":"My workflow","executionId":"167","nodeType":"n8n-nodes-base.code","nodeName":"Code in JavaScript1","nodeId":"454499ac-2f2e-48d0-9b97-6f4abf298757"}}
{"__type":"$$EventMessageConfirm","confirm":"4f579236-6e05-4a29-a76b-0c181c5367bd","ts":"2026-07-24T20:28:03.243-05:00","source":{"id":"0","name":"eventBus"}}
{"__type":"$$EventMessageWorkflow","id":"1454a9fe-40be-49c4-87c3-db44f0c0aad4","ts":"2026-07-24T20:28:03.247-05:00","eventName":"n8n.workflow.success","message":"n8n.workflow.success","payload":{"userId":"b9b1db79-eccb-44ec-a1ac-88eb796fc5f5","executionId":"167","success":true,"isManual":true,"mode":"manual","workflowId":"IqhxSGlB1Zsi0TSG","workflowName":"My workflow","projectId":"2waiwXdPc8W3Avzz","projectName":"Jamil  andy <andi1998jamil@gmail.com>"}}
{"__type":"$$EventMessageConfirm","confirm":"1454a9fe-40be-49c4-87c3-db44f0c0aad4","ts":"2026-07-24T20:28:03.247-05:00","source":{"id":"0","name":"eventBus"}}
{"__type":"$$EventMessageAudit","id":"b85ca7dc-e042-4adb-bb9a-d80d5de09aae","ts":"2026-07-24T20:28:09.333-05:00","eventName":"n8n.audit.workflow.updated","message":"n8n.audit.workflow.updated","payload":{"userId":"b9b1db79-eccb-44ec-a1ac-88eb796fc5f5","_email":"andi1998jamil@gmail.com","_firstName":"Jamil","_lastName":" andy","globalRole":"global:owner","workflowId":"IqhxSGlB1Zsi0TSG","workflowName":"My workflow"}}
{"__type":"$$EventMessageConfirm","confirm":"b85ca7dc-e042-4adb-bb9a-d80d5de09aae","ts":"2026-07-24T20:28:09.333-05:00","source":{"id":"0","name":"eventBus"}}
{"__type":"$$EventMessageAudit","id":"0f5092b0-ccab-43fd-807e-0b6140a5a04a","ts":"2026-07-24T20:28:09.826-05:00","eventName":"n8n.audit.workflow.executed","message":"n8n.audit.workflow.executed","payload":{"userId":"b9b1db79-eccb-44ec-a1ac-88eb796fc5f5","_email":"andi1998jamil@gmail.com","_firstName":"Jamil","_lastName":" andy","globalRole":"global:owner","workflowId":"IqhxSGlB1Zsi0TSG","workflowName":"My workflow","executionId":"168","source":"user-manual"}}
{"__type":"$$EventMessageConfirm","confirm":"0f5092b0-ccab-43fd-807e-0b6140a5a04a","ts":"2026-07-24T20:28:09.826-05:00","source":{"id":"0","name":"eventBus"}}
{"__type":"$$EventMessageWorkflow","id":"e8663d30-6035-41b9-8d75-756ebfa91b0b","ts":"2026-07-24T20:28:09.826-05:00","eventName":"n8n.workflow.started","message":"n8n.workflow.started","payload":{"executionId":"168","workflowId":"IqhxSGlB1Zsi0TSG","isManual":false,"mode":"manual","workflowName":"My workflow","projectId":"2waiwXdPc8W3Avzz","projectName":"Jamil  andy <andi1998jamil@gmail.com>"}}
{"__type":"$$EventMessageConfirm","confirm":"e8663d30-6035-41b9-8d75-756ebfa91b0b","ts":"2026-07-24T20:28:09.827-05:00","source":{"id":"0","name":"eventBus"}}
{"__type":"$$EventMessageNode","id":"5939cfa4-ab82-4f28-8aeb-a9c5a9f419c8","ts":"2026-07-24T20:28:09.840-05:00","eventName":"n8n.node.started","message":"n8n.node.started","payload":{"workflowId":"IqhxSGlB1Zsi0TSG","workflowName":"My workflow","executionId":"168","nodeType":"n8n-nodes-base.dropbox","nodeName":"Upload a file","nodeId":"554a3672-b5c9-4fd4-a0d5-0238ab5791f7"}}
{"__type":"$$EventMessageConfirm","confirm":"5939cfa4-ab82-4f28-8aeb-a9c5a9f419c8","ts":"2026-07-24T20:28:09.841-05:00","source":{"id":"0","name":"eventBus"}}
{"__type":"$$EventMessageAudit","id":"dcf4a63f-77e8-4b16-926f-3e80616cf6a8","ts":"2026-07-24T20:28:09.905-05:00","eventName":"n8n.audit.workflow.updated","message":"n8n.audit.workflow.updated","payload":{"userId":"b9b1db79-eccb-44ec-a1ac-88eb796fc5f5","_email":"andi1998jamil@gmail.com","_firstName":"Jamil","_lastName":" andy","globalRole":"global:owner","workflowId":"IqhxSGlB1Zsi0TSG","workflowName":"My workflow"}}
{"__type":"$$EventMessageConfirm","confirm":"dcf4a63f-77e8-4b16-926f-3e80616cf6a8","ts":"2026-07-24T20:28:09.905-05:00","source":{"id":"0","name":"eventBus"}}
{"__type":"$$EventMessageNode","id":"6046af46-5ecc-497c-9db3-15b0c9ef1cff","ts":"2026-07-24T20:28:14.111-05:00","eventName":"n8n.node.finished","message":"n8n.node.finished","payload":{"workflowId":"IqhxSGlB1Zsi0TSG","workflowName":"My workflow","executionId":"168","nodeType":"n8n-nodes-base.dropbox","nodeName":"Upload a file","nodeId":"554a3672-b5c9-4fd4-a0d5-0238ab5791f7"}}
{"__type":"$$EventMessageConfirm","confirm":"6046af46-5ecc-497c-9db3-15b0c9ef1cff","ts":"2026-07-24T20:28:14.111-05:00","source":{"id":"0","name":"eventBus"}}
{"__type":"$$EventMessageNode","id":"694105b1-c1c5-4272-8d06-baf49870c98c","ts":"2026-07-24T20:28:14.112-05:00","eventName":"n8n.node.started","message":"n8n.node.started","payload":{"workflowId":"IqhxSGlB1Zsi0TSG","workflowName":"My workflow","executionId":"168","nodeType":"n8n-nodes-base.merge","nodeName":"Merge","nodeId":"17cdafa7-0af5-4fac-ae47-4e0f98d46a27"}}
{"__type":"$$EventMessageConfirm","confirm":"694105b1-c1c5-4272-8d06-baf49870c98c","ts":"2026-07-24T20:28:14.112-05:00","source":{"id":"0","name":"eventBus"}}
{"__type":"$$EventMessageNode","id":"b677ec23-715b-4f08-9e02-22214ca7364d","ts":"2026-07-24T20:28:14.130-05:00","eventName":"n8n.node.finished","message":"n8n.node.finished","payload":{"workflowId":"IqhxSGlB1Zsi0TSG","workflowName":"My workflow","executionId":"168","nodeType":"n8n-nodes-base.merge","nodeName":"Merge","nodeId":"17cdafa7-0af5-4fac-ae47-4e0f98d46a27"}}
{"__type":"$$EventMessageConfirm","confirm":"b677ec23-715b-4f08-9e02-22214ca7364d","ts":"2026-07-24T20:28:14.130-05:00","source":{"id":"0","name":"eventBus"}}
{"__type":"$$EventMessageWorkflow","id":"50ec1740-2372-4575-a886-c32c141aaa59","ts":"2026-07-24T20:28:14.133-05:00","eventName":"n8n.workflow.success","message":"n8n.workflow.success","payload":{"userId":"b9b1db79-eccb-44ec-a1ac-88eb796fc5f5","executionId":"168","success":true,"isManual":true,"mode":"manual","workflowId":"IqhxSGlB1Zsi0TSG","workflowName":"My workflow","projectId":"2waiwXdPc8W3Avzz","projectName":"Jamil  andy <andi1998jamil@gmail.com>"}}
{"__type":"$$EventMessageConfirm","confirm":"50ec1740-2372-4575-a886-c32c141aaa59","ts":"2026-07-24T20:28:14.133-05:00","source":{"id":"0","name":"eventBus"}}
{"__type":"$$EventMessageAudit","id":"f361b81a-87fc-42bf-97b7-94c18663b579","ts":"2026-07-24T20:28:17.871-05:00","eventName":"n8n.audit.workflow.updated","message":"n8n.audit.workflow.updated","payload":{"userId":"b9b1db79-eccb-44ec-a1ac-88eb796fc5f5","_email":"andi1998jamil@gmail.com","_firstName":"Jamil","_lastName":" andy","globalRole":"global:owner","workflowId":"IqhxSGlB1Zsi0TSG","workflowName":"My workflow"}}
{"__type":"$$EventMessageConfirm","confirm":"f361b81a-87fc-42bf-97b7-94c18663b579","ts":"2026-07-24T20:28:17.871-05:00","source":{"id":"0","name":"eventBus"}}
{"__type":"$$EventMessageAudit","id":"cf766389-c65e-4a70-8b13-27b7994e9bba","ts":"2026-07-24T20:29:51.322-05:00","eventName":"n8n.audit.workflow.updated","message":"n8n.audit.workflow.updated","payload":{"userId":"b9b1db79-eccb-44ec-a1ac-88eb796fc5f5","_email":"andi1998jamil@gmail.com","_firstName":"Jamil","_lastName":" andy","globalRole":"global:owner","workflowId":"IqhxSGlB1Zsi0TSG","workflowName":"My workflow"}}
{"__type":"$$EventMessageConfirm","confirm":"cf766389-c65e-4a70-8b13-27b7994e9bba","ts":"2026-07-24T20:29:51.322-05:00","source":{"id":"0","name":"eventBus"}}
{"__type":"$$EventMessageAudit","id":"0d8dc0bd-3c6b-4500-a0d9-162468e09bbf","ts":"2026-07-24T20:29:56.401-05:00","eventName":"n8n.audit.workflow.updated","message":"n8n.audit.workflow.updated","payload":{"userId":"b9b1db79-eccb-44ec-a1ac-88eb796fc5f5","_email":"andi1998jamil@gmail.com","_firstName":"Jamil","_lastName":" andy","globalRole":"global:owner","workflowId":"IqhxSGlB1Zsi0TSG","workflowName":"My workflow"}}
{"__type":"$$EventMessageConfirm","confirm":"0d8dc0bd-3c6b-4500-a0d9-162468e09bbf","ts":"2026-07-24T20:29:56.401-05:00","source":{"id":"0","name":"eventBus"}}
{"__type":"$$EventMessageAudit","id":"1e235dfb-87a5-4263-b888-409afdc6e83c","ts":"2026-07-24T20:29:59.808-05:00","eventName":"n8n.audit.workflow.updated","message":"n8n.audit.workflow.updated","payload":{"userId":"b9b1db79-eccb-44ec-a1ac-88eb796fc5f5","_email":"andi1998jamil@gmail.com","_firstName":"Jamil","_lastName":" andy","globalRole":"global:owner","workflowId":"IqhxSGlB1Zsi0TSG","workflowName":"My workflow"}}
{"__type":"$$EventMessageConfirm","confirm":"1e235dfb-87a5-4263-b888-409afdc6e83c","ts":"2026-07-24T20:29:59.808-05:00","source":{"id":"0","name":"eventBus"}}
{"__type":"$$EventMessageAudit","id":"b2ae381f-b626-4df0-bef1-da8c4ddd96ca","ts":"2026-07-24T20:30:13.741-05:00","eventName":"n8n.audit.workflow.updated","message":"n8n.audit.workflow.updated","payload":{"userId":"b9b1db79-eccb-44ec-a1ac-88eb796fc5f5","_email":"andi1998jamil@gmail.com","_firstName":"Jamil","_lastName":" andy","globalRole":"global:owner","workflowId":"IqhxSGlB1Zsi0TSG","workflowName":"My workflow"}}
{"__type":"$$EventMessageConfirm","confirm":"b2ae381f-b626-4df0-bef1-da8c4ddd96ca","ts":"2026-07-24T20:30:13.741-05:00","source":{"id":"0","name":"eventBus"}}
{"__type":"$$EventMessageAudit","id":"4f64e919-06c7-405d-a810-04ad7ea099a8","ts":"2026-07-24T20:30:17.465-05:00","eventName":"n8n.audit.workflow.updated","message":"n8n.audit.workflow.updated","payload":{"userId":"b9b1db79-eccb-44ec-a1ac-88eb796fc5f5","_email":"andi1998jamil@gmail.com","_firstName":"Jamil","_lastName":" andy","globalRole":"global:owner","workflowId":"IqhxSGlB1Zsi0TSG","workflowName":"My workflow"}}
{"__type":"$$EventMessageConfirm","confirm":"4f64e919-06c7-405d-a810-04ad7ea099a8","ts":"2026-07-24T20:30:17.465-05:00","source":{"id":"0","name":"eventBus"}}
{"__type":"$$EventMessageAudit","id":"ef6cc289-0bd1-43fc-9299-ac1b1c58ceee","ts":"2026-07-24T20:30:24.494-05:00","eventName":"n8n.audit.workflow.updated","message":"n8n.audit.workflow.updated","payload":{"userId":"b9b1db79-eccb-44ec-a1ac-88eb796fc5f5","_email":"andi1998jamil@gmail.com","_firstName":"Jamil","_lastName":" andy","globalRole":"global:owner","workflowId":"IqhxSGlB1Zsi0TSG","workflowName":"My workflow"}}
{"__type":"$$EventMessageConfirm","confirm":"ef6cc289-0bd1-43fc-9299-ac1b1c58ceee","ts":"2026-07-24T20:30:24.494-05:00","source":{"id":"0","name":"eventBus"}}
{"__type":"$$EventMessageAudit","id":"eff5438f-039c-4c6c-a68a-3a0d72c41f70","ts":"2026-07-24T20:30:26.992-05:00","eventName":"n8n.audit.workflow.executed","message":"n8n.audit.workflow.executed","payload":{"userId":"b9b1db79-eccb-44ec-a1ac-88eb796fc5f5","_email":"andi1998jamil@gmail.com","_firstName":"Jamil","_lastName":" andy","globalRole":"global:owner","workflowId":"IqhxSGlB1Zsi0TSG","workflowName":"My workflow","executionId":"169","source":"user-manual"}}
{"__type":"$$EventMessageConfirm","confirm":"eff5438f-039c-4c6c-a68a-3a0d72c41f70","ts":"2026-07-24T20:30:26.992-05:00","source":{"id":"0","name":"eventBus"}}
{"__type":"$$EventMessageWorkflow","id":"5b956200-6a86-41ea-b6bd-ad962ce4270d","ts":"2026-07-24T20:30:26.992-05:00","eventName":"n8n.workflow.started","message":"n8n.workflow.started","payload":{"executionId":"169","workflowId":"IqhxSGlB1Zsi0TSG","isManual":false,"mode":"manual","workflowName":"My workflow","projectId":"2waiwXdPc8W3Avzz","projectName":"Jamil  andy <andi1998jamil@gmail.com>"}}
{"__type":"$$EventMessageConfirm","confirm":"5b956200-6a86-41ea-b6bd-ad962ce4270d","ts":"2026-07-24T20:30:26.992-05:00","source":{"id":"0","name":"eventBus"}}
{"__type":"$$EventMessageNode","id":"1c6679ea-8460-460a-b138-2536a844f165","ts":"2026-07-24T20:30:27.009-05:00","eventName":"n8n.node.started","message":"n8n.node.started","payload":{"workflowId":"IqhxSGlB1Zsi0TSG","workflowName":"My workflow","executionId":"169","nodeType":"n8n-nodes-base.set","nodeName":"Edit Fields","nodeId":"ab4d2c56-7d33-4b88-b0bc-5d71d0780fc1"}}
{"__type":"$$EventMessageConfirm","confirm":"1c6679ea-8460-460a-b138-2536a844f165","ts":"2026-07-24T20:30:27.010-05:00","source":{"id":"0","name":"eventBus"}}
{"__type":"$$EventMessageNode","id":"bcf7876e-8945-461e-868f-450980a020e2","ts":"2026-07-24T20:30:27.022-05:00","eventName":"n8n.node.finished","message":"n8n.node.finished","payload":{"workflowId":"IqhxSGlB1Zsi0TSG","workflowName":"My workflow","executionId":"169","nodeType":"n8n-nodes-base.set","nodeName":"Edit Fields","nodeId":"ab4d2c56-7d33-4b88-b0bc-5d71d0780fc1"}}
{"__type":"$$EventMessageConfirm","confirm":"bcf7876e-8945-461e-868f-450980a020e2","ts":"2026-07-24T20:30:27.022-05:00","source":{"id":"0","name":"eventBus"}}
{"__type":"$$EventMessageWorkflow","id":"642888a6-335d-41ad-9d38-e7a31f60531d","ts":"2026-07-24T20:30:27.025-05:00","eventName":"n8n.workflow.success","message":"n8n.workflow.success","payload":{"userId":"b9b1db79-eccb-44ec-a1ac-88eb796fc5f5","executionId":"169","success":true,"isManual":true,"mode":"manual","workflowId":"IqhxSGlB1Zsi0TSG","workflowName":"My workflow","projectId":"2waiwXdPc8W3Avzz","projectName":"Jamil  andy <andi1998jamil@gmail.com>"}}
{"__type":"$$EventMessageConfirm","confirm":"642888a6-335d-41ad-9d38-e7a31f60531d","ts":"2026-07-24T20:30:27.025-05:00","source":{"id":"0","name":"eventBus"}}
{"__type":"$$EventMessageAudit","id":"32f6b3bb-21c2-4e96-8c21-93f638b603cd","ts":"2026-07-24T20:30:49.177-05:00","eventName":"n8n.audit.workflow.updated","message":"n8n.audit.workflow.updated","payload":{"userId":"b9b1db79-eccb-44ec-a1ac-88eb796fc5f5","_email":"andi1998jamil@gmail.com","_firstName":"Jamil","_lastName":" andy","globalRole":"global:owner","workflowId":"IqhxSGlB1Zsi0TSG","workflowName":"My workflow"}}
{"__type":"$$EventMessageConfirm","confirm":"32f6b3bb-21c2-4e96-8c21-93f638b603cd","ts":"2026-07-24T20:30:49.177-05:00","source":{"id":"0","name":"eventBus"}}
{"__type":"$$EventMessageAudit","id":"d2efbade-a778-416b-be44-8dc4f088dd63","ts":"2026-07-24T20:31:25.781-05:00","eventName":"n8n.audit.workflow.updated","message":"n8n.audit.workflow.updated","payload":{"userId":"b9b1db79-eccb-44ec-a1ac-88eb796fc5f5","_email":"andi1998jamil@gmail.com","_firstName":"Jamil","_lastName":" andy","globalRole":"global:owner","workflowId":"IqhxSGlB1Zsi0TSG","workflowName":"My workflow"}}
{"__type":"$$EventMessageConfirm","confirm":"d2efbade-a778-416b-be44-8dc4f088dd63","ts":"2026-07-24T20:31:25.782-05:00","source":{"id":"0","name":"eventBus"}}
{"__type":"$$EventMessageAudit","id":"a2939274-b920-47fb-9836-731804ded54d","ts":"2026-07-24T20:31:29.970-05:00","eventName":"n8n.audit.workflow.updated","message":"n8n.audit.workflow.updated","payload":{"userId":"b9b1db79-eccb-44ec-a1ac-88eb796fc5f5","_email":"andi1998jamil@gmail.com","_firstName":"Jamil","_lastName":" andy","globalRole":"global:owner","workflowId":"IqhxSGlB1Zsi0TSG","workflowName":"My workflow"}}
{"__type":"$$EventMessageConfirm","confirm":"a2939274-b920-47fb-9836-731804ded54d","ts":"2026-07-24T20:31:29.970-05:00","source":{"id":"0","name":"eventBus"}}
{"__type":"$$EventMessageAudit","id":"741e3dc0-c65c-41ee-91d2-143cf13fbc02","ts":"2026-07-24T20:31:31.911-05:00","eventName":"n8n.audit.workflow.updated","message":"n8n.audit.workflow.updated","payload":{"userId":"b9b1db79-eccb-44ec-a1ac-88eb796fc5f5","_email":"andi1998jamil@gmail.com","_firstName":"Jamil","_lastName":" andy","globalRole":"global:owner","workflowId":"IqhxSGlB1Zsi0TSG","workflowName":"My workflow"}}
{"__type":"$$EventMessageConfirm","confirm":"741e3dc0-c65c-41ee-91d2-143cf13fbc02","ts":"2026-07-24T20:31:31.911-05:00","source":{"id":"0","name":"eventBus"}}
{"__type":"$$EventMessageAudit","id":"c74c1e03-7ba4-4720-bc13-f28c42fec1f6","ts":"2026-07-24T20:31:34.464-05:00","eventName":"n8n.audit.workflow.updated","message":"n8n.audit.workflow.updated","payload":{"userId":"b9b1db79-eccb-44ec-a1ac-88eb796fc5f5","_email":"andi1998jamil@gmail.com","_firstName":"Jamil","_lastName":" andy","globalRole":"global:owner","workflowId":"IqhxSGlB1Zsi0TSG","workflowName":"My workflow"}}
{"__type":"$$EventMessageConfirm","confirm":"c74c1e03-7ba4-4720-bc13-f28c42fec1f6","ts":"2026-07-24T20:31:34.464-05:00","source":{"id":"0","name":"eventBus"}}
{"__type":"$$EventMessageAudit","id":"77f6bc64-ba83-495e-b6ea-859cc598cd1c","ts":"2026-07-24T20:31:48.699-05:00","eventName":"n8n.audit.workflow.executed","message":"n8n.audit.workflow.executed","payload":{"userId":"b9b1db79-eccb-44ec-a1ac-88eb796fc5f5","_email":"andi1998jamil@gmail.com","_firstName":"Jamil","_lastName":" andy","globalRole":"global:owner","workflowId":"IqhxSGlB1Zsi0TSG","workflowName":"My workflow","executionId":"170","source":"user-manual"}}
{"__type":"$$EventMessageConfirm","confirm":"77f6bc64-ba83-495e-b6ea-859cc598cd1c","ts":"2026-07-24T20:31:48.699-05:00","source":{"id":"0","name":"eventBus"}}
{"__type":"$$EventMessageWorkflow","id":"b9fe1525-9ed9-4411-a065-578930e870bc","ts":"2026-07-24T20:31:48.700-05:00","eventName":"n8n.workflow.started","message":"n8n.workflow.started","payload":{"executionId":"170","workflowId":"IqhxSGlB1Zsi0TSG","isManual":false,"mode":"manual","workflowName":"My workflow","projectId":"2waiwXdPc8W3Avzz","projectName":"Jamil  andy <andi1998jamil@gmail.com>"}}
{"__type":"$$EventMessageConfirm","confirm":"b9fe1525-9ed9-4411-a065-578930e870bc","ts":"2026-07-24T20:31:48.700-05:00","source":{"id":"0","name":"eventBus"}}
{"__type":"$$EventMessageNode","id":"dd50d0e5-6f56-493f-8f91-79743db620b9","ts":"2026-07-24T20:31:48.714-05:00","eventName":"n8n.node.started","message":"n8n.node.started","payload":{"workflowId":"IqhxSGlB1Zsi0TSG","workflowName":"My workflow","executionId":"170","nodeType":"n8n-nodes-base.set","nodeName":"Edit Fields","nodeId":"ab4d2c56-7d33-4b88-b0bc-5d71d0780fc1"}}
{"__type":"$$EventMessageConfirm","confirm":"dd50d0e5-6f56-493f-8f91-79743db620b9","ts":"2026-07-24T20:31:48.715-05:00","source":{"id":"0","name":"eventBus"}}
{"__type":"$$EventMessageNode","id":"c57f8173-00c6-409b-8b24-1431080cfdc3","ts":"2026-07-24T20:31:48.718-05:00","eventName":"n8n.node.finished","message":"n8n.node.finished","payload":{"workflowId":"IqhxSGlB1Zsi0TSG","workflowName":"My workflow","executionId":"170","nodeType":"n8n-nodes-base.set","nodeName":"Edit Fields","nodeId":"ab4d2c56-7d33-4b88-b0bc-5d71d0780fc1"}}
{"__type":"$$EventMessageConfirm","confirm":"c57f8173-00c6-409b-8b24-1431080cfdc3","ts":"2026-07-24T20:31:48.718-05:00","source":{"id":"0","name":"eventBus"}}
{"__type":"$$EventMessageWorkflow","id":"c0113d4e-5f36-4d41-b58b-df6aa9119e18","ts":"2026-07-24T20:31:48.722-05:00","eventName":"n8n.workflow.success","message":"n8n.workflow.success","payload":{"userId":"b9b1db79-eccb-44ec-a1ac-88eb796fc5f5","executionId":"170","success":true,"isManual":true,"mode":"manual","workflowId":"IqhxSGlB1Zsi0TSG","workflowName":"My workflow","projectId":"2waiwXdPc8W3Avzz","projectName":"Jamil  andy <andi1998jamil@gmail.com>"}}
{"__type":"$$EventMessageConfirm","confirm":"c0113d4e-5f36-4d41-b58b-df6aa9119e18","ts":"2026-07-24T20:31:48.722-05:00","source":{"id":"0","name":"eventBus"}}
{"__type":"$$EventMessageAudit","id":"178980dc-79be-4aec-9159-72089c706af1","ts":"2026-07-24T20:33:09.819-05:00","eventName":"n8n.audit.workflow.updated","message":"n8n.audit.workflow.updated","payload":{"userId":"b9b1db79-eccb-44ec-a1ac-88eb796fc5f5","_email":"andi1998jamil@gmail.com","_firstName":"Jamil","_lastName":" andy","globalRole":"global:owner","workflowId":"IqhxSGlB1Zsi0TSG","workflowName":"My workflow"}}
{"__type":"$$EventMessageConfirm","confirm":"178980dc-79be-4aec-9159-72089c706af1","ts":"2026-07-24T20:33:09.819-05:00","source":{"id":"0","name":"eventBus"}}
{"__type":"$$EventMessageAudit","id":"9d995884-fe07-4c7e-9b9d-536b7996785c","ts":"2026-07-24T20:33:11.777-05:00","eventName":"n8n.audit.workflow.updated","message":"n8n.audit.workflow.updated","payload":{"userId":"b9b1db79-eccb-44ec-a1ac-88eb796fc5f5","_email":"andi1998jamil@gmail.com","_firstName":"Jamil","_lastName":" andy","globalRole":"global:owner","workflowId":"IqhxSGlB1Zsi0TSG","workflowName":"My workflow"}}
{"__type":"$$EventMessageConfirm","confirm":"9d995884-fe07-4c7e-9b9d-536b7996785c","ts":"2026-07-24T20:33:11.777-05:00","source":{"id":"0","name":"eventBus"}}
{"__type":"$$EventMessageAudit","id":"44c8fc50-0bf3-48c8-8714-76ea9ccbb0a8","ts":"2026-07-24T20:33:13.666-05:00","eventName":"n8n.audit.workflow.updated","message":"n8n.audit.workflow.updated","payload":{"userId":"b9b1db79-eccb-44ec-a1ac-88eb796fc5f5","_email":"andi1998jamil@gmail.com","_firstName":"Jamil","_lastName":" andy","globalRole":"global:owner","workflowId":"IqhxSGlB1Zsi0TSG","workflowName":"My workflow"}}
{"__type":"$$EventMessageConfirm","confirm":"44c8fc50-0bf3-48c8-8714-76ea9ccbb0a8","ts":"2026-07-24T20:33:13.666-05:00","source":{"id":"0","name":"eventBus"}}
{"__type":"$$EventMessageAudit","id":"7c020a10-0d6f-4508-91f4-e13ce1e7b6f4","ts":"2026-07-24T20:33:15.455-05:00","eventName":"n8n.audit.workflow.updated","message":"n8n.audit.workflow.updated","payload":{"userId":"b9b1db79-eccb-44ec-a1ac-88eb796fc5f5","_email":"andi1998jamil@gmail.com","_firstName":"Jamil","_lastName":" andy","globalRole":"global:owner","workflowId":"IqhxSGlB1Zsi0TSG","workflowName":"My workflow"}}
{"__type":"$$EventMessageConfirm","confirm":"7c020a10-0d6f-4508-91f4-e13ce1e7b6f4","ts":"2026-07-24T20:33:15.455-05:00","source":{"id":"0","name":"eventBus"}}
{"__type":"$$EventMessageAudit","id":"83eb903d-e031-4611-9d4d-742da39dfe14","ts":"2026-07-24T20:33:20.528-05:00","eventName":"n8n.audit.workflow.updated","message":"n8n.audit.workflow.updated","payload":{"userId":"b9b1db79-eccb-44ec-a1ac-88eb796fc5f5","_email":"andi1998jamil@gmail.com","_firstName":"Jamil","_lastName":" andy","globalRole":"global:owner","workflowId":"IqhxSGlB1Zsi0TSG","workflowName":"My workflow"}}
{"__type":"$$EventMessageConfirm","confirm":"83eb903d-e031-4611-9d4d-742da39dfe14","ts":"2026-07-24T20:33:20.528-05:00","source":{"id":"0","name":"eventBus"}}
{"__type":"$$EventMessageAudit","id":"ab3c51f8-a891-4e7e-af9e-3749ebd36e68","ts":"2026-07-24T20:33:49.475-05:00","eventName":"n8n.audit.workflow.updated","message":"n8n.audit.workflow.updated","payload":{"userId":"b9b1db79-eccb-44ec-a1ac-88eb796fc5f5","_email":"andi1998jamil@gmail.com","_firstName":"Jamil","_lastName":" andy","globalRole":"global:owner","workflowId":"IqhxSGlB1Zsi0TSG","workflowName":"My workflow"}}
{"__type":"$$EventMessageConfirm","confirm":"ab3c51f8-a891-4e7e-af9e-3749ebd36e68","ts":"2026-07-24T20:33:49.475-05:00","source":{"id":"0","name":"eventBus"}}
{"__type":"$$EventMessageAudit","id":"f7f52160-f1b6-4bf8-beb2-f53e49683072","ts":"2026-07-24T20:34:02.292-05:00","eventName":"n8n.audit.workflow.updated","message":"n8n.audit.workflow.updated","payload":{"userId":"b9b1db79-eccb-44ec-a1ac-88eb796fc5f5","_email":"andi1998jamil@gmail.com","_firstName":"Jamil","_lastName":" andy","globalRole":"global:owner","workflowId":"IqhxSGlB1Zsi0TSG","workflowName":"My workflow"}}
{"__type":"$$EventMessageConfirm","confirm":"f7f52160-f1b6-4bf8-beb2-f53e49683072","ts":"2026-07-24T20:34:02.292-05:00","source":{"id":"0","name":"eventBus"}}
{"__type":"$$EventMessageAudit","id":"eb139774-6669-4afc-a8f9-8b66b4fbabd3","ts":"2026-07-24T20:34:11.923-05:00","eventName":"n8n.audit.workflow.updated","message":"n8n.audit.workflow.updated","payload":{"userId":"b9b1db79-eccb-44ec-a1ac-88eb796fc5f5","_email":"andi1998jamil@gmail.com","_firstName":"Jamil","_lastName":" andy","globalRole":"global:owner","workflowId":"IqhxSGlB1Zsi0TSG","workflowName":"My workflow"}}
{"__type":"$$EventMessageConfirm","confirm":"eb139774-6669-4afc-a8f9-8b66b4fbabd3","ts":"2026-07-24T20:34:11.923-05:00","source":{"id":"0","name":"eventBus"}}
{"__type":"$$EventMessageAudit","id":"c08a5e23-1e10-4df3-89a7-fbf7d6005397","ts":"2026-07-24T20:34:27.131-05:00","eventName":"n8n.audit.workflow.updated","message":"n8n.audit.workflow.updated","payload":{"userId":"b9b1db79-eccb-44ec-a1ac-88eb796fc5f5","_email":"andi1998jamil@gmail.com","_firstName":"Jamil","_lastName":" andy","globalRole":"global:owner","workflowId":"IqhxSGlB1Zsi0TSG","workflowName":"My workflow"}}
{"__type":"$$EventMessageConfirm","confirm":"c08a5e23-1e10-4df3-89a7-fbf7d6005397","ts":"2026-07-24T20:34:27.131-05:00","source":{"id":"0","name":"eventBus"}}
{"__type":"$$EventMessageAudit","id":"9a436674-db1b-4843-8fbd-0ccb9125796b","ts":"2026-07-24T20:35:14.181-05:00","eventName":"n8n.audit.workflow.executed","message":"n8n.audit.workflow.executed","payload":{"userId":"b9b1db79-eccb-44ec-a1ac-88eb796fc5f5","_email":"andi1998jamil@gmail.com","_firstName":"Jamil","_lastName":" andy","globalRole":"global:owner","workflowId":"IqhxSGlB1Zsi0TSG","workflowName":"My workflow","executionId":"171","source":"user-manual"}}
{"__type":"$$EventMessageConfirm","confirm":"9a436674-db1b-4843-8fbd-0ccb9125796b","ts":"2026-07-24T20:35:14.181-05:00","source":{"id":"0","name":"eventBus"}}
{"__type":"$$EventMessageWorkflow","id":"08564d8e-aa7e-4a2d-ae43-04237d4455d9","ts":"2026-07-24T20:35:14.181-05:00","eventName":"n8n.workflow.started","message":"n8n.workflow.started","payload":{"executionId":"171","workflowId":"IqhxSGlB1Zsi0TSG","isManual":false,"mode":"manual","workflowName":"My workflow","projectId":"2waiwXdPc8W3Avzz","projectName":"Jamil  andy <andi1998jamil@gmail.com>"}}
{"__type":"$$EventMessageConfirm","confirm":"08564d8e-aa7e-4a2d-ae43-04237d4455d9","ts":"2026-07-24T20:35:14.182-05:00","source":{"id":"0","name":"eventBus"}}
{"__type":"$$EventMessageNode","id":"5f22cff6-f95e-4ed2-9202-b718f5185f80","ts":"2026-07-24T20:35:14.198-05:00","eventName":"n8n.node.started","message":"n8n.node.started","payload":{"workflowId":"IqhxSGlB1Zsi0TSG","workflowName":"My workflow","executionId":"171","nodeType":"n8n-nodes-base.if","nodeName":"If1","nodeId":"4432132b-7cf6-4c0f-b24e-358c41819d0a"}}
{"__type":"$$EventMessageConfirm","confirm":"5f22cff6-f95e-4ed2-9202-b718f5185f80","ts":"2026-07-24T20:35:14.198-05:00","source":{"id":"0","name":"eventBus"}}
{"__type":"$$EventMessageNode","id":"cb4d991a-e9ff-46fb-bca9-609b5ac36c2c","ts":"2026-07-24T20:35:14.206-05:00","eventName":"n8n.node.finished","message":"n8n.node.finished","payload":{"workflowId":"IqhxSGlB1Zsi0TSG","workflowName":"My workflow","executionId":"171","nodeType":"n8n-nodes-base.if","nodeName":"If1","nodeId":"4432132b-7cf6-4c0f-b24e-358c41819d0a"}}
{"__type":"$$EventMessageConfirm","confirm":"cb4d991a-e9ff-46fb-bca9-609b5ac36c2c","ts":"2026-07-24T20:35:14.206-05:00","source":{"id":"0","name":"eventBus"}}
{"__type":"$$EventMessageWorkflow","id":"29a86883-a8a1-4ae5-9a89-f05a7ac564d8","ts":"2026-07-24T20:35:14.210-05:00","eventName":"n8n.workflow.success","message":"n8n.workflow.success","payload":{"userId":"b9b1db79-eccb-44ec-a1ac-88eb796fc5f5","executionId":"171","success":true,"isManual":true,"mode":"manual","workflowId":"IqhxSGlB1Zsi0TSG","workflowName":"My workflow","projectId":"2waiwXdPc8W3Avzz","projectName":"Jamil  andy <andi1998jamil@gmail.com>"}}
{"__type":"$$EventMessageConfirm","confirm":"29a86883-a8a1-4ae5-9a89-f05a7ac564d8","ts":"2026-07-24T20:35:14.210-05:00","source":{"id":"0","name":"eventBus"}}
{"__type":"$$EventMessageAudit","id":"646ea55d-7dde-4729-8f8c-2a3761d0c001","ts":"2026-07-24T20:46:41.600-05:00","eventName":"n8n.audit.workflow.updated","message":"n8n.audit.workflow.updated","payload":{"userId":"b9b1db79-eccb-44ec-a1ac-88eb796fc5f5","_email":"andi1998jamil@gmail.com","_firstName":"Jamil","_lastName":" andy","globalRole":"global:owner","workflowId":"IqhxSGlB1Zsi0TSG","workflowName":"My workflow"}}
{"__type":"$$EventMessageConfirm","confirm":"646ea55d-7dde-4729-8f8c-2a3761d0c001","ts":"2026-07-24T20:46:41.600-05:00","source":{"id":"0","name":"eventBus"}}
{"__type":"$$EventMessageAudit","id":"fb24b532-5d13-4d43-b7cf-93f6e05a6fd7","ts":"2026-07-24T20:47:09.050-05:00","eventName":"n8n.audit.workflow.updated","message":"n8n.audit.workflow.updated","payload":{"userId":"b9b1db79-eccb-44ec-a1ac-88eb796fc5f5","_email":"andi1998jamil@gmail.com","_firstName":"Jamil","_lastName":" andy","globalRole":"global:owner","workflowId":"IqhxSGlB1Zsi0TSG","workflowName":"My workflow"}}
{"__type":"$$EventMessageConfirm","confirm":"fb24b532-5d13-4d43-b7cf-93f6e05a6fd7","ts":"2026-07-24T20:47:09.050-05:00","source":{"id":"0","name":"eventBus"}}
{"__type":"$$EventMessageAudit","id":"c898968b-d81a-45f3-87c6-c9221390575e","ts":"2026-07-24T20:47:20.003-05:00","eventName":"n8n.audit.workflow.updated","message":"n8n.audit.workflow.updated","payload":{"userId":"b9b1db79-eccb-44ec-a1ac-88eb796fc5f5","_email":"andi1998jamil@gmail.com","_firstName":"Jamil","_lastName":" andy","globalRole":"global:owner","workflowId":"IqhxSGlB1Zsi0TSG","workflowName":"My workflow"}}
{"__type":"$$EventMessageConfirm","confirm":"c898968b-d81a-45f3-87c6-c9221390575e","ts":"2026-07-24T20:47:20.003-05:00","source":{"id":"0","name":"eventBus"}}
{"__type":"$$EventMessageAudit","id":"28335324-2745-4561-ba16-2d50732cf1f3","ts":"2026-07-24T20:50:26.503-05:00","eventName":"n8n.audit.workflow.updated","message":"n8n.audit.workflow.updated","payload":{"userId":"b9b1db79-eccb-44ec-a1ac-88eb796fc5f5","_email":"andi1998jamil@gmail.com","_firstName":"Jamil","_lastName":" andy","globalRole":"global:owner","workflowId":"IqhxSGlB1Zsi0TSG","workflowName":"My workflow"}}
{"__type":"$$EventMessageConfirm","confirm":"28335324-2745-4561-ba16-2d50732cf1f3","ts":"2026-07-24T20:50:26.503-05:00","source":{"id":"0","name":"eventBus"}}
{"__type":"$$EventMessageAudit","id":"136a34a4-1ea5-4c89-85ba-6c0d0d1681b7","ts":"2026-07-24T20:50:30.421-05:00","eventName":"n8n.audit.workflow.updated","message":"n8n.audit.workflow.updated","payload":{"userId":"b9b1db79-eccb-44ec-a1ac-88eb796fc5f5","_email":"andi1998jamil@gmail.com","_firstName":"Jamil","_lastName":" andy","globalRole":"global:owner","workflowId":"IqhxSGlB1Zsi0TSG","workflowName":"My workflow"}}
{"__type":"$$EventMessageConfirm","confirm":"136a34a4-1ea5-4c89-85ba-6c0d0d1681b7","ts":"2026-07-24T20:50:30.421-05:00","source":{"id":"0","name":"eventBus"}}
{"__type":"$$EventMessageAudit","id":"d842b9fd-9baf-4f6f-8370-fe443388095d","ts":"2026-07-24T20:51:29.862-05:00","eventName":"n8n.audit.workflow.updated","message":"n8n.audit.workflow.updated","payload":{"userId":"b9b1db79-eccb-44ec-a1ac-88eb796fc5f5","_email":"andi1998jamil@gmail.com","_firstName":"Jamil","_lastName":" andy","globalRole":"global:owner","workflowId":"IqhxSGlB1Zsi0TSG","workflowName":"My workflow"}}
{"__type":"$$EventMessageConfirm","confirm":"d842b9fd-9baf-4f6f-8370-fe443388095d","ts":"2026-07-24T20:51:29.862-05:00","source":{"id":"0","name":"eventBus"}}
{"__type":"$$EventMessageAudit","id":"224e76e2-6a86-4cee-8d88-1c0c96f7aed0","ts":"2026-07-24T20:51:47.157-05:00","eventName":"n8n.audit.workflow.updated","message":"n8n.audit.workflow.updated","payload":{"userId":"b9b1db79-eccb-44ec-a1ac-88eb796fc5f5","_email":"andi1998jamil@gmail.com","_firstName":"Jamil","_lastName":" andy","globalRole":"global:owner","workflowId":"IqhxSGlB1Zsi0TSG","workflowName":"My workflow"}}
{"__type":"$$EventMessageConfirm","confirm":"224e76e2-6a86-4cee-8d88-1c0c96f7aed0","ts":"2026-07-24T20:51:47.158-05:00","source":{"id":"0","name":"eventBus"}}
{"__type":"$$EventMessageAudit","id":"de16247f-63c9-4968-8287-414444d150c9","ts":"2026-07-24T20:52:00.483-05:00","eventName":"n8n.audit.workflow.updated","message":"n8n.audit.workflow.updated","payload":{"userId":"b9b1db79-eccb-44ec-a1ac-88eb796fc5f5","_email":"andi1998jamil@gmail.com","_firstName":"Jamil","_lastName":" andy","globalRole":"global:owner","workflowId":"IqhxSGlB1Zsi0TSG","workflowName":"My workflow"}}
{"__type":"$$EventMessageConfirm","confirm":"de16247f-63c9-4968-8287-414444d150c9","ts":"2026-07-24T20:52:00.483-05:00","source":{"id":"0","name":"eventBus"}}
{"__type":"$$EventMessageAudit","id":"620a8179-5f50-4115-9321-6be653a73619","ts":"2026-07-24T20:52:07.101-05:00","eventName":"n8n.audit.workflow.updated","message":"n8n.audit.workflow.updated","payload":{"userId":"b9b1db79-eccb-44ec-a1ac-88eb796fc5f5","_email":"andi1998jamil@gmail.com","_firstName":"Jamil","_lastName":" andy","globalRole":"global:owner","workflowId":"IqhxSGlB1Zsi0TSG","workflowName":"My workflow"}}
{"__type":"$$EventMessageConfirm","confirm":"620a8179-5f50-4115-9321-6be653a73619","ts":"2026-07-24T20:52:07.101-05:00","source":{"id":"0","name":"eventBus"}}
{"__type":"$$EventMessageAudit","id":"63111225-23e0-429c-91a1-ba02b5d7731e","ts":"2026-07-24T20:52:38.196-05:00","eventName":"n8n.audit.workflow.executed","message":"n8n.audit.workflow.executed","payload":{"userId":"b9b1db79-eccb-44ec-a1ac-88eb796fc5f5","_email":"andi1998jamil@gmail.com","_firstName":"Jamil","_lastName":" andy","globalRole":"global:owner","workflowId":"IqhxSGlB1Zsi0TSG","workflowName":"My workflow","executionId":"172","source":"user-manual"}}
{"__type":"$$EventMessageConfirm","confirm":"63111225-23e0-429c-91a1-ba02b5d7731e","ts":"2026-07-24T20:52:38.197-05:00","source":{"id":"0","name":"eventBus"}}
{"__type":"$$EventMessageWorkflow","id":"9f13405d-8fff-4390-bd0f-ff292e2ee2a1","ts":"2026-07-24T20:52:38.198-05:00","eventName":"n8n.workflow.started","message":"n8n.workflow.started","payload":{"executionId":"172","workflowId":"IqhxSGlB1Zsi0TSG","isManual":false,"mode":"manual","workflowName":"My workflow","projectId":"2waiwXdPc8W3Avzz","projectName":"Jamil  andy <andi1998jamil@gmail.com>"}}
{"__type":"$$EventMessageConfirm","confirm":"9f13405d-8fff-4390-bd0f-ff292e2ee2a1","ts":"2026-07-24T20:52:38.198-05:00","source":{"id":"0","name":"eventBus"}}
{"__type":"$$EventMessageNode","id":"b3f51943-68cb-4c41-9307-ef29f40c31ed","ts":"2026-07-24T20:52:38.218-05:00","eventName":"n8n.node.started","message":"n8n.node.started","payload":{"workflowId":"IqhxSGlB1Zsi0TSG","workflowName":"My workflow","executionId":"172","nodeType":"n8n-nodes-base.supabase","nodeName":"Get many rows","nodeId":"54047a45-e298-4bc6-91d2-b603da349044"}}
{"__type":"$$EventMessageConfirm","confirm":"b3f51943-68cb-4c41-9307-ef29f40c31ed","ts":"2026-07-24T20:52:38.219-05:00","source":{"id":"0","name":"eventBus"}}
{"__type":"$$EventMessageNode","id":"539de2c1-8cd9-44ed-ae20-f6e5ab332a97","ts":"2026-07-24T20:52:39.285-05:00","eventName":"n8n.node.finished","message":"n8n.node.finished","payload":{"workflowId":"IqhxSGlB1Zsi0TSG","workflowName":"My workflow","executionId":"172","nodeType":"n8n-nodes-base.supabase","nodeName":"Get many rows","nodeId":"54047a45-e298-4bc6-91d2-b603da349044"}}
{"__type":"$$EventMessageConfirm","confirm":"539de2c1-8cd9-44ed-ae20-f6e5ab332a97","ts":"2026-07-24T20:52:39.285-05:00","source":{"id":"0","name":"eventBus"}}
{"__type":"$$EventMessageWorkflow","id":"4de9ac07-4ff2-4086-a58c-a9462865b5c2","ts":"2026-07-24T20:52:39.288-05:00","eventName":"n8n.workflow.success","message":"n8n.workflow.success","payload":{"userId":"b9b1db79-eccb-44ec-a1ac-88eb796fc5f5","executionId":"172","success":true,"isManual":true,"mode":"manual","workflowId":"IqhxSGlB1Zsi0TSG","workflowName":"My workflow","projectId":"2waiwXdPc8W3Avzz","projectName":"Jamil  andy <andi1998jamil@gmail.com>"}}
{"__type":"$$EventMessageConfirm","confirm":"4de9ac07-4ff2-4086-a58c-a9462865b5c2","ts":"2026-07-24T20:52:39.288-05:00","source":{"id":"0","name":"eventBus"}}
{"__type":"$$EventMessageAudit","id":"f0093b3f-e766-4578-b93e-f72ed8a5c0b8","ts":"2026-07-24T20:54:51.108-05:00","eventName":"n8n.audit.workflow.updated","message":"n8n.audit.workflow.updated","payload":{"userId":"b9b1db79-eccb-44ec-a1ac-88eb796fc5f5","_email":"andi1998jamil@gmail.com","_firstName":"Jamil","_lastName":" andy","globalRole":"global:owner","workflowId":"IqhxSGlB1Zsi0TSG","workflowName":"My workflow"}}
{"__type":"$$EventMessageConfirm","confirm":"f0093b3f-e766-4578-b93e-f72ed8a5c0b8","ts":"2026-07-24T20:54:51.109-05:00","source":{"id":"0","name":"eventBus"}}
{"__type":"$$EventMessageAudit","id":"7de289e9-a674-415d-a779-a29c7b6ed89b","ts":"2026-07-24T20:54:51.615-05:00","eventName":"n8n.audit.workflow.updated","message":"n8n.audit.workflow.updated","payload":{"userId":"b9b1db79-eccb-44ec-a1ac-88eb796fc5f5","_email":"andi1998jamil@gmail.com","_firstName":"Jamil","_lastName":" andy","globalRole":"global:owner","workflowId":"IqhxSGlB1Zsi0TSG","workflowName":"My workflow"}}
{"__type":"$$EventMessageConfirm","confirm":"7de289e9-a674-415d-a779-a29c7b6ed89b","ts":"2026-07-24T20:54:51.615-05:00","source":{"id":"0","name":"eventBus"}}
{"__type":"$$EventMessageAudit","id":"3b0e04b9-a63a-49bf-8637-8178bab5aeed","ts":"2026-07-24T20:54:51.664-05:00","eventName":"n8n.audit.workflow.executed","message":"n8n.audit.workflow.executed","payload":{"userId":"b9b1db79-eccb-44ec-a1ac-88eb796fc5f5","_email":"andi1998jamil@gmail.com","_firstName":"Jamil","_lastName":" andy","globalRole":"global:owner","workflowId":"IqhxSGlB1Zsi0TSG","workflowName":"My workflow","executionId":"173","source":"user-manual"}}
{"__type":"$$EventMessageConfirm","confirm":"3b0e04b9-a63a-49bf-8637-8178bab5aeed","ts":"2026-07-24T20:54:51.664-05:00","source":{"id":"0","name":"eventBus"}}
{"__type":"$$EventMessageWorkflow","id":"bd3d1531-de24-4e95-b6fd-05e52b33a967","ts":"2026-07-24T20:54:51.665-05:00","eventName":"n8n.workflow.started","message":"n8n.workflow.started","payload":{"executionId":"173","workflowId":"IqhxSGlB1Zsi0TSG","isManual":false,"mode":"manual","workflowName":"My workflow","projectId":"2waiwXdPc8W3Avzz","projectName":"Jamil  andy <andi1998jamil@gmail.com>"}}
{"__type":"$$EventMessageConfirm","confirm":"bd3d1531-de24-4e95-b6fd-05e52b33a967","ts":"2026-07-24T20:54:51.665-05:00","source":{"id":"0","name":"eventBus"}}
{"__type":"$$EventMessageNode","id":"02f080fc-6898-412f-a3fe-167388984b09","ts":"2026-07-24T20:54:51.679-05:00","eventName":"n8n.node.started","message":"n8n.node.started","payload":{"workflowId":"IqhxSGlB1Zsi0TSG","workflowName":"My workflow","executionId":"173","nodeType":"n8n-nodes-base.supabase","nodeName":"Get many rows","nodeId":"54047a45-e298-4bc6-91d2-b603da349044"}}
{"__type":"$$EventMessageConfirm","confirm":"02f080fc-6898-412f-a3fe-167388984b09","ts":"2026-07-24T20:54:51.679-05:00","source":{"id":"0","name":"eventBus"}}
{"__type":"$$EventMessageNode","id":"f8a3a692-bcac-46b9-adfb-5eb8487c2290","ts":"2026-07-24T20:54:52.583-05:00","eventName":"n8n.node.finished","message":"n8n.node.finished","payload":{"workflowId":"IqhxSGlB1Zsi0TSG","workflowName":"My workflow","executionId":"173","nodeType":"n8n-nodes-base.supabase","nodeName":"Get many rows","nodeId":"54047a45-e298-4bc6-91d2-b603da349044"}}
{"__type":"$$EventMessageConfirm","confirm":"f8a3a692-bcac-46b9-adfb-5eb8487c2290","ts":"2026-07-24T20:54:52.583-05:00","source":{"id":"0","name":"eventBus"}}
{"__type":"$$EventMessageWorkflow","id":"0e536562-5a1c-49f8-aca5-052aec6d7bfa","ts":"2026-07-24T20:54:52.587-05:00","eventName":"n8n.workflow.success","message":"n8n.workflow.success","payload":{"userId":"b9b1db79-eccb-44ec-a1ac-88eb796fc5f5","executionId":"173","success":true,"isManual":true,"mode":"manual","workflowId":"IqhxSGlB1Zsi0TSG","workflowName":"My workflow","projectId":"2waiwXdPc8W3Avzz","projectName":"Jamil  andy <andi1998jamil@gmail.com>"}}
{"__type":"$$EventMessageConfirm","confirm":"0e536562-5a1c-49f8-aca5-052aec6d7bfa","ts":"2026-07-24T20:54:52.587-05:00","source":{"id":"0","name":"eventBus"}}
{"__type":"$$EventMessageAudit","id":"2d068ab0-4c2a-4dfa-ad16-88577f161ddf","ts":"2026-07-24T20:55:38.323-05:00","eventName":"n8n.audit.workflow.updated","message":"n8n.audit.workflow.updated","payload":{"userId":"b9b1db79-eccb-44ec-a1ac-88eb796fc5f5","_email":"andi1998jamil@gmail.com","_firstName":"Jamil","_lastName":" andy","globalRole":"global:owner","workflowId":"IqhxSGlB1Zsi0TSG","workflowName":"My workflow"}}
{"__type":"$$EventMessageConfirm","confirm":"2d068ab0-4c2a-4dfa-ad16-88577f161ddf","ts":"2026-07-24T20:55:38.323-05:00","source":{"id":"0","name":"eventBus"}}
{"__type":"$$EventMessageAudit","id":"4e9e02bf-7030-4c9d-99e4-42966d69fb95","ts":"2026-07-24T20:55:43.635-05:00","eventName":"n8n.audit.workflow.updated","message":"n8n.audit.workflow.updated","payload":{"userId":"b9b1db79-eccb-44ec-a1ac-88eb796fc5f5","_email":"andi1998jamil@gmail.com","_firstName":"Jamil","_lastName":" andy","globalRole":"global:owner","workflowId":"IqhxSGlB1Zsi0TSG","workflowName":"My workflow"}}
{"__type":"$$EventMessageConfirm","confirm":"4e9e02bf-7030-4c9d-99e4-42966d69fb95","ts":"2026-07-24T20:55:43.635-05:00","source":{"id":"0","name":"eventBus"}}
{"__type":"$$EventMessageAudit","id":"54c207b2-fd69-4723-98d0-96355b1d5861","ts":"2026-07-24T20:55:49.792-05:00","eventName":"n8n.audit.workflow.updated","message":"n8n.audit.workflow.updated","payload":{"userId":"b9b1db79-eccb-44ec-a1ac-88eb796fc5f5","_email":"andi1998jamil@gmail.com","_firstName":"Jamil","_lastName":" andy","globalRole":"global:owner","workflowId":"IqhxSGlB1Zsi0TSG","workflowName":"My workflow"}}
{"__type":"$$EventMessageConfirm","confirm":"54c207b2-fd69-4723-98d0-96355b1d5861","ts":"2026-07-24T20:55:49.793-05:00","source":{"id":"0","name":"eventBus"}}
{"__type":"$$EventMessageAudit","id":"dc11cae9-f4b6-4cdf-8961-ae448816eea6","ts":"2026-07-24T20:56:06.827-05:00","eventName":"n8n.audit.workflow.updated","message":"n8n.audit.workflow.updated","payload":{"userId":"b9b1db79-eccb-44ec-a1ac-88eb796fc5f5","_email":"andi1998jamil@gmail.com","_firstName":"Jamil","_lastName":" andy","globalRole":"global:owner","workflowId":"IqhxSGlB1Zsi0TSG","workflowName":"My workflow"}}
{"__type":"$$EventMessageConfirm","confirm":"dc11cae9-f4b6-4cdf-8961-ae448816eea6","ts":"2026-07-24T20:56:06.827-05:00","source":{"id":"0","name":"eventBus"}}
{"__type":"$$EventMessageAudit","id":"952e4cf4-0bbf-4d36-a46e-9316d0ff6a05","ts":"2026-07-24T20:56:15.611-05:00","eventName":"n8n.audit.workflow.updated","message":"n8n.audit.workflow.updated","payload":{"userId":"b9b1db79-eccb-44ec-a1ac-88eb796fc5f5","_email":"andi1998jamil@gmail.com","_firstName":"Jamil","_lastName":" andy","globalRole":"global:owner","workflowId":"IqhxSGlB1Zsi0TSG","workflowName":"My workflow"}}
{"__type":"$$EventMessageConfirm","confirm":"952e4cf4-0bbf-4d36-a46e-9316d0ff6a05","ts":"2026-07-24T20:56:15.612-05:00","source":{"id":"0","name":"eventBus"}}
{"__type":"$$EventMessageAudit","id":"eab53e61-a827-4fd0-80cd-018460c5dc87","ts":"2026-07-24T20:57:00.056-05:00","eventName":"n8n.audit.workflow.executed","message":"n8n.audit.workflow.executed","payload":{"userId":"b9b1db79-eccb-44ec-a1ac-88eb796fc5f5","_email":"andi1998jamil@gmail.com","_firstName":"Jamil","_lastName":" andy","globalRole":"global:owner","workflowId":"IqhxSGlB1Zsi0TSG","workflowName":"My workflow","executionId":"174","source":"user-manual"}}
{"__type":"$$EventMessageConfirm","confirm":"eab53e61-a827-4fd0-80cd-018460c5dc87","ts":"2026-07-24T20:57:00.056-05:00","source":{"id":"0","name":"eventBus"}}
{"__type":"$$EventMessageWorkflow","id":"e7aa6f8c-f433-4f6d-8d84-d610e7d25882","ts":"2026-07-24T20:57:00.057-05:00","eventName":"n8n.workflow.started","message":"n8n.workflow.started","payload":{"executionId":"174","workflowId":"IqhxSGlB1Zsi0TSG","isManual":false,"mode":"manual","workflowName":"My workflow","projectId":"2waiwXdPc8W3Avzz","projectName":"Jamil  andy <andi1998jamil@gmail.com>"}}
{"__type":"$$EventMessageConfirm","confirm":"e7aa6f8c-f433-4f6d-8d84-d610e7d25882","ts":"2026-07-24T20:57:00.057-05:00","source":{"id":"0","name":"eventBus"}}
{"__type":"$$EventMessageNode","id":"02e765db-45c0-42a8-a287-90bc34ce6293","ts":"2026-07-24T20:57:00.072-05:00","eventName":"n8n.node.started","message":"n8n.node.started","payload":{"workflowId":"IqhxSGlB1Zsi0TSG","workflowName":"My workflow","executionId":"174","nodeType":"n8n-nodes-base.if","nodeName":"If2","nodeId":"f42d449a-9630-4adc-9ddd-95dad00e28c6"}}
{"__type":"$$EventMessageConfirm","confirm":"02e765db-45c0-42a8-a287-90bc34ce6293","ts":"2026-07-24T20:57:00.072-05:00","source":{"id":"0","name":"eventBus"}}
{"__type":"$$EventMessageNode","id":"059bbe2a-f093-4e2e-b242-b3c7c608d88a","ts":"2026-07-24T20:57:00.074-05:00","eventName":"n8n.node.finished","message":"n8n.node.finished","payload":{"workflowId":"IqhxSGlB1Zsi0TSG","workflowName":"My workflow","executionId":"174","nodeType":"n8n-nodes-base.if","nodeName":"If2","nodeId":"f42d449a-9630-4adc-9ddd-95dad00e28c6"}}
{"__type":"$$EventMessageConfirm","confirm":"059bbe2a-f093-4e2e-b242-b3c7c608d88a","ts":"2026-07-24T20:57:00.074-05:00","source":{"id":"0","name":"eventBus"}}
{"__type":"$$EventMessageWorkflow","id":"53786e58-425a-421a-a91c-5f844314544d","ts":"2026-07-24T20:57:00.076-05:00","eventName":"n8n.workflow.success","message":"n8n.workflow.success","payload":{"userId":"b9b1db79-eccb-44ec-a1ac-88eb796fc5f5","executionId":"174","success":true,"isManual":true,"mode":"manual","workflowId":"IqhxSGlB1Zsi0TSG","workflowName":"My workflow","projectId":"2waiwXdPc8W3Avzz","projectName":"Jamil  andy <andi1998jamil@gmail.com>"}}
{"__type":"$$EventMessageConfirm","confirm":"53786e58-425a-421a-a91c-5f844314544d","ts":"2026-07-24T20:57:00.077-05:00","source":{"id":"0","name":"eventBus"}}
{"__type":"$$EventMessageAudit","id":"08f620af-6f70-4ba0-b88e-00fcd06a2894","ts":"2026-07-24T20:59:34.060-05:00","eventName":"n8n.audit.workflow.updated","message":"n8n.audit.workflow.updated","payload":{"userId":"b9b1db79-eccb-44ec-a1ac-88eb796fc5f5","_email":"andi1998jamil@gmail.com","_firstName":"Jamil","_lastName":" andy","globalRole":"global:owner","workflowId":"IqhxSGlB1Zsi0TSG","workflowName":"My workflow"}}
{"__type":"$$EventMessageConfirm","confirm":"08f620af-6f70-4ba0-b88e-00fcd06a2894","ts":"2026-07-24T20:59:34.060-05:00","source":{"id":"0","name":"eventBus"}}
{"__type":"$$EventMessageAudit","id":"a9a402ff-b5ff-4927-b873-03d4e4b4af8b","ts":"2026-07-24T20:59:52.592-05:00","eventName":"n8n.audit.workflow.updated","message":"n8n.audit.workflow.updated","payload":{"userId":"b9b1db79-eccb-44ec-a1ac-88eb796fc5f5","_email":"andi1998jamil@gmail.com","_firstName":"Jamil","_lastName":" andy","globalRole":"global:owner","workflowId":"IqhxSGlB1Zsi0TSG","workflowName":"My workflow"}}
{"__type":"$$EventMessageConfirm","confirm":"a9a402ff-b5ff-4927-b873-03d4e4b4af8b","ts":"2026-07-24T20:59:52.592-05:00","source":{"id":"0","name":"eventBus"}}
{"__type":"$$EventMessageAudit","id":"09b811e5-199f-4e04-99d5-202cb1b95556","ts":"2026-07-24T20:59:55.695-05:00","eventName":"n8n.audit.workflow.updated","message":"n8n.audit.workflow.updated","payload":{"userId":"b9b1db79-eccb-44ec-a1ac-88eb796fc5f5","_email":"andi1998jamil@gmail.com","_firstName":"Jamil","_lastName":" andy","globalRole":"global:owner","workflowId":"IqhxSGlB1Zsi0TSG","workflowName":"My workflow"}}
{"__type":"$$EventMessageConfirm","confirm":"09b811e5-199f-4e04-99d5-202cb1b95556","ts":"2026-07-24T20:59:55.695-05:00","source":{"id":"0","name":"eventBus"}}
{"__type":"$$EventMessageAudit","id":"13337fd7-3542-4446-9e41-7d0676c00ea7","ts":"2026-07-24T20:59:58.711-05:00","eventName":"n8n.audit.workflow.updated","message":"n8n.audit.workflow.updated","payload":{"userId":"b9b1db79-eccb-44ec-a1ac-88eb796fc5f5","_email":"andi1998jamil@gmail.com","_firstName":"Jamil","_lastName":" andy","globalRole":"global:owner","workflowId":"IqhxSGlB1Zsi0TSG","workflowName":"My workflow"}}
{"__type":"$$EventMessageConfirm","confirm":"13337fd7-3542-4446-9e41-7d0676c00ea7","ts":"2026-07-24T20:59:58.712-05:00","source":{"id":"0","name":"eventBus"}}
{"__type":"$$EventMessageAudit","id":"678d8205-baf0-42ac-9844-938909017c53","ts":"2026-07-24T21:01:17.869-05:00","eventName":"n8n.audit.workflow.updated","message":"n8n.audit.workflow.updated","payload":{"userId":"b9b1db79-eccb-44ec-a1ac-88eb796fc5f5","_email":"andi1998jamil@gmail.com","_firstName":"Jamil","_lastName":" andy","globalRole":"global:owner","workflowId":"IqhxSGlB1Zsi0TSG","workflowName":"My workflow"}}
{"__type":"$$EventMessageConfirm","confirm":"678d8205-baf0-42ac-9844-938909017c53","ts":"2026-07-24T21:01:17.869-05:00","source":{"id":"0","name":"eventBus"}}
{"__type":"$$EventMessageAudit","id":"7c414544-c971-481c-b9b0-cc0a6e57de5b","ts":"2026-07-24T21:01:26.282-05:00","eventName":"n8n.audit.workflow.updated","message":"n8n.audit.workflow.updated","payload":{"userId":"b9b1db79-eccb-44ec-a1ac-88eb796fc5f5","_email":"andi1998jamil@gmail.com","_firstName":"Jamil","_lastName":" andy","globalRole":"global:owner","workflowId":"IqhxSGlB1Zsi0TSG","workflowName":"My workflow"}}
{"__type":"$$EventMessageConfirm","confirm":"7c414544-c971-481c-b9b0-cc0a6e57de5b","ts":"2026-07-24T21:01:26.282-05:00","source":{"id":"0","name":"eventBus"}}
{"__type":"$$EventMessageAudit","id":"9b1e4f81-1980-49fd-ac0a-5d98e637046d","ts":"2026-07-24T21:02:02.116-05:00","eventName":"n8n.audit.workflow.updated","message":"n8n.audit.workflow.updated","payload":{"userId":"b9b1db79-eccb-44ec-a1ac-88eb796fc5f5","_email":"andi1998jamil@gmail.com","_firstName":"Jamil","_lastName":" andy","globalRole":"global:owner","workflowId":"IqhxSGlB1Zsi0TSG","workflowName":"My workflow"}}
{"__type":"$$EventMessageConfirm","confirm":"9b1e4f81-1980-49fd-ac0a-5d98e637046d","ts":"2026-07-24T21:02:02.116-05:00","source":{"id":"0","name":"eventBus"}}
{"__type":"$$EventMessageAudit","id":"8f2d3658-d628-4e50-aecf-08baaad1c83e","ts":"2026-07-24T21:02:42.602-05:00","eventName":"n8n.audit.workflow.updated","message":"n8n.audit.workflow.updated","payload":{"userId":"b9b1db79-eccb-44ec-a1ac-88eb796fc5f5","_email":"andi1998jamil@gmail.com","_firstName":"Jamil","_lastName":" andy","globalRole":"global:owner","workflowId":"IqhxSGlB1Zsi0TSG","workflowName":"My workflow"}}
{"__type":"$$EventMessageConfirm","confirm":"8f2d3658-d628-4e50-aecf-08baaad1c83e","ts":"2026-07-24T21:02:42.602-05:00","source":{"id":"0","name":"eventBus"}}
{"__type":"$$EventMessageAudit","id":"0086f028-3435-4882-9048-8a32f61c3331","ts":"2026-07-24T21:03:35.000-05:00","eventName":"n8n.audit.workflow.executed","message":"n8n.audit.workflow.executed","payload":{"userId":"b9b1db79-eccb-44ec-a1ac-88eb796fc5f5","_email":"andi1998jamil@gmail.com","_firstName":"Jamil","_lastName":" andy","globalRole":"global:owner","workflowId":"IqhxSGlB1Zsi0TSG","workflowName":"My workflow","executionId":"175","source":"user-manual"}}
{"__type":"$$EventMessageConfirm","confirm":"0086f028-3435-4882-9048-8a32f61c3331","ts":"2026-07-24T21:03:35.000-05:00","source":{"id":"0","name":"eventBus"}}
{"__type":"$$EventMessageWorkflow","id":"294676a7-92dc-4a9d-b0c2-378a5780b457","ts":"2026-07-24T21:03:35.002-05:00","eventName":"n8n.workflow.started","message":"n8n.workflow.started","payload":{"executionId":"175","workflowId":"IqhxSGlB1Zsi0TSG","isManual":false,"mode":"manual","workflowName":"My workflow","projectId":"2waiwXdPc8W3Avzz","projectName":"Jamil  andy <andi1998jamil@gmail.com>"}}
{"__type":"$$EventMessageConfirm","confirm":"294676a7-92dc-4a9d-b0c2-378a5780b457","ts":"2026-07-24T21:03:35.003-05:00","source":{"id":"0","name":"eventBus"}}
{"__type":"$$EventMessageNode","id":"0c6f3f06-54af-4e2e-9fd4-5b7c5d687e2c","ts":"2026-07-24T21:03:35.014-05:00","eventName":"n8n.node.started","message":"n8n.node.started","payload":{"workflowId":"IqhxSGlB1Zsi0TSG","workflowName":"My workflow","executionId":"175","nodeType":"@n8n/n8n-nodes-langchain.googleGemini","nodeName":"Message a model","nodeId":"3d14db8e-353c-4957-ac7e-66470cbb3603"}}
{"__type":"$$EventMessageConfirm","confirm":"0c6f3f06-54af-4e2e-9fd4-5b7c5d687e2c","ts":"2026-07-24T21:03:35.015-05:00","source":{"id":"0","name":"eventBus"}}
{"__type":"$$EventMessageNode","id":"677a0fbb-ea29-49f3-989e-0bd07a155b29","ts":"2026-07-24T21:03:48.458-05:00","eventName":"n8n.node.finished","message":"n8n.node.finished","payload":{"workflowId":"IqhxSGlB1Zsi0TSG","workflowName":"My workflow","executionId":"175","nodeType":"@n8n/n8n-nodes-langchain.googleGemini","nodeName":"Message a model","nodeId":"3d14db8e-353c-4957-ac7e-66470cbb3603"}}
{"__type":"$$EventMessageConfirm","confirm":"677a0fbb-ea29-49f3-989e-0bd07a155b29","ts":"2026-07-24T21:03:48.458-05:00","source":{"id":"0","name":"eventBus"}}
{"__type":"$$EventMessageWorkflow","id":"1ea564ee-8638-4b1c-9de6-740cd8080a10","ts":"2026-07-24T21:03:48.463-05:00","eventName":"n8n.workflow.success","message":"n8n.workflow.success","payload":{"userId":"b9b1db79-eccb-44ec-a1ac-88eb796fc5f5","executionId":"175","success":true,"isManual":true,"mode":"manual","workflowId":"IqhxSGlB1Zsi0TSG","workflowName":"My workflow","projectId":"2waiwXdPc8W3Avzz","projectName":"Jamil  andy <andi1998jamil@gmail.com>"}}
{"__type":"$$EventMessageConfirm","confirm":"1ea564ee-8638-4b1c-9de6-740cd8080a10","ts":"2026-07-24T21:03:48.463-05:00","source":{"id":"0","name":"eventBus"}}
{"__type":"$$EventMessageAudit","id":"899d71ba-bef9-40cf-8c4d-d851bd76a4ea","ts":"2026-07-24T21:15:02.919-05:00","eventName":"n8n.audit.workflow.updated","message":"n8n.audit.workflow.updated","payload":{"userId":"b9b1db79-eccb-44ec-a1ac-88eb796fc5f5","_email":"andi1998jamil@gmail.com","_firstName":"Jamil","_lastName":" andy","globalRole":"global:owner","workflowId":"IqhxSGlB1Zsi0TSG","workflowName":"My workflow"}}
{"__type":"$$EventMessageConfirm","confirm":"899d71ba-bef9-40cf-8c4d-d851bd76a4ea","ts":"2026-07-24T21:15:02.919-05:00","source":{"id":"0","name":"eventBus"}}
{"__type":"$$EventMessageAudit","id":"23985f0c-d605-4d55-87d1-b98381a932e1","ts":"2026-07-24T21:15:56.856-05:00","eventName":"n8n.audit.workflow.updated","message":"n8n.audit.workflow.updated","payload":{"userId":"b9b1db79-eccb-44ec-a1ac-88eb796fc5f5","_email":"andi1998jamil@gmail.com","_firstName":"Jamil","_lastName":" andy","globalRole":"global:owner","workflowId":"IqhxSGlB1Zsi0TSG","workflowName":"My workflow"}}
{"__type":"$$EventMessageConfirm","confirm":"23985f0c-d605-4d55-87d1-b98381a932e1","ts":"2026-07-24T21:15:56.856-05:00","source":{"id":"0","name":"eventBus"}}
{"__type":"$$EventMessageAudit","id":"1566e084-80d4-448f-9222-a764bb950cfe","ts":"2026-07-24T21:16:24.675-05:00","eventName":"n8n.audit.workflow.executed","message":"n8n.audit.workflow.executed","payload":{"userId":"b9b1db79-eccb-44ec-a1ac-88eb796fc5f5","_email":"andi1998jamil@gmail.com","_firstName":"Jamil","_lastName":" andy","globalRole":"global:owner","workflowId":"IqhxSGlB1Zsi0TSG","workflowName":"My workflow","executionId":"176","source":"user-manual"}}
{"__type":"$$EventMessageConfirm","confirm":"1566e084-80d4-448f-9222-a764bb950cfe","ts":"2026-07-24T21:16:24.675-05:00","source":{"id":"0","name":"eventBus"}}
{"__type":"$$EventMessageWorkflow","id":"fb51ad3d-0cf5-4b9b-8521-bcd06131614b","ts":"2026-07-24T21:16:24.676-05:00","eventName":"n8n.workflow.started","message":"n8n.workflow.started","payload":{"executionId":"176","workflowId":"IqhxSGlB1Zsi0TSG","isManual":false,"mode":"manual","workflowName":"My workflow","projectId":"2waiwXdPc8W3Avzz","projectName":"Jamil  andy <andi1998jamil@gmail.com>"}}
{"__type":"$$EventMessageConfirm","confirm":"fb51ad3d-0cf5-4b9b-8521-bcd06131614b","ts":"2026-07-24T21:16:24.676-05:00","source":{"id":"0","name":"eventBus"}}
{"__type":"$$EventMessageNode","id":"b2f77197-94f2-4207-b6d9-e19cdb3c27bf","ts":"2026-07-24T21:16:24.690-05:00","eventName":"n8n.node.started","message":"n8n.node.started","payload":{"workflowId":"IqhxSGlB1Zsi0TSG","workflowName":"My workflow","executionId":"176","nodeType":"@n8n/n8n-nodes-langchain.googleGemini","nodeName":"Message a model","nodeId":"3d14db8e-353c-4957-ac7e-66470cbb3603"}}
{"__type":"$$EventMessageConfirm","confirm":"b2f77197-94f2-4207-b6d9-e19cdb3c27bf","ts":"2026-07-24T21:16:24.690-05:00","source":{"id":"0","name":"eventBus"}}
{"__type":"$$EventMessageNode","id":"936cc83e-f9cb-4a41-9a15-05461f93cecd","ts":"2026-07-24T21:16:26.722-05:00","eventName":"n8n.node.finished","message":"n8n.node.finished","payload":{"workflowId":"IqhxSGlB1Zsi0TSG","workflowName":"My workflow","executionId":"176","nodeType":"@n8n/n8n-nodes-langchain.googleGemini","nodeName":"Message a model","nodeId":"3d14db8e-353c-4957-ac7e-66470cbb3603"}}
{"__type":"$$EventMessageConfirm","confirm":"936cc83e-f9cb-4a41-9a15-05461f93cecd","ts":"2026-07-24T21:16:26.723-05:00","source":{"id":"0","name":"eventBus"}}
{"__type":"$$EventMessageWorkflow","id":"b5240f4e-9441-45ed-a513-a99d9b043173","ts":"2026-07-24T21:16:26.725-05:00","eventName":"n8n.workflow.failed","message":"n8n.workflow.failed","payload":{"userId":"b9b1db79-eccb-44ec-a1ac-88eb796fc5f5","executionId":"176","success":false,"isManual":true,"mode":"manual","workflowId":"IqhxSGlB1Zsi0TSG","workflowName":"My workflow","projectId":"2waiwXdPc8W3Avzz","projectName":"Jamil  andy <andi1998jamil@gmail.com>","lastNodeExecuted":"Message a model","errorNodeType":"@n8n/n8n-nodes-langchain.googleGemini","errorMessage":"Multiple matches found"}}
{"__type":"$$EventMessageConfirm","confirm":"b5240f4e-9441-45ed-a513-a99d9b043173","ts":"2026-07-24T21:16:26.725-05:00","source":{"id":"0","name":"eventBus"}}
{"__type":"$$EventMessageAudit","id":"16876245-4338-426b-b587-c6d2d9e38df3","ts":"2026-07-24T21:24:05.903-05:00","eventName":"n8n.audit.workflow.updated","message":"n8n.audit.workflow.updated","payload":{"userId":"b9b1db79-eccb-44ec-a1ac-88eb796fc5f5","_email":"andi1998jamil@gmail.com","_firstName":"Jamil","_lastName":" andy","globalRole":"global:owner","workflowId":"IqhxSGlB1Zsi0TSG","workflowName":"My workflow"}}
{"__type":"$$EventMessageConfirm","confirm":"16876245-4338-426b-b587-c6d2d9e38df3","ts":"2026-07-24T21:24:05.904-05:00","source":{"id":"0","name":"eventBus"}}
{"__type":"$$EventMessageAudit","id":"835e70a3-2ceb-46e0-94da-4871119c38c1","ts":"2026-07-24T21:24:47.128-05:00","eventName":"n8n.audit.workflow.updated","message":"n8n.audit.workflow.updated","payload":{"userId":"b9b1db79-eccb-44ec-a1ac-88eb796fc5f5","_email":"andi1998jamil@gmail.com","_firstName":"Jamil","_lastName":" andy","globalRole":"global:owner","workflowId":"IqhxSGlB1Zsi0TSG","workflowName":"My workflow"}}
{"__type":"$$EventMessageConfirm","confirm":"835e70a3-2ceb-46e0-94da-4871119c38c1","ts":"2026-07-24T21:24:47.128-05:00","source":{"id":"0","name":"eventBus"}}
{"__type":"$$EventMessageAudit","id":"a05a6c71-7011-4bcb-a387-c1125eadf3f9","ts":"2026-07-24T21:24:50.373-05:00","eventName":"n8n.audit.workflow.updated","message":"n8n.audit.workflow.updated","payload":{"userId":"b9b1db79-eccb-44ec-a1ac-88eb796fc5f5","_email":"andi1998jamil@gmail.com","_firstName":"Jamil","_lastName":" andy","globalRole":"global:owner","workflowId":"IqhxSGlB1Zsi0TSG","workflowName":"My workflow"}}
{"__type":"$$EventMessageConfirm","confirm":"a05a6c71-7011-4bcb-a387-c1125eadf3f9","ts":"2026-07-24T21:24:50.373-05:00","source":{"id":"0","name":"eventBus"}}
{"__type":"$$EventMessageAudit","id":"59c1d8b9-6f50-4b2b-ace8-fe43ee62088d","ts":"2026-07-24T21:24:52.272-05:00","eventName":"n8n.audit.workflow.updated","message":"n8n.audit.workflow.updated","payload":{"userId":"b9b1db79-eccb-44ec-a1ac-88eb796fc5f5","_email":"andi1998jamil@gmail.com","_firstName":"Jamil","_lastName":" andy","globalRole":"global:owner","workflowId":"IqhxSGlB1Zsi0TSG","workflowName":"My workflow"}}
{"__type":"$$EventMessageConfirm","confirm":"59c1d8b9-6f50-4b2b-ace8-fe43ee62088d","ts":"2026-07-24T21:24:52.272-05:00","source":{"id":"0","name":"eventBus"}}
{"__type":"$$EventMessageAudit","id":"7730e045-6cce-499b-8a48-d7cf47972c58","ts":"2026-07-24T21:24:57.003-05:00","eventName":"n8n.audit.workflow.updated","message":"n8n.audit.workflow.updated","payload":{"userId":"b9b1db79-eccb-44ec-a1ac-88eb796fc5f5","_email":"andi1998jamil@gmail.com","_firstName":"Jamil","_lastName":" andy","globalRole":"global:owner","workflowId":"IqhxSGlB1Zsi0TSG","workflowName":"My workflow"}}
{"__type":"$$EventMessageConfirm","confirm":"7730e045-6cce-499b-8a48-d7cf47972c58","ts":"2026-07-24T21:24:57.003-05:00","source":{"id":"0","name":"eventBus"}}
{"__type":"$$EventMessageAudit","id":"ea8d2090-8e25-4d62-ad3d-2aee787e34f5","ts":"2026-07-24T21:25:26.680-05:00","eventName":"n8n.audit.workflow.updated","message":"n8n.audit.workflow.updated","payload":{"userId":"b9b1db79-eccb-44ec-a1ac-88eb796fc5f5","_email":"andi1998jamil@gmail.com","_firstName":"Jamil","_lastName":" andy","globalRole":"global:owner","workflowId":"IqhxSGlB1Zsi0TSG","workflowName":"My workflow"}}
{"__type":"$$EventMessageConfirm","confirm":"ea8d2090-8e25-4d62-ad3d-2aee787e34f5","ts":"2026-07-24T21:25:26.680-05:00","source":{"id":"0","name":"eventBus"}}
{"__type":"$$EventMessageAudit","id":"e934d357-df2f-4d36-97a7-a47d6bab21d5","ts":"2026-07-24T21:25:28.581-05:00","eventName":"n8n.audit.workflow.updated","message":"n8n.audit.workflow.updated","payload":{"userId":"b9b1db79-eccb-44ec-a1ac-88eb796fc5f5","_email":"andi1998jamil@gmail.com","_firstName":"Jamil","_lastName":" andy","globalRole":"global:owner","workflowId":"IqhxSGlB1Zsi0TSG","workflowName":"My workflow"}}
{"__type":"$$EventMessageConfirm","confirm":"e934d357-df2f-4d36-97a7-a47d6bab21d5","ts":"2026-07-24T21:25:28.581-05:00","source":{"id":"0","name":"eventBus"}}
{"__type":"$$EventMessageAudit","id":"392bbd67-bb9c-48cf-a9c4-478d476678ee","ts":"2026-07-24T21:25:39.326-05:00","eventName":"n8n.audit.workflow.updated","message":"n8n.audit.workflow.updated","payload":{"userId":"b9b1db79-eccb-44ec-a1ac-88eb796fc5f5","_email":"andi1998jamil@gmail.com","_firstName":"Jamil","_lastName":" andy","globalRole":"global:owner","workflowId":"IqhxSGlB1Zsi0TSG","workflowName":"My workflow"}}
{"__type":"$$EventMessageConfirm","confirm":"392bbd67-bb9c-48cf-a9c4-478d476678ee","ts":"2026-07-24T21:25:39.326-05:00","source":{"id":"0","name":"eventBus"}}
{"__type":"$$EventMessageAudit","id":"ebd9a15e-45b0-47c4-b561-7995a78b5309","ts":"2026-07-24T21:25:44.266-05:00","eventName":"n8n.audit.workflow.updated","message":"n8n.audit.workflow.updated","payload":{"userId":"b9b1db79-eccb-44ec-a1ac-88eb796fc5f5","_email":"andi1998jamil@gmail.com","_firstName":"Jamil","_lastName":" andy","globalRole":"global:owner","workflowId":"IqhxSGlB1Zsi0TSG","workflowName":"My workflow"}}
{"__type":"$$EventMessageConfirm","confirm":"ebd9a15e-45b0-47c4-b561-7995a78b5309","ts":"2026-07-24T21:25:44.266-05:00","source":{"id":"0","name":"eventBus"}}
{"__type":"$$EventMessageAudit","id":"e6b0d480-432a-4349-926a-56a8af9ae7a6","ts":"2026-07-24T21:25:48.550-05:00","eventName":"n8n.audit.workflow.updated","message":"n8n.audit.workflow.updated","payload":{"userId":"b9b1db79-eccb-44ec-a1ac-88eb796fc5f5","_email":"andi1998jamil@gmail.com","_firstName":"Jamil","_lastName":" andy","globalRole":"global:owner","workflowId":"IqhxSGlB1Zsi0TSG","workflowName":"My workflow"}}
{"__type":"$$EventMessageConfirm","confirm":"e6b0d480-432a-4349-926a-56a8af9ae7a6","ts":"2026-07-24T21:25:48.550-05:00","source":{"id":"0","name":"eventBus"}}
{"__type":"$$EventMessageAudit","id":"79eed724-96d3-4983-bd71-08584d55726e","ts":"2026-07-24T21:25:51.460-05:00","eventName":"n8n.audit.workflow.updated","message":"n8n.audit.workflow.updated","payload":{"userId":"b9b1db79-eccb-44ec-a1ac-88eb796fc5f5","_email":"andi1998jamil@gmail.com","_firstName":"Jamil","_lastName":" andy","globalRole":"global:owner","workflowId":"IqhxSGlB1Zsi0TSG","workflowName":"My workflow"}}
{"__type":"$$EventMessageConfirm","confirm":"79eed724-96d3-4983-bd71-08584d55726e","ts":"2026-07-24T21:25:51.460-05:00","source":{"id":"0","name":"eventBus"}}
{"__type":"$$EventMessageAudit","id":"5c27c64d-6f9f-4fce-a263-60f6bbf983b4","ts":"2026-07-24T21:25:56.157-05:00","eventName":"n8n.audit.workflow.updated","message":"n8n.audit.workflow.updated","payload":{"userId":"b9b1db79-eccb-44ec-a1ac-88eb796fc5f5","_email":"andi1998jamil@gmail.com","_firstName":"Jamil","_lastName":" andy","globalRole":"global:owner","workflowId":"IqhxSGlB1Zsi0TSG","workflowName":"My workflow"}}
{"__type":"$$EventMessageConfirm","confirm":"5c27c64d-6f9f-4fce-a263-60f6bbf983b4","ts":"2026-07-24T21:25:56.157-05:00","source":{"id":"0","name":"eventBus"}}
{"__type":"$$EventMessageAudit","id":"da1a1664-50fa-463e-a411-05c16f4c29be","ts":"2026-07-24T21:25:58.051-05:00","eventName":"n8n.audit.workflow.updated","message":"n8n.audit.workflow.updated","payload":{"userId":"b9b1db79-eccb-44ec-a1ac-88eb796fc5f5","_email":"andi1998jamil@gmail.com","_firstName":"Jamil","_lastName":" andy","globalRole":"global:owner","workflowId":"IqhxSGlB1Zsi0TSG","workflowName":"My workflow"}}
{"__type":"$$EventMessageConfirm","confirm":"da1a1664-50fa-463e-a411-05c16f4c29be","ts":"2026-07-24T21:25:58.051-05:00","source":{"id":"0","name":"eventBus"}}
{"__type":"$$EventMessageAudit","id":"c7e11e0f-db26-43a9-8d52-d0cfa80ff160","ts":"2026-07-24T21:26:01.036-05:00","eventName":"n8n.audit.workflow.updated","message":"n8n.audit.workflow.updated","payload":{"userId":"b9b1db79-eccb-44ec-a1ac-88eb796fc5f5","_email":"andi1998jamil@gmail.com","_firstName":"Jamil","_lastName":" andy","globalRole":"global:owner","workflowId":"IqhxSGlB1Zsi0TSG","workflowName":"My workflow"}}
{"__type":"$$EventMessageConfirm","confirm":"c7e11e0f-db26-43a9-8d52-d0cfa80ff160","ts":"2026-07-24T21:26:01.036-05:00","source":{"id":"0","name":"eventBus"}}
{"__type":"$$EventMessageAudit","id":"8f6ffc23-e20c-4b1c-832a-a947d3e0b084","ts":"2026-07-24T21:26:04.634-05:00","eventName":"n8n.audit.workflow.updated","message":"n8n.audit.workflow.updated","payload":{"userId":"b9b1db79-eccb-44ec-a1ac-88eb796fc5f5","_email":"andi1998jamil@gmail.com","_firstName":"Jamil","_lastName":" andy","globalRole":"global:owner","workflowId":"IqhxSGlB1Zsi0TSG","workflowName":"My workflow"}}
{"__type":"$$EventMessageConfirm","confirm":"8f6ffc23-e20c-4b1c-832a-a947d3e0b084","ts":"2026-07-24T21:26:04.634-05:00","source":{"id":"0","name":"eventBus"}}
{"__type":"$$EventMessageAudit","id":"3dfffc9a-9dc9-48ca-a2bf-cecbe2c5b947","ts":"2026-07-24T21:26:09.822-05:00","eventName":"n8n.audit.workflow.updated","message":"n8n.audit.workflow.updated","payload":{"userId":"b9b1db79-eccb-44ec-a1ac-88eb796fc5f5","_email":"andi1998jamil@gmail.com","_firstName":"Jamil","_lastName":" andy","globalRole":"global:owner","workflowId":"IqhxSGlB1Zsi0TSG","workflowName":"My workflow"}}
{"__type":"$$EventMessageConfirm","confirm":"3dfffc9a-9dc9-48ca-a2bf-cecbe2c5b947","ts":"2026-07-24T21:26:09.823-05:00","source":{"id":"0","name":"eventBus"}}
{"__type":"$$EventMessageAudit","id":"ed36fa09-1090-400c-bfbb-99122e0d077a","ts":"2026-07-24T21:26:13.570-05:00","eventName":"n8n.audit.workflow.updated","message":"n8n.audit.workflow.updated","payload":{"userId":"b9b1db79-eccb-44ec-a1ac-88eb796fc5f5","_email":"andi1998jamil@gmail.com","_firstName":"Jamil","_lastName":" andy","globalRole":"global:owner","workflowId":"IqhxSGlB1Zsi0TSG","workflowName":"My workflow"}}
{"__type":"$$EventMessageConfirm","confirm":"ed36fa09-1090-400c-bfbb-99122e0d077a","ts":"2026-07-24T21:26:13.571-05:00","source":{"id":"0","name":"eventBus"}}
{"__type":"$$EventMessageAudit","id":"b3904a0b-20a0-4cf6-8c6e-29b5dd04f766","ts":"2026-07-24T21:26:16.185-05:00","eventName":"n8n.audit.workflow.updated","message":"n8n.audit.workflow.updated","payload":{"userId":"b9b1db79-eccb-44ec-a1ac-88eb796fc5f5","_email":"andi1998jamil@gmail.com","_firstName":"Jamil","_lastName":" andy","globalRole":"global:owner","workflowId":"IqhxSGlB1Zsi0TSG","workflowName":"My workflow"}}
{"__type":"$$EventMessageConfirm","confirm":"b3904a0b-20a0-4cf6-8c6e-29b5dd04f766","ts":"2026-07-24T21:26:16.185-05:00","source":{"id":"0","name":"eventBus"}}
{"__type":"$$EventMessageAudit","id":"032156c2-2b69-4985-88fe-1460b476bfde","ts":"2026-07-24T21:26:22.934-05:00","eventName":"n8n.audit.workflow.updated","message":"n8n.audit.workflow.updated","payload":{"userId":"b9b1db79-eccb-44ec-a1ac-88eb796fc5f5","_email":"andi1998jamil@gmail.com","_firstName":"Jamil","_lastName":" andy","globalRole":"global:owner","workflowId":"IqhxSGlB1Zsi0TSG","workflowName":"My workflow"}}
{"__type":"$$EventMessageConfirm","confirm":"032156c2-2b69-4985-88fe-1460b476bfde","ts":"2026-07-24T21:26:22.934-05:00","source":{"id":"0","name":"eventBus"}}
{"__type":"$$EventMessageAudit","id":"756fdf29-da6e-450e-b991-1aa07502db8c","ts":"2026-07-24T21:26:25.186-05:00","eventName":"n8n.audit.workflow.updated","message":"n8n.audit.workflow.updated","payload":{"userId":"b9b1db79-eccb-44ec-a1ac-88eb796fc5f5","_email":"andi1998jamil@gmail.com","_firstName":"Jamil","_lastName":" andy","globalRole":"global:owner","workflowId":"IqhxSGlB1Zsi0TSG","workflowName":"My workflow"}}
{"__type":"$$EventMessageConfirm","confirm":"756fdf29-da6e-450e-b991-1aa07502db8c","ts":"2026-07-24T21:26:25.187-05:00","source":{"id":"0","name":"eventBus"}}
{"__type":"$$EventMessageAudit","id":"93629a14-c7ae-479b-9df4-1ed76a47ed19","ts":"2026-07-24T21:26:29.670-05:00","eventName":"n8n.audit.workflow.updated","message":"n8n.audit.workflow.updated","payload":{"userId":"b9b1db79-eccb-44ec-a1ac-88eb796fc5f5","_email":"andi1998jamil@gmail.com","_firstName":"Jamil","_lastName":" andy","globalRole":"global:owner","workflowId":"IqhxSGlB1Zsi0TSG","workflowName":"My workflow"}}
{"__type":"$$EventMessageConfirm","confirm":"93629a14-c7ae-479b-9df4-1ed76a47ed19","ts":"2026-07-24T21:26:29.670-05:00","source":{"id":"0","name":"eventBus"}}
{"__type":"$$EventMessageAudit","id":"25c6f007-4744-49c3-a4cb-f6f2e4b099b6","ts":"2026-07-24T21:26:34.788-05:00","eventName":"n8n.audit.workflow.updated","message":"n8n.audit.workflow.updated","payload":{"userId":"b9b1db79-eccb-44ec-a1ac-88eb796fc5f5","_email":"andi1998jamil@gmail.com","_firstName":"Jamil","_lastName":" andy","globalRole":"global:owner","workflowId":"IqhxSGlB1Zsi0TSG","workflowName":"My workflow"}}
{"__type":"$$EventMessageConfirm","confirm":"25c6f007-4744-49c3-a4cb-f6f2e4b099b6","ts":"2026-07-24T21:26:34.788-05:00","source":{"id":"0","name":"eventBus"}}
{"__type":"$$EventMessageAudit","id":"ae481dd7-7121-426a-aace-b7ad4e1d026c","ts":"2026-07-24T21:26:43.865-05:00","eventName":"n8n.audit.workflow.updated","message":"n8n.audit.workflow.updated","payload":{"userId":"b9b1db79-eccb-44ec-a1ac-88eb796fc5f5","_email":"andi1998jamil@gmail.com","_firstName":"Jamil","_lastName":" andy","globalRole":"global:owner","workflowId":"IqhxSGlB1Zsi0TSG","workflowName":"My workflow"}}
{"__type":"$$EventMessageConfirm","confirm":"ae481dd7-7121-426a-aace-b7ad4e1d026c","ts":"2026-07-24T21:26:43.866-05:00","source":{"id":"0","name":"eventBus"}}
{"__type":"$$EventMessageAudit","id":"4808251e-791a-431a-a3b5-7f0e4a44be7d","ts":"2026-07-24T21:26:46.394-05:00","eventName":"n8n.audit.workflow.updated","message":"n8n.audit.workflow.updated","payload":{"userId":"b9b1db79-eccb-44ec-a1ac-88eb796fc5f5","_email":"andi1998jamil@gmail.com","_firstName":"Jamil","_lastName":" andy","globalRole":"global:owner","workflowId":"IqhxSGlB1Zsi0TSG","workflowName":"My workflow"}}
{"__type":"$$EventMessageConfirm","confirm":"4808251e-791a-431a-a3b5-7f0e4a44be7d","ts":"2026-07-24T21:26:46.394-05:00","source":{"id":"0","name":"eventBus"}}
{"__type":"$$EventMessageAudit","id":"435a16ac-a282-46ac-9083-74692b720d2e","ts":"2026-07-24T21:26:48.857-05:00","eventName":"n8n.audit.workflow.updated","message":"n8n.audit.workflow.updated","payload":{"userId":"b9b1db79-eccb-44ec-a1ac-88eb796fc5f5","_email":"andi1998jamil@gmail.com","_firstName":"Jamil","_lastName":" andy","globalRole":"global:owner","workflowId":"IqhxSGlB1Zsi0TSG","workflowName":"My workflow"}}
{"__type":"$$EventMessageConfirm","confirm":"435a16ac-a282-46ac-9083-74692b720d2e","ts":"2026-07-24T21:26:48.857-05:00","source":{"id":"0","name":"eventBus"}}
{"__type":"$$EventMessageAudit","id":"48c79ae3-7d05-4ecb-9f89-6f75cd6db58a","ts":"2026-07-24T21:26:51.021-05:00","eventName":"n8n.audit.workflow.updated","message":"n8n.audit.workflow.updated","payload":{"userId":"b9b1db79-eccb-44ec-a1ac-88eb796fc5f5","_email":"andi1998jamil@gmail.com","_firstName":"Jamil","_lastName":" andy","globalRole":"global:owner","workflowId":"IqhxSGlB1Zsi0TSG","workflowName":"My workflow"}}
{"__type":"$$EventMessageConfirm","confirm":"48c79ae3-7d05-4ecb-9f89-6f75cd6db58a","ts":"2026-07-24T21:26:51.022-05:00","source":{"id":"0","name":"eventBus"}}
{"__type":"$$EventMessageAudit","id":"09bbebf3-11d0-44d5-819e-9dd366dc34d7","ts":"2026-07-24T21:26:52.921-05:00","eventName":"n8n.audit.workflow.updated","message":"n8n.audit.workflow.updated","payload":{"userId":"b9b1db79-eccb-44ec-a1ac-88eb796fc5f5","_email":"andi1998jamil@gmail.com","_firstName":"Jamil","_lastName":" andy","globalRole":"global:owner","workflowId":"IqhxSGlB1Zsi0TSG","workflowName":"My workflow"}}
{"__type":"$$EventMessageConfirm","confirm":"09bbebf3-11d0-44d5-819e-9dd366dc34d7","ts":"2026-07-24T21:26:52.922-05:00","source":{"id":"0","name":"eventBus"}}
{"__type":"$$EventMessageAudit","id":"0db679a7-c99a-42c2-b60a-08ff10ade23e","ts":"2026-07-24T21:26:56.394-05:00","eventName":"n8n.audit.workflow.updated","message":"n8n.audit.workflow.updated","payload":{"userId":"b9b1db79-eccb-44ec-a1ac-88eb796fc5f5","_email":"andi1998jamil@gmail.com","_firstName":"Jamil","_lastName":" andy","globalRole":"global:owner","workflowId":"IqhxSGlB1Zsi0TSG","workflowName":"My workflow"}}
{"__type":"$$EventMessageConfirm","confirm":"0db679a7-c99a-42c2-b60a-08ff10ade23e","ts":"2026-07-24T21:26:56.395-05:00","source":{"id":"0","name":"eventBus"}}
{"__type":"$$EventMessageAudit","id":"6fd016b1-a12d-4a08-b04b-81ce5bb25e85","ts":"2026-07-24T21:27:01.576-05:00","eventName":"n8n.audit.workflow.updated","message":"n8n.audit.workflow.updated","payload":{"userId":"b9b1db79-eccb-44ec-a1ac-88eb796fc5f5","_email":"andi1998jamil@gmail.com","_firstName":"Jamil","_lastName":" andy","globalRole":"global:owner","workflowId":"IqhxSGlB1Zsi0TSG","workflowName":"My workflow"}}
{"__type":"$$EventMessageConfirm","confirm":"6fd016b1-a12d-4a08-b04b-81ce5bb25e85","ts":"2026-07-24T21:27:01.576-05:00","source":{"id":"0","name":"eventBus"}}
{"__type":"$$EventMessageAudit","id":"f2f60a21-e829-4116-bbf2-7e1a2f9a3377","ts":"2026-07-24T21:27:05.206-05:00","eventName":"n8n.audit.workflow.updated","message":"n8n.audit.workflow.updated","payload":{"userId":"b9b1db79-eccb-44ec-a1ac-88eb796fc5f5","_email":"andi1998jamil@gmail.com","_firstName":"Jamil","_lastName":" andy","globalRole":"global:owner","workflowId":"IqhxSGlB1Zsi0TSG","workflowName":"My workflow"}}
{"__type":"$$EventMessageConfirm","confirm":"f2f60a21-e829-4116-bbf2-7e1a2f9a3377","ts":"2026-07-24T21:27:05.206-05:00","source":{"id":"0","name":"eventBus"}}
{"__type":"$$EventMessageAudit","id":"909e8ab3-a354-4725-adb2-48c077ef8efc","ts":"2026-07-24T21:27:27.868-05:00","eventName":"n8n.audit.workflow.updated","message":"n8n.audit.workflow.updated","payload":{"userId":"b9b1db79-eccb-44ec-a1ac-88eb796fc5f5","_email":"andi1998jamil@gmail.com","_firstName":"Jamil","_lastName":" andy","globalRole":"global:owner","workflowId":"IqhxSGlB1Zsi0TSG","workflowName":"My workflow"}}
{"__type":"$$EventMessageConfirm","confirm":"909e8ab3-a354-4725-adb2-48c077ef8efc","ts":"2026-07-24T21:27:27.868-05:00","source":{"id":"0","name":"eventBus"}}
{"__type":"$$EventMessageAudit","id":"5c8312ec-9815-4897-9fad-a22af5b7111c","ts":"2026-07-24T21:28:00.649-05:00","eventName":"n8n.audit.workflow.updated","message":"n8n.audit.workflow.updated","payload":{"userId":"b9b1db79-eccb-44ec-a1ac-88eb796fc5f5","_email":"andi1998jamil@gmail.com","_firstName":"Jamil","_lastName":" andy","globalRole":"global:owner","workflowId":"IqhxSGlB1Zsi0TSG","workflowName":"My workflow"}}
{"__type":"$$EventMessageConfirm","confirm":"5c8312ec-9815-4897-9fad-a22af5b7111c","ts":"2026-07-24T21:28:00.649-05:00","source":{"id":"0","name":"eventBus"}}
{"__type":"$$EventMessageAudit","id":"acac4366-6d58-4588-b712-f8ee48485ac6","ts":"2026-07-24T21:28:02.551-05:00","eventName":"n8n.audit.workflow.executed","message":"n8n.audit.workflow.executed","payload":{"userId":"b9b1db79-eccb-44ec-a1ac-88eb796fc5f5","_email":"andi1998jamil@gmail.com","_firstName":"Jamil","_lastName":" andy","globalRole":"global:owner","workflowId":"IqhxSGlB1Zsi0TSG","workflowName":"My workflow","executionId":"177","source":"user-manual"}}
{"__type":"$$EventMessageConfirm","confirm":"acac4366-6d58-4588-b712-f8ee48485ac6","ts":"2026-07-24T21:28:02.551-05:00","source":{"id":"0","name":"eventBus"}}
{"__type":"$$EventMessageWorkflow","id":"aa87f58d-be6f-4558-8109-629345f6f785","ts":"2026-07-24T21:28:02.552-05:00","eventName":"n8n.workflow.started","message":"n8n.workflow.started","payload":{"executionId":"177","workflowId":"IqhxSGlB1Zsi0TSG","isManual":false,"mode":"manual","workflowName":"My workflow","projectId":"2waiwXdPc8W3Avzz","projectName":"Jamil  andy <andi1998jamil@gmail.com>"}}
{"__type":"$$EventMessageConfirm","confirm":"aa87f58d-be6f-4558-8109-629345f6f785","ts":"2026-07-24T21:28:02.552-05:00","source":{"id":"0","name":"eventBus"}}
{"__type":"$$EventMessageNode","id":"abba64ea-ae89-46ea-8922-0271c66d3492","ts":"2026-07-24T21:28:02.568-05:00","eventName":"n8n.node.started","message":"n8n.node.started","payload":{"workflowId":"IqhxSGlB1Zsi0TSG","workflowName":"My workflow","executionId":"177","nodeType":"n8n-nodes-base.merge","nodeName":"Merge1","nodeId":"e6648e17-82d5-4d76-88c1-0ee3c8381d39"}}
{"__type":"$$EventMessageConfirm","confirm":"abba64ea-ae89-46ea-8922-0271c66d3492","ts":"2026-07-24T21:28:02.569-05:00","source":{"id":"0","name":"eventBus"}}
{"__type":"$$EventMessageNode","id":"22a7f8b2-649d-49ea-9af0-621dbfb6cea6","ts":"2026-07-24T21:28:02.571-05:00","eventName":"n8n.node.finished","message":"n8n.node.finished","payload":{"workflowId":"IqhxSGlB1Zsi0TSG","workflowName":"My workflow","executionId":"177","nodeType":"n8n-nodes-base.merge","nodeName":"Merge1","nodeId":"e6648e17-82d5-4d76-88c1-0ee3c8381d39"}}
{"__type":"$$EventMessageConfirm","confirm":"22a7f8b2-649d-49ea-9af0-621dbfb6cea6","ts":"2026-07-24T21:28:02.571-05:00","source":{"id":"0","name":"eventBus"}}
{"__type":"$$EventMessageWorkflow","id":"08bcd8f8-d911-4192-803d-7980a494cf90","ts":"2026-07-24T21:28:02.574-05:00","eventName":"n8n.workflow.success","message":"n8n.workflow.success","payload":{"userId":"b9b1db79-eccb-44ec-a1ac-88eb796fc5f5","executionId":"177","success":true,"isManual":true,"mode":"manual","workflowId":"IqhxSGlB1Zsi0TSG","workflowName":"My workflow","projectId":"2waiwXdPc8W3Avzz","projectName":"Jamil  andy <andi1998jamil@gmail.com>"}}
{"__type":"$$EventMessageConfirm","confirm":"08bcd8f8-d911-4192-803d-7980a494cf90","ts":"2026-07-24T21:28:02.575-05:00","source":{"id":"0","name":"eventBus"}}
{"__type":"$$EventMessageAudit","id":"0e854ab2-44ac-4da5-af56-63935a58e0fc","ts":"2026-07-24T21:28:10.518-05:00","eventName":"n8n.audit.workflow.executed","message":"n8n.audit.workflow.executed","payload":{"userId":"b9b1db79-eccb-44ec-a1ac-88eb796fc5f5","_email":"andi1998jamil@gmail.com","_firstName":"Jamil","_lastName":" andy","globalRole":"global:owner","workflowId":"IqhxSGlB1Zsi0TSG","workflowName":"My workflow","executionId":"178","source":"user-manual"}}
{"__type":"$$EventMessageConfirm","confirm":"0e854ab2-44ac-4da5-af56-63935a58e0fc","ts":"2026-07-24T21:28:10.518-05:00","source":{"id":"0","name":"eventBus"}}
{"__type":"$$EventMessageWorkflow","id":"73501ada-5abf-450e-ba2f-20c6310d5f93","ts":"2026-07-24T21:28:10.519-05:00","eventName":"n8n.workflow.started","message":"n8n.workflow.started","payload":{"executionId":"178","workflowId":"IqhxSGlB1Zsi0TSG","isManual":false,"mode":"manual","workflowName":"My workflow","projectId":"2waiwXdPc8W3Avzz","projectName":"Jamil  andy <andi1998jamil@gmail.com>"}}
{"__type":"$$EventMessageConfirm","confirm":"73501ada-5abf-450e-ba2f-20c6310d5f93","ts":"2026-07-24T21:28:10.519-05:00","source":{"id":"0","name":"eventBus"}}
{"__type":"$$EventMessageNode","id":"3e0e43f8-bdc0-49c2-9722-da1473e3cf08","ts":"2026-07-24T21:28:10.536-05:00","eventName":"n8n.node.started","message":"n8n.node.started","payload":{"workflowId":"IqhxSGlB1Zsi0TSG","workflowName":"My workflow","executionId":"178","nodeType":"n8n-nodes-base.if","nodeName":"If2","nodeId":"f42d449a-9630-4adc-9ddd-95dad00e28c6"}}
{"__type":"$$EventMessageConfirm","confirm":"3e0e43f8-bdc0-49c2-9722-da1473e3cf08","ts":"2026-07-24T21:28:10.536-05:00","source":{"id":"0","name":"eventBus"}}
{"__type":"$$EventMessageNode","id":"021a5f62-8034-4187-b21e-fec88d8a9418","ts":"2026-07-24T21:28:10.537-05:00","eventName":"n8n.node.finished","message":"n8n.node.finished","payload":{"workflowId":"IqhxSGlB1Zsi0TSG","workflowName":"My workflow","executionId":"178","nodeType":"n8n-nodes-base.if","nodeName":"If2","nodeId":"f42d449a-9630-4adc-9ddd-95dad00e28c6"}}
{"__type":"$$EventMessageConfirm","confirm":"021a5f62-8034-4187-b21e-fec88d8a9418","ts":"2026-07-24T21:28:10.538-05:00","source":{"id":"0","name":"eventBus"}}
{"__type":"$$EventMessageWorkflow","id":"98d6950e-a631-4ac1-a679-eb2fac873911","ts":"2026-07-24T21:28:10.541-05:00","eventName":"n8n.workflow.success","message":"n8n.workflow.success","payload":{"userId":"b9b1db79-eccb-44ec-a1ac-88eb796fc5f5","executionId":"178","success":true,"isManual":true,"mode":"manual","workflowId":"IqhxSGlB1Zsi0TSG","workflowName":"My workflow","projectId":"2waiwXdPc8W3Avzz","projectName":"Jamil  andy <andi1998jamil@gmail.com>"}}
{"__type":"$$EventMessageConfirm","confirm":"98d6950e-a631-4ac1-a679-eb2fac873911","ts":"2026-07-24T21:28:10.541-05:00","source":{"id":"0","name":"eventBus"}}
{"__type":"$$EventMessageWorkflow","id":"4c5062b4-5b19-4896-8006-b6affbb49839","ts":"2026-07-24T21:28:29.486-05:00","eventName":"n8n.workflow.started","message":"n8n.workflow.started","payload":{"executionId":"179","workflowId":"IqhxSGlB1Zsi0TSG","isManual":false,"mode":"manual","workflowName":"My workflow","projectId":"2waiwXdPc8W3Avzz","projectName":"Jamil  andy <andi1998jamil@gmail.com>"}}
{"__type":"$$EventMessageConfirm","confirm":"4c5062b4-5b19-4896-8006-b6affbb49839","ts":"2026-07-24T21:28:29.486-05:00","source":{"id":"0","name":"eventBus"}}
{"__type":"$$EventMessageAudit","id":"98517855-5382-4922-b983-66f02eec4b5c","ts":"2026-07-24T21:28:29.486-05:00","eventName":"n8n.audit.workflow.executed","message":"n8n.audit.workflow.executed","payload":{"userId":"b9b1db79-eccb-44ec-a1ac-88eb796fc5f5","_email":"andi1998jamil@gmail.com","_firstName":"Jamil","_lastName":" andy","globalRole":"global:owner","workflowId":"IqhxSGlB1Zsi0TSG","workflowName":"My workflow","executionId":"179","source":"user-manual"}}
{"__type":"$$EventMessageConfirm","confirm":"98517855-5382-4922-b983-66f02eec4b5c","ts":"2026-07-24T21:28:29.486-05:00","source":{"id":"0","name":"eventBus"}}
{"__type":"$$EventMessageWorkflow","id":"d904f6ed-115e-469e-8d6c-2c714282dd7b","ts":"2026-07-24T21:28:29.507-05:00","eventName":"n8n.workflow.success","message":"n8n.workflow.success","payload":{"userId":"b9b1db79-eccb-44ec-a1ac-88eb796fc5f5","executionId":"179","success":true,"isManual":true,"mode":"manual","workflowId":"IqhxSGlB1Zsi0TSG","workflowName":"My workflow","projectId":"2waiwXdPc8W3Avzz","projectName":"Jamil  andy <andi1998jamil@gmail.com>"}}
{"__type":"$$EventMessageConfirm","confirm":"d904f6ed-115e-469e-8d6c-2c714282dd7b","ts":"2026-07-24T21:28:29.507-05:00","source":{"id":"0","name":"eventBus"}}
{"__type":"$$EventMessageAudit","id":"83568bff-7fc9-4c1f-ab09-09fe30c22ebb","ts":"2026-07-24T21:28:47.474-05:00","eventName":"n8n.audit.workflow.updated","message":"n8n.audit.workflow.updated","payload":{"userId":"b9b1db79-eccb-44ec-a1ac-88eb796fc5f5","_email":"andi1998jamil@gmail.com","_firstName":"Jamil","_lastName":" andy","globalRole":"global:owner","workflowId":"IqhxSGlB1Zsi0TSG","workflowName":"My workflow"}}
{"__type":"$$EventMessageConfirm","confirm":"83568bff-7fc9-4c1f-ab09-09fe30c22ebb","ts":"2026-07-24T21:28:47.474-05:00","source":{"id":"0","name":"eventBus"}}
{"__type":"$$EventMessageAudit","id":"5ee397b8-87e8-4a5c-96c3-26c99e3de689","ts":"2026-07-24T21:28:51.311-05:00","eventName":"n8n.audit.workflow.updated","message":"n8n.audit.workflow.updated","payload":{"userId":"b9b1db79-eccb-44ec-a1ac-88eb796fc5f5","_email":"andi1998jamil@gmail.com","_firstName":"Jamil","_lastName":" andy","globalRole":"global:owner","workflowId":"IqhxSGlB1Zsi0TSG","workflowName":"My workflow"}}
{"__type":"$$EventMessageConfirm","confirm":"5ee397b8-87e8-4a5c-96c3-26c99e3de689","ts":"2026-07-24T21:28:51.311-05:00","source":{"id":"0","name":"eventBus"}}
{"__type":"$$EventMessageAudit","id":"7be308f3-dac2-4f29-b9de-30463580ae4a","ts":"2026-07-24T21:31:04.062-05:00","eventName":"n8n.audit.workflow.updated","message":"n8n.audit.workflow.updated","payload":{"userId":"b9b1db79-eccb-44ec-a1ac-88eb796fc5f5","_email":"andi1998jamil@gmail.com","_firstName":"Jamil","_lastName":" andy","globalRole":"global:owner","workflowId":"IqhxSGlB1Zsi0TSG","workflowName":"My workflow"}}
{"__type":"$$EventMessageConfirm","confirm":"7be308f3-dac2-4f29-b9de-30463580ae4a","ts":"2026-07-24T21:31:04.062-05:00","source":{"id":"0","name":"eventBus"}}
{"__type":"$$EventMessageAudit","id":"caad9d62-b1a0-4d32-bfd7-e5d5da5a4e46","ts":"2026-07-24T21:31:05.952-05:00","eventName":"n8n.audit.workflow.updated","message":"n8n.audit.workflow.updated","payload":{"userId":"b9b1db79-eccb-44ec-a1ac-88eb796fc5f5","_email":"andi1998jamil@gmail.com","_firstName":"Jamil","_lastName":" andy","globalRole":"global:owner","workflowId":"IqhxSGlB1Zsi0TSG","workflowName":"My workflow"}}
{"__type":"$$EventMessageConfirm","confirm":"caad9d62-b1a0-4d32-bfd7-e5d5da5a4e46","ts":"2026-07-24T21:31:05.952-05:00","source":{"id":"0","name":"eventBus"}}
{"__type":"$$EventMessageAudit","id":"366be1f5-d926-497d-a0df-753b004872f2","ts":"2026-07-24T21:33:06.203-05:00","eventName":"n8n.audit.workflow.updated","message":"n8n.audit.workflow.updated","payload":{"userId":"b9b1db79-eccb-44ec-a1ac-88eb796fc5f5","_email":"andi1998jamil@gmail.com","_firstName":"Jamil","_lastName":" andy","globalRole":"global:owner","workflowId":"IqhxSGlB1Zsi0TSG","workflowName":"My workflow"}}
{"__type":"$$EventMessageConfirm","confirm":"366be1f5-d926-497d-a0df-753b004872f2","ts":"2026-07-24T21:33:06.203-05:00","source":{"id":"0","name":"eventBus"}}
{"__type":"$$EventMessageAudit","id":"f4afdad3-5448-4320-83f9-06b10721d0f5","ts":"2026-07-24T21:33:16.945-05:00","eventName":"n8n.audit.workflow.updated","message":"n8n.audit.workflow.updated","payload":{"userId":"b9b1db79-eccb-44ec-a1ac-88eb796fc5f5","_email":"andi1998jamil@gmail.com","_firstName":"Jamil","_lastName":" andy","globalRole":"global:owner","workflowId":"IqhxSGlB1Zsi0TSG","workflowName":"My workflow"}}
{"__type":"$$EventMessageConfirm","confirm":"f4afdad3-5448-4320-83f9-06b10721d0f5","ts":"2026-07-24T21:33:16.945-05:00","source":{"id":"0","name":"eventBus"}}
{"__type":"$$EventMessageAudit","id":"a7e05b31-dec6-4ee2-b494-905e3d33c86f","ts":"2026-07-24T21:33:18.010-05:00","eventName":"n8n.audit.workflow.executed","message":"n8n.audit.workflow.executed","payload":{"userId":"b9b1db79-eccb-44ec-a1ac-88eb796fc5f5","_email":"andi1998jamil@gmail.com","_firstName":"Jamil","_lastName":" andy","globalRole":"global:owner","workflowId":"IqhxSGlB1Zsi0TSG","workflowName":"My workflow","executionId":"180","source":"user-manual"}}
{"__type":"$$EventMessageConfirm","confirm":"a7e05b31-dec6-4ee2-b494-905e3d33c86f","ts":"2026-07-24T21:33:18.010-05:00","source":{"id":"0","name":"eventBus"}}
{"__type":"$$EventMessageWorkflow","id":"dee3787f-336e-4cf8-ad44-cf28a489147b","ts":"2026-07-24T21:33:18.012-05:00","eventName":"n8n.workflow.started","message":"n8n.workflow.started","payload":{"executionId":"180","workflowId":"IqhxSGlB1Zsi0TSG","isManual":false,"mode":"manual","workflowName":"My workflow","projectId":"2waiwXdPc8W3Avzz","projectName":"Jamil  andy <andi1998jamil@gmail.com>"}}
{"__type":"$$EventMessageConfirm","confirm":"dee3787f-336e-4cf8-ad44-cf28a489147b","ts":"2026-07-24T21:33:18.012-05:00","source":{"id":"0","name":"eventBus"}}
{"__type":"$$EventMessageNode","id":"9cc24584-559b-44bc-970e-8c92ebabf1f1","ts":"2026-07-24T21:33:18.027-05:00","eventName":"n8n.node.started","message":"n8n.node.started","payload":{"workflowId":"IqhxSGlB1Zsi0TSG","workflowName":"My workflow","executionId":"180","nodeType":"n8n-nodes-base.set","nodeName":"Edit Fields","nodeId":"ab4d2c56-7d33-4b88-b0bc-5d71d0780fc1"}}
{"__type":"$$EventMessageConfirm","confirm":"9cc24584-559b-44bc-970e-8c92ebabf1f1","ts":"2026-07-24T21:33:18.027-05:00","source":{"id":"0","name":"eventBus"}}
{"__type":"$$EventMessageNode","id":"3040572a-e913-4a92-a594-58af8fa83a02","ts":"2026-07-24T21:33:18.032-05:00","eventName":"n8n.node.finished","message":"n8n.node.finished","payload":{"workflowId":"IqhxSGlB1Zsi0TSG","workflowName":"My workflow","executionId":"180","nodeType":"n8n-nodes-base.set","nodeName":"Edit Fields","nodeId":"ab4d2c56-7d33-4b88-b0bc-5d71d0780fc1"}}
{"__type":"$$EventMessageConfirm","confirm":"3040572a-e913-4a92-a594-58af8fa83a02","ts":"2026-07-24T21:33:18.033-05:00","source":{"id":"0","name":"eventBus"}}
{"__type":"$$EventMessageWorkflow","id":"fd3fb492-71ce-4e7a-8eb7-043d80948704","ts":"2026-07-24T21:33:18.037-05:00","eventName":"n8n.workflow.success","message":"n8n.workflow.success","payload":{"userId":"b9b1db79-eccb-44ec-a1ac-88eb796fc5f5","executionId":"180","success":true,"isManual":true,"mode":"manual","workflowId":"IqhxSGlB1Zsi0TSG","workflowName":"My workflow","projectId":"2waiwXdPc8W3Avzz","projectName":"Jamil  andy <andi1998jamil@gmail.com>"}}
{"__type":"$$EventMessageConfirm","confirm":"fd3fb492-71ce-4e7a-8eb7-043d80948704","ts":"2026-07-24T21:33:18.037-05:00","source":{"id":"0","name":"eventBus"}}
{"__type":"$$EventMessageAudit","id":"550816b8-c9aa-4313-b504-cd2de01d27cf","ts":"2026-07-24T21:33:33.394-05:00","eventName":"n8n.audit.workflow.executed","message":"n8n.audit.workflow.executed","payload":{"userId":"b9b1db79-eccb-44ec-a1ac-88eb796fc5f5","_email":"andi1998jamil@gmail.com","_firstName":"Jamil","_lastName":" andy","globalRole":"global:owner","workflowId":"IqhxSGlB1Zsi0TSG","workflowName":"My workflow","executionId":"181","source":"user-manual"}}
{"__type":"$$EventMessageConfirm","confirm":"550816b8-c9aa-4313-b504-cd2de01d27cf","ts":"2026-07-24T21:33:33.395-05:00","source":{"id":"0","name":"eventBus"}}
{"__type":"$$EventMessageWorkflow","id":"0cedadc8-7009-404e-92f2-eeb6fcce6643","ts":"2026-07-24T21:33:33.395-05:00","eventName":"n8n.workflow.started","message":"n8n.workflow.started","payload":{"executionId":"181","workflowId":"IqhxSGlB1Zsi0TSG","isManual":false,"mode":"manual","workflowName":"My workflow","projectId":"2waiwXdPc8W3Avzz","projectName":"Jamil  andy <andi1998jamil@gmail.com>"}}
{"__type":"$$EventMessageConfirm","confirm":"0cedadc8-7009-404e-92f2-eeb6fcce6643","ts":"2026-07-24T21:33:33.395-05:00","source":{"id":"0","name":"eventBus"}}
{"__type":"$$EventMessageNode","id":"dbbfd951-e7b2-4b4c-aee2-c563db9b855f","ts":"2026-07-24T21:33:33.411-05:00","eventName":"n8n.node.started","message":"n8n.node.started","payload":{"workflowId":"IqhxSGlB1Zsi0TSG","workflowName":"My workflow","executionId":"181","nodeType":"n8n-nodes-base.if","nodeName":"If1","nodeId":"4432132b-7cf6-4c0f-b24e-358c41819d0a"}}
{"__type":"$$EventMessageConfirm","confirm":"dbbfd951-e7b2-4b4c-aee2-c563db9b855f","ts":"2026-07-24T21:33:33.411-05:00","source":{"id":"0","name":"eventBus"}}
{"__type":"$$EventMessageNode","id":"7e4b7c1f-2539-4fd9-89b0-8e989f1957e5","ts":"2026-07-24T21:33:33.414-05:00","eventName":"n8n.node.finished","message":"n8n.node.finished","payload":{"workflowId":"IqhxSGlB1Zsi0TSG","workflowName":"My workflow","executionId":"181","nodeType":"n8n-nodes-base.if","nodeName":"If1","nodeId":"4432132b-7cf6-4c0f-b24e-358c41819d0a"}}
{"__type":"$$EventMessageConfirm","confirm":"7e4b7c1f-2539-4fd9-89b0-8e989f1957e5","ts":"2026-07-24T21:33:33.414-05:00","source":{"id":"0","name":"eventBus"}}
{"__type":"$$EventMessageNode","id":"a7d76c54-0a7d-47a4-b199-a54c39e6a69a","ts":"2026-07-24T21:33:33.415-05:00","eventName":"n8n.node.started","message":"n8n.node.started","payload":{"workflowId":"IqhxSGlB1Zsi0TSG","workflowName":"My workflow","executionId":"181","nodeType":"n8n-nodes-base.supabase","nodeName":"Get many rows","nodeId":"54047a45-e298-4bc6-91d2-b603da349044"}}
{"__type":"$$EventMessageConfirm","confirm":"a7d76c54-0a7d-47a4-b199-a54c39e6a69a","ts":"2026-07-24T21:33:33.415-05:00","source":{"id":"0","name":"eventBus"}}
{"__type":"$$EventMessageNode","id":"19236348-12dc-4ed1-a406-25f3f5e4f184","ts":"2026-07-24T21:33:34.824-05:00","eventName":"n8n.node.finished","message":"n8n.node.finished","payload":{"workflowId":"IqhxSGlB1Zsi0TSG","workflowName":"My workflow","executionId":"181","nodeType":"n8n-nodes-base.supabase","nodeName":"Get many rows","nodeId":"54047a45-e298-4bc6-91d2-b603da349044"}}
{"__type":"$$EventMessageConfirm","confirm":"19236348-12dc-4ed1-a406-25f3f5e4f184","ts":"2026-07-24T21:33:34.824-05:00","source":{"id":"0","name":"eventBus"}}
{"__type":"$$EventMessageWorkflow","id":"ac29ea7e-1228-43e2-bb34-9714e691b1be","ts":"2026-07-24T21:33:34.829-05:00","eventName":"n8n.workflow.success","message":"n8n.workflow.success","payload":{"userId":"b9b1db79-eccb-44ec-a1ac-88eb796fc5f5","executionId":"181","success":true,"isManual":true,"mode":"manual","workflowId":"IqhxSGlB1Zsi0TSG","workflowName":"My workflow","projectId":"2waiwXdPc8W3Avzz","projectName":"Jamil  andy <andi1998jamil@gmail.com>"}}
{"__type":"$$EventMessageConfirm","confirm":"ac29ea7e-1228-43e2-bb34-9714e691b1be","ts":"2026-07-24T21:33:34.829-05:00","source":{"id":"0","name":"eventBus"}}
{"__type":"$$EventMessageAudit","id":"43959de7-55c2-4454-99fc-08abc3d0e553","ts":"2026-07-24T21:33:36.853-05:00","eventName":"n8n.audit.workflow.executed","message":"n8n.audit.workflow.executed","payload":{"userId":"b9b1db79-eccb-44ec-a1ac-88eb796fc5f5","_email":"andi1998jamil@gmail.com","_firstName":"Jamil","_lastName":" andy","globalRole":"global:owner","workflowId":"IqhxSGlB1Zsi0TSG","workflowName":"My workflow","executionId":"182","source":"user-manual"}}
{"__type":"$$EventMessageConfirm","confirm":"43959de7-55c2-4454-99fc-08abc3d0e553","ts":"2026-07-24T21:33:36.853-05:00","source":{"id":"0","name":"eventBus"}}
{"__type":"$$EventMessageWorkflow","id":"2109b044-ecf9-44a1-b91a-5ce27bfe2510","ts":"2026-07-24T21:33:36.854-05:00","eventName":"n8n.workflow.started","message":"n8n.workflow.started","payload":{"executionId":"182","workflowId":"IqhxSGlB1Zsi0TSG","isManual":false,"mode":"manual","workflowName":"My workflow","projectId":"2waiwXdPc8W3Avzz","projectName":"Jamil  andy <andi1998jamil@gmail.com>"}}
{"__type":"$$EventMessageConfirm","confirm":"2109b044-ecf9-44a1-b91a-5ce27bfe2510","ts":"2026-07-24T21:33:36.855-05:00","source":{"id":"0","name":"eventBus"}}
{"__type":"$$EventMessageNode","id":"703d6e90-ed3b-431d-9372-5dce3aa1f49f","ts":"2026-07-24T21:33:36.869-05:00","eventName":"n8n.node.started","message":"n8n.node.started","payload":{"workflowId":"IqhxSGlB1Zsi0TSG","workflowName":"My workflow","executionId":"182","nodeType":"n8n-nodes-base.merge","nodeName":"Merge1","nodeId":"e6648e17-82d5-4d76-88c1-0ee3c8381d39"}}
{"__type":"$$EventMessageConfirm","confirm":"703d6e90-ed3b-431d-9372-5dce3aa1f49f","ts":"2026-07-24T21:33:36.869-05:00","source":{"id":"0","name":"eventBus"}}
{"__type":"$$EventMessageNode","id":"75d2961c-582d-4f35-be9c-d52aeba6dfad","ts":"2026-07-24T21:33:36.870-05:00","eventName":"n8n.node.finished","message":"n8n.node.finished","payload":{"workflowId":"IqhxSGlB1Zsi0TSG","workflowName":"My workflow","executionId":"182","nodeType":"n8n-nodes-base.merge","nodeName":"Merge1","nodeId":"e6648e17-82d5-4d76-88c1-0ee3c8381d39"}}
{"__type":"$$EventMessageConfirm","confirm":"75d2961c-582d-4f35-be9c-d52aeba6dfad","ts":"2026-07-24T21:33:36.870-05:00","source":{"id":"0","name":"eventBus"}}
{"__type":"$$EventMessageWorkflow","id":"8a507a80-ed48-40c7-beb4-46d51203f639","ts":"2026-07-24T21:33:36.873-05:00","eventName":"n8n.workflow.success","message":"n8n.workflow.success","payload":{"userId":"b9b1db79-eccb-44ec-a1ac-88eb796fc5f5","executionId":"182","success":true,"isManual":true,"mode":"manual","workflowId":"IqhxSGlB1Zsi0TSG","workflowName":"My workflow","projectId":"2waiwXdPc8W3Avzz","projectName":"Jamil  andy <andi1998jamil@gmail.com>"}}
{"__type":"$$EventMessageConfirm","confirm":"8a507a80-ed48-40c7-beb4-46d51203f639","ts":"2026-07-24T21:33:36.873-05:00","source":{"id":"0","name":"eventBus"}}
{"__type":"$$EventMessageAudit","id":"4f922f86-f915-4354-b2f7-c165d21e390c","ts":"2026-07-24T21:33:46.477-05:00","eventName":"n8n.audit.workflow.executed","message":"n8n.audit.workflow.executed","payload":{"userId":"b9b1db79-eccb-44ec-a1ac-88eb796fc5f5","_email":"andi1998jamil@gmail.com","_firstName":"Jamil","_lastName":" andy","globalRole":"global:owner","workflowId":"IqhxSGlB1Zsi0TSG","workflowName":"My workflow","executionId":"183","source":"user-manual"}}
{"__type":"$$EventMessageConfirm","confirm":"4f922f86-f915-4354-b2f7-c165d21e390c","ts":"2026-07-24T21:33:46.477-05:00","source":{"id":"0","name":"eventBus"}}
{"__type":"$$EventMessageWorkflow","id":"d2bd9473-9967-4fb8-9b90-9896057ba5f2","ts":"2026-07-24T21:33:46.478-05:00","eventName":"n8n.workflow.started","message":"n8n.workflow.started","payload":{"executionId":"183","workflowId":"IqhxSGlB1Zsi0TSG","isManual":false,"mode":"manual","workflowName":"My workflow","projectId":"2waiwXdPc8W3Avzz","projectName":"Jamil  andy <andi1998jamil@gmail.com>"}}
{"__type":"$$EventMessageConfirm","confirm":"d2bd9473-9967-4fb8-9b90-9896057ba5f2","ts":"2026-07-24T21:33:46.479-05:00","source":{"id":"0","name":"eventBus"}}
{"__type":"$$EventMessageNode","id":"927dd091-0a15-435d-8674-94b560b559cf","ts":"2026-07-24T21:33:46.492-05:00","eventName":"n8n.node.started","message":"n8n.node.started","payload":{"workflowId":"IqhxSGlB1Zsi0TSG","workflowName":"My workflow","executionId":"183","nodeType":"n8n-nodes-base.if","nodeName":"If2","nodeId":"f42d449a-9630-4adc-9ddd-95dad00e28c6"}}
{"__type":"$$EventMessageConfirm","confirm":"927dd091-0a15-435d-8674-94b560b559cf","ts":"2026-07-24T21:33:46.493-05:00","source":{"id":"0","name":"eventBus"}}
{"__type":"$$EventMessageNode","id":"3d7e4904-4101-4865-b950-09e7e9cc06cc","ts":"2026-07-24T21:33:46.493-05:00","eventName":"n8n.node.finished","message":"n8n.node.finished","payload":{"workflowId":"IqhxSGlB1Zsi0TSG","workflowName":"My workflow","executionId":"183","nodeType":"n8n-nodes-base.if","nodeName":"If2","nodeId":"f42d449a-9630-4adc-9ddd-95dad00e28c6"}}
{"__type":"$$EventMessageConfirm","confirm":"3d7e4904-4101-4865-b950-09e7e9cc06cc","ts":"2026-07-24T21:33:46.494-05:00","source":{"id":"0","name":"eventBus"}}
{"__type":"$$EventMessageWorkflow","id":"e7e1036b-f8d7-4686-8753-290688b5f212","ts":"2026-07-24T21:33:46.497-05:00","eventName":"n8n.workflow.success","message":"n8n.workflow.success","payload":{"userId":"b9b1db79-eccb-44ec-a1ac-88eb796fc5f5","executionId":"183","success":true,"isManual":true,"mode":"manual","workflowId":"IqhxSGlB1Zsi0TSG","workflowName":"My workflow","projectId":"2waiwXdPc8W3Avzz","projectName":"Jamil  andy <andi1998jamil@gmail.com>"}}
{"__type":"$$EventMessageConfirm","confirm":"e7e1036b-f8d7-4686-8753-290688b5f212","ts":"2026-07-24T21:33:46.498-05:00","source":{"id":"0","name":"eventBus"}}
{"__type":"$$EventMessageAudit","id":"43d0434a-8efb-4232-a1df-b6a412eb42a4","ts":"2026-07-24T21:34:04.048-05:00","eventName":"n8n.audit.workflow.executed","message":"n8n.audit.workflow.executed","payload":{"userId":"b9b1db79-eccb-44ec-a1ac-88eb796fc5f5","_email":"andi1998jamil@gmail.com","_firstName":"Jamil","_lastName":" andy","globalRole":"global:owner","workflowId":"IqhxSGlB1Zsi0TSG","workflowName":"My workflow","executionId":"184","source":"user-manual"}}
{"__type":"$$EventMessageConfirm","confirm":"43d0434a-8efb-4232-a1df-b6a412eb42a4","ts":"2026-07-24T21:34:04.048-05:00","source":{"id":"0","name":"eventBus"}}
{"__type":"$$EventMessageWorkflow","id":"f5a5c9db-b210-430f-963f-dd9c95e9e1f8","ts":"2026-07-24T21:34:04.049-05:00","eventName":"n8n.workflow.started","message":"n8n.workflow.started","payload":{"executionId":"184","workflowId":"IqhxSGlB1Zsi0TSG","isManual":false,"mode":"manual","workflowName":"My workflow","projectId":"2waiwXdPc8W3Avzz","projectName":"Jamil  andy <andi1998jamil@gmail.com>"}}
{"__type":"$$EventMessageConfirm","confirm":"f5a5c9db-b210-430f-963f-dd9c95e9e1f8","ts":"2026-07-24T21:34:04.049-05:00","source":{"id":"0","name":"eventBus"}}
{"__type":"$$EventMessageNode","id":"9e24180d-95ea-447d-a326-b828d681b928","ts":"2026-07-24T21:34:04.064-05:00","eventName":"n8n.node.started","message":"n8n.node.started","payload":{"workflowId":"IqhxSGlB1Zsi0TSG","workflowName":"My workflow","executionId":"184","nodeType":"n8n-nodes-base.set","nodeName":"Edit Fields","nodeId":"ab4d2c56-7d33-4b88-b0bc-5d71d0780fc1"}}
{"__type":"$$EventMessageConfirm","confirm":"9e24180d-95ea-447d-a326-b828d681b928","ts":"2026-07-24T21:34:04.065-05:00","source":{"id":"0","name":"eventBus"}}
{"__type":"$$EventMessageNode","id":"6b147c98-a9be-4e5d-b915-ef56c308bc4f","ts":"2026-07-24T21:34:04.069-05:00","eventName":"n8n.node.finished","message":"n8n.node.finished","payload":{"workflowId":"IqhxSGlB1Zsi0TSG","workflowName":"My workflow","executionId":"184","nodeType":"n8n-nodes-base.set","nodeName":"Edit Fields","nodeId":"ab4d2c56-7d33-4b88-b0bc-5d71d0780fc1"}}
{"__type":"$$EventMessageConfirm","confirm":"6b147c98-a9be-4e5d-b915-ef56c308bc4f","ts":"2026-07-24T21:34:04.069-05:00","source":{"id":"0","name":"eventBus"}}
{"__type":"$$EventMessageWorkflow","id":"32bb1246-9053-42c1-a1a1-7d57b6d1c155","ts":"2026-07-24T21:34:04.072-05:00","eventName":"n8n.workflow.success","message":"n8n.workflow.success","payload":{"userId":"b9b1db79-eccb-44ec-a1ac-88eb796fc5f5","executionId":"184","success":true,"isManual":true,"mode":"manual","workflowId":"IqhxSGlB1Zsi0TSG","workflowName":"My workflow","projectId":"2waiwXdPc8W3Avzz","projectName":"Jamil  andy <andi1998jamil@gmail.com>"}}
{"__type":"$$EventMessageConfirm","confirm":"32bb1246-9053-42c1-a1a1-7d57b6d1c155","ts":"2026-07-24T21:34:04.072-05:00","source":{"id":"0","name":"eventBus"}}
{"__type":"$$EventMessageAudit","id":"44d4c8f9-db63-4393-82cf-6e549c0c4199","ts":"2026-07-24T21:34:20.182-05:00","eventName":"n8n.audit.workflow.executed","message":"n8n.audit.workflow.executed","payload":{"userId":"b9b1db79-eccb-44ec-a1ac-88eb796fc5f5","_email":"andi1998jamil@gmail.com","_firstName":"Jamil","_lastName":" andy","globalRole":"global:owner","workflowId":"IqhxSGlB1Zsi0TSG","workflowName":"My workflow","executionId":"185","source":"user-manual"}}
{"__type":"$$EventMessageConfirm","confirm":"44d4c8f9-db63-4393-82cf-6e549c0c4199","ts":"2026-07-24T21:34:20.182-05:00","source":{"id":"0","name":"eventBus"}}
{"__type":"$$EventMessageWorkflow","id":"be416b0b-9201-4796-abe1-d2b43587319a","ts":"2026-07-24T21:34:20.183-05:00","eventName":"n8n.workflow.started","message":"n8n.workflow.started","payload":{"executionId":"185","workflowId":"IqhxSGlB1Zsi0TSG","isManual":false,"mode":"manual","workflowName":"My workflow","projectId":"2waiwXdPc8W3Avzz","projectName":"Jamil  andy <andi1998jamil@gmail.com>"}}
{"__type":"$$EventMessageConfirm","confirm":"be416b0b-9201-4796-abe1-d2b43587319a","ts":"2026-07-24T21:34:20.183-05:00","source":{"id":"0","name":"eventBus"}}
{"__type":"$$EventMessageNode","id":"c896c371-42d3-41fa-892e-8df1a2984824","ts":"2026-07-24T21:34:20.199-05:00","eventName":"n8n.node.started","message":"n8n.node.started","payload":{"workflowId":"IqhxSGlB1Zsi0TSG","workflowName":"My workflow","executionId":"185","nodeType":"n8n-nodes-base.if","nodeName":"If1","nodeId":"4432132b-7cf6-4c0f-b24e-358c41819d0a"}}
{"__type":"$$EventMessageConfirm","confirm":"c896c371-42d3-41fa-892e-8df1a2984824","ts":"2026-07-24T21:34:20.199-05:00","source":{"id":"0","name":"eventBus"}}
{"__type":"$$EventMessageNode","id":"ae2928d0-e503-4155-be0c-3d62a939fd6a","ts":"2026-07-24T21:34:20.201-05:00","eventName":"n8n.node.finished","message":"n8n.node.finished","payload":{"workflowId":"IqhxSGlB1Zsi0TSG","workflowName":"My workflow","executionId":"185","nodeType":"n8n-nodes-base.if","nodeName":"If1","nodeId":"4432132b-7cf6-4c0f-b24e-358c41819d0a"}}
{"__type":"$$EventMessageConfirm","confirm":"ae2928d0-e503-4155-be0c-3d62a939fd6a","ts":"2026-07-24T21:34:20.201-05:00","source":{"id":"0","name":"eventBus"}}
{"__type":"$$EventMessageWorkflow","id":"688c484c-eeec-40e4-ab54-c8468b7b018d","ts":"2026-07-24T21:34:20.204-05:00","eventName":"n8n.workflow.success","message":"n8n.workflow.success","payload":{"userId":"b9b1db79-eccb-44ec-a1ac-88eb796fc5f5","executionId":"185","success":true,"isManual":true,"mode":"manual","workflowId":"IqhxSGlB1Zsi0TSG","workflowName":"My workflow","projectId":"2waiwXdPc8W3Avzz","projectName":"Jamil  andy <andi1998jamil@gmail.com>"}}
{"__type":"$$EventMessageConfirm","confirm":"688c484c-eeec-40e4-ab54-c8468b7b018d","ts":"2026-07-24T21:34:20.204-05:00","source":{"id":"0","name":"eventBus"}}
{"__type":"$$EventMessageAudit","id":"cfe7746d-3011-48cc-8f6e-dd390d9abe97","ts":"2026-07-24T21:34:39.094-05:00","eventName":"n8n.audit.workflow.executed","message":"n8n.audit.workflow.executed","payload":{"userId":"b9b1db79-eccb-44ec-a1ac-88eb796fc5f5","_email":"andi1998jamil@gmail.com","_firstName":"Jamil","_lastName":" andy","globalRole":"global:owner","workflowId":"IqhxSGlB1Zsi0TSG","workflowName":"My workflow","executionId":"186","source":"user-manual"}}
{"__type":"$$EventMessageConfirm","confirm":"cfe7746d-3011-48cc-8f6e-dd390d9abe97","ts":"2026-07-24T21:34:39.094-05:00","source":{"id":"0","name":"eventBus"}}
{"__type":"$$EventMessageWorkflow","id":"a837d6bc-b9fc-49ef-8b14-235c9001a174","ts":"2026-07-24T21:34:39.095-05:00","eventName":"n8n.workflow.started","message":"n8n.workflow.started","payload":{"executionId":"186","workflowId":"IqhxSGlB1Zsi0TSG","isManual":false,"mode":"manual","workflowName":"My workflow","projectId":"2waiwXdPc8W3Avzz","projectName":"Jamil  andy <andi1998jamil@gmail.com>"}}
{"__type":"$$EventMessageConfirm","confirm":"a837d6bc-b9fc-49ef-8b14-235c9001a174","ts":"2026-07-24T21:34:39.095-05:00","source":{"id":"0","name":"eventBus"}}
{"__type":"$$EventMessageNode","id":"7ae58fa4-4853-4b25-8d42-bd701a4c6fbd","ts":"2026-07-24T21:34:39.114-05:00","eventName":"n8n.node.started","message":"n8n.node.started","payload":{"workflowId":"IqhxSGlB1Zsi0TSG","workflowName":"My workflow","executionId":"186","nodeType":"n8n-nodes-base.supabase","nodeName":"Get many rows","nodeId":"54047a45-e298-4bc6-91d2-b603da349044"}}
{"__type":"$$EventMessageConfirm","confirm":"7ae58fa4-4853-4b25-8d42-bd701a4c6fbd","ts":"2026-07-24T21:34:39.114-05:00","source":{"id":"0","name":"eventBus"}}
{"__type":"$$EventMessageNode","id":"022c04d7-5156-4a49-a9c9-1d206c0da248","ts":"2026-07-24T21:34:39.852-05:00","eventName":"n8n.node.finished","message":"n8n.node.finished","payload":{"workflowId":"IqhxSGlB1Zsi0TSG","workflowName":"My workflow","executionId":"186","nodeType":"n8n-nodes-base.supabase","nodeName":"Get many rows","nodeId":"54047a45-e298-4bc6-91d2-b603da349044"}}
{"__type":"$$EventMessageConfirm","confirm":"022c04d7-5156-4a49-a9c9-1d206c0da248","ts":"2026-07-24T21:34:39.852-05:00","source":{"id":"0","name":"eventBus"}}
{"__type":"$$EventMessageNode","id":"9fd3d34e-5aed-4594-ad0c-139a280525fe","ts":"2026-07-24T21:34:39.853-05:00","eventName":"n8n.node.started","message":"n8n.node.started","payload":{"workflowId":"IqhxSGlB1Zsi0TSG","workflowName":"My workflow","executionId":"186","nodeType":"n8n-nodes-base.merge","nodeName":"Merge1","nodeId":"e6648e17-82d5-4d76-88c1-0ee3c8381d39"}}
{"__type":"$$EventMessageConfirm","confirm":"9fd3d34e-5aed-4594-ad0c-139a280525fe","ts":"2026-07-24T21:34:39.853-05:00","source":{"id":"0","name":"eventBus"}}
{"__type":"$$EventMessageNode","id":"681b3e87-fb9b-4597-82d2-a732e6bc5c4f","ts":"2026-07-24T21:34:39.855-05:00","eventName":"n8n.node.finished","message":"n8n.node.finished","payload":{"workflowId":"IqhxSGlB1Zsi0TSG","workflowName":"My workflow","executionId":"186","nodeType":"n8n-nodes-base.merge","nodeName":"Merge1","nodeId":"e6648e17-82d5-4d76-88c1-0ee3c8381d39"}}
{"__type":"$$EventMessageConfirm","confirm":"681b3e87-fb9b-4597-82d2-a732e6bc5c4f","ts":"2026-07-24T21:34:39.855-05:00","source":{"id":"0","name":"eventBus"}}
{"__type":"$$EventMessageWorkflow","id":"8247ee0a-08a3-4b45-b4cc-cc2cc67f775f","ts":"2026-07-24T21:34:39.860-05:00","eventName":"n8n.workflow.success","message":"n8n.workflow.success","payload":{"userId":"b9b1db79-eccb-44ec-a1ac-88eb796fc5f5","executionId":"186","success":true,"isManual":true,"mode":"manual","workflowId":"IqhxSGlB1Zsi0TSG","workflowName":"My workflow","projectId":"2waiwXdPc8W3Avzz","projectName":"Jamil  andy <andi1998jamil@gmail.com>"}}
{"__type":"$$EventMessageConfirm","confirm":"8247ee0a-08a3-4b45-b4cc-cc2cc67f775f","ts":"2026-07-24T21:34:39.861-05:00","source":{"id":"0","name":"eventBus"}}
{"__type":"$$EventMessageAudit","id":"60d1ad16-e0b3-4a80-8379-8fe8e93bd25f","ts":"2026-07-24T21:37:22.630-05:00","eventName":"n8n.audit.workflow.updated","message":"n8n.audit.workflow.updated","payload":{"userId":"b9b1db79-eccb-44ec-a1ac-88eb796fc5f5","_email":"andi1998jamil@gmail.com","_firstName":"Jamil","_lastName":" andy","globalRole":"global:owner","workflowId":"IqhxSGlB1Zsi0TSG","workflowName":"My workflow"}}
{"__type":"$$EventMessageConfirm","confirm":"60d1ad16-e0b3-4a80-8379-8fe8e93bd25f","ts":"2026-07-24T21:37:22.630-05:00","source":{"id":"0","name":"eventBus"}}
{"__type":"$$EventMessageAudit","id":"0e907fb1-79c2-414f-bd17-f9789a743d70","ts":"2026-07-24T21:37:25.575-05:00","eventName":"n8n.audit.workflow.updated","message":"n8n.audit.workflow.updated","payload":{"userId":"b9b1db79-eccb-44ec-a1ac-88eb796fc5f5","_email":"andi1998jamil@gmail.com","_firstName":"Jamil","_lastName":" andy","globalRole":"global:owner","workflowId":"IqhxSGlB1Zsi0TSG","workflowName":"My workflow"}}
{"__type":"$$EventMessageConfirm","confirm":"0e907fb1-79c2-414f-bd17-f9789a743d70","ts":"2026-07-24T21:37:25.575-05:00","source":{"id":"0","name":"eventBus"}}
{"__type":"$$EventMessageAudit","id":"19af7c36-89a7-4392-8088-5ff7ac0a5be1","ts":"2026-07-24T21:38:15.555-05:00","eventName":"n8n.audit.workflow.updated","message":"n8n.audit.workflow.updated","payload":{"userId":"b9b1db79-eccb-44ec-a1ac-88eb796fc5f5","_email":"andi1998jamil@gmail.com","_firstName":"Jamil","_lastName":" andy","globalRole":"global:owner","workflowId":"IqhxSGlB1Zsi0TSG","workflowName":"My workflow"}}
{"__type":"$$EventMessageConfirm","confirm":"19af7c36-89a7-4392-8088-5ff7ac0a5be1","ts":"2026-07-24T21:38:15.555-05:00","source":{"id":"0","name":"eventBus"}}
{"__type":"$$EventMessageAudit","id":"960b9929-72dc-479f-acaa-06aa4ad47c3f","ts":"2026-07-24T21:38:23.576-05:00","eventName":"n8n.audit.workflow.updated","message":"n8n.audit.workflow.updated","payload":{"userId":"b9b1db79-eccb-44ec-a1ac-88eb796fc5f5","_email":"andi1998jamil@gmail.com","_firstName":"Jamil","_lastName":" andy","globalRole":"global:owner","workflowId":"IqhxSGlB1Zsi0TSG","workflowName":"My workflow"}}
{"__type":"$$EventMessageConfirm","confirm":"960b9929-72dc-479f-acaa-06aa4ad47c3f","ts":"2026-07-24T21:38:23.576-05:00","source":{"id":"0","name":"eventBus"}}
{"__type":"$$EventMessageAudit","id":"ada4babd-e5af-44b6-bb4a-ce407edfc82c","ts":"2026-07-24T21:38:28.307-05:00","eventName":"n8n.audit.workflow.updated","message":"n8n.audit.workflow.updated","payload":{"userId":"b9b1db79-eccb-44ec-a1ac-88eb796fc5f5","_email":"andi1998jamil@gmail.com","_firstName":"Jamil","_lastName":" andy","globalRole":"global:owner","workflowId":"IqhxSGlB1Zsi0TSG","workflowName":"My workflow"}}
{"__type":"$$EventMessageConfirm","confirm":"ada4babd-e5af-44b6-bb4a-ce407edfc82c","ts":"2026-07-24T21:38:28.307-05:00","source":{"id":"0","name":"eventBus"}}
{"__type":"$$EventMessageAudit","id":"d514b3d2-e13f-4211-81d8-d1125f7b2fc0","ts":"2026-07-24T21:38:29.771-05:00","eventName":"n8n.audit.workflow.executed","message":"n8n.audit.workflow.executed","payload":{"userId":"b9b1db79-eccb-44ec-a1ac-88eb796fc5f5","_email":"andi1998jamil@gmail.com","_firstName":"Jamil","_lastName":" andy","globalRole":"global:owner","workflowId":"IqhxSGlB1Zsi0TSG","workflowName":"My workflow","executionId":"187","source":"user-manual"}}
{"__type":"$$EventMessageConfirm","confirm":"d514b3d2-e13f-4211-81d8-d1125f7b2fc0","ts":"2026-07-24T21:38:29.771-05:00","source":{"id":"0","name":"eventBus"}}
{"__type":"$$EventMessageWorkflow","id":"48fcc29c-ebce-48f2-826f-5c0850edc1ab","ts":"2026-07-24T21:38:29.772-05:00","eventName":"n8n.workflow.started","message":"n8n.workflow.started","payload":{"executionId":"187","workflowId":"IqhxSGlB1Zsi0TSG","isManual":false,"mode":"manual","workflowName":"My workflow","projectId":"2waiwXdPc8W3Avzz","projectName":"Jamil  andy <andi1998jamil@gmail.com>"}}
{"__type":"$$EventMessageConfirm","confirm":"48fcc29c-ebce-48f2-826f-5c0850edc1ab","ts":"2026-07-24T21:38:29.772-05:00","source":{"id":"0","name":"eventBus"}}
{"__type":"$$EventMessageNode","id":"8d73ca32-18b1-45f8-b66a-1a79f7c9aad4","ts":"2026-07-24T21:38:29.787-05:00","eventName":"n8n.node.started","message":"n8n.node.started","payload":{"workflowId":"IqhxSGlB1Zsi0TSG","workflowName":"My workflow","executionId":"187","nodeType":"n8n-nodes-base.code","nodeName":"Code in JavaScript2","nodeId":"63f89805-e59d-4973-af71-0d5a91da4ce9"}}
{"__type":"$$EventMessageConfirm","confirm":"8d73ca32-18b1-45f8-b66a-1a79f7c9aad4","ts":"2026-07-24T21:38:29.787-05:00","source":{"id":"0","name":"eventBus"}}
{"__type":"$$EventMessageRunner","id":"b313a22c-256a-405c-bb85-cd1df7045e83","ts":"2026-07-24T21:38:29.794-05:00","eventName":"n8n.runner.task.requested","message":"n8n.runner.task.requested","payload":{"taskId":"qaWLz0Yk","nodeId":"63f89805-e59d-4973-af71-0d5a91da4ce9","workflowId":"IqhxSGlB1Zsi0TSG","executionId":"187"}}
{"__type":"$$EventMessageConfirm","confirm":"b313a22c-256a-405c-bb85-cd1df7045e83","ts":"2026-07-24T21:38:29.794-05:00","source":{"id":"0","name":"eventBus"}}
{"__type":"$$EventMessageRunner","id":"cb10cd8c-3c0f-4144-9a35-6fb7e2df2727","ts":"2026-07-24T21:38:29.836-05:00","eventName":"n8n.runner.response.received","message":"n8n.runner.response.received","payload":{"taskId":"qaWLz0Yk","nodeId":"63f89805-e59d-4973-af71-0d5a91da4ce9","workflowId":"IqhxSGlB1Zsi0TSG","executionId":"187"}}
{"__type":"$$EventMessageConfirm","confirm":"cb10cd8c-3c0f-4144-9a35-6fb7e2df2727","ts":"2026-07-24T21:38:29.836-05:00","source":{"id":"0","name":"eventBus"}}
{"__type":"$$EventMessageNode","id":"9a819189-3114-49ae-a493-5f3b395a10e1","ts":"2026-07-24T21:38:29.837-05:00","eventName":"n8n.node.finished","message":"n8n.node.finished","payload":{"workflowId":"IqhxSGlB1Zsi0TSG","workflowName":"My workflow","executionId":"187","nodeType":"n8n-nodes-base.code","nodeName":"Code in JavaScript2","nodeId":"63f89805-e59d-4973-af71-0d5a91da4ce9"}}
{"__type":"$$EventMessageConfirm","confirm":"9a819189-3114-49ae-a493-5f3b395a10e1","ts":"2026-07-24T21:38:29.837-05:00","source":{"id":"0","name":"eventBus"}}
{"__type":"$$EventMessageWorkflow","id":"c24cffb5-3482-41ef-8cc3-e92a2c946594","ts":"2026-07-24T21:38:29.840-05:00","eventName":"n8n.workflow.success","message":"n8n.workflow.success","payload":{"userId":"b9b1db79-eccb-44ec-a1ac-88eb796fc5f5","executionId":"187","success":true,"isManual":true,"mode":"manual","workflowId":"IqhxSGlB1Zsi0TSG","workflowName":"My workflow","projectId":"2waiwXdPc8W3Avzz","projectName":"Jamil  andy <andi1998jamil@gmail.com>"}}
{"__type":"$$EventMessageConfirm","confirm":"c24cffb5-3482-41ef-8cc3-e92a2c946594","ts":"2026-07-24T21:38:29.840-05:00","source":{"id":"0","name":"eventBus"}}
{"__type":"$$EventMessageAudit","id":"fec2c9e2-8c6d-489f-baa2-56f5f7cd5fe3","ts":"2026-07-24T21:39:22.976-05:00","eventName":"n8n.audit.workflow.executed","message":"n8n.audit.workflow.executed","payload":{"userId":"b9b1db79-eccb-44ec-a1ac-88eb796fc5f5","_email":"andi1998jamil@gmail.com","_firstName":"Jamil","_lastName":" andy","globalRole":"global:owner","workflowId":"IqhxSGlB1Zsi0TSG","workflowName":"My workflow","executionId":"188","source":"user-manual"}}
{"__type":"$$EventMessageConfirm","confirm":"fec2c9e2-8c6d-489f-baa2-56f5f7cd5fe3","ts":"2026-07-24T21:39:22.976-05:00","source":{"id":"0","name":"eventBus"}}
{"__type":"$$EventMessageWorkflow","id":"04538f9b-9d26-4575-869c-1a9e60a95b82","ts":"2026-07-24T21:39:22.977-05:00","eventName":"n8n.workflow.started","message":"n8n.workflow.started","payload":{"executionId":"188","workflowId":"IqhxSGlB1Zsi0TSG","isManual":false,"mode":"manual","workflowName":"My workflow","projectId":"2waiwXdPc8W3Avzz","projectName":"Jamil  andy <andi1998jamil@gmail.com>"}}
{"__type":"$$EventMessageConfirm","confirm":"04538f9b-9d26-4575-869c-1a9e60a95b82","ts":"2026-07-24T21:39:22.977-05:00","source":{"id":"0","name":"eventBus"}}
{"__type":"$$EventMessageNode","id":"561a1742-6553-41d5-972b-563f32f46e86","ts":"2026-07-24T21:39:22.991-05:00","eventName":"n8n.node.started","message":"n8n.node.started","payload":{"workflowId":"IqhxSGlB1Zsi0TSG","workflowName":"My workflow","executionId":"188","nodeType":"n8n-nodes-base.if","nodeName":"If1","nodeId":"4432132b-7cf6-4c0f-b24e-358c41819d0a"}}
{"__type":"$$EventMessageConfirm","confirm":"561a1742-6553-41d5-972b-563f32f46e86","ts":"2026-07-24T21:39:22.991-05:00","source":{"id":"0","name":"eventBus"}}
{"__type":"$$EventMessageNode","id":"c248d23d-be6d-440e-9699-90cbc08337c7","ts":"2026-07-24T21:39:22.993-05:00","eventName":"n8n.node.finished","message":"n8n.node.finished","payload":{"workflowId":"IqhxSGlB1Zsi0TSG","workflowName":"My workflow","executionId":"188","nodeType":"n8n-nodes-base.if","nodeName":"If1","nodeId":"4432132b-7cf6-4c0f-b24e-358c41819d0a"}}
{"__type":"$$EventMessageConfirm","confirm":"c248d23d-be6d-440e-9699-90cbc08337c7","ts":"2026-07-24T21:39:22.993-05:00","source":{"id":"0","name":"eventBus"}}
{"__type":"$$EventMessageWorkflow","id":"392f7b14-5308-406e-b503-ad099f749324","ts":"2026-07-24T21:39:22.995-05:00","eventName":"n8n.workflow.success","message":"n8n.workflow.success","payload":{"userId":"b9b1db79-eccb-44ec-a1ac-88eb796fc5f5","executionId":"188","success":true,"isManual":true,"mode":"manual","workflowId":"IqhxSGlB1Zsi0TSG","workflowName":"My workflow","projectId":"2waiwXdPc8W3Avzz","projectName":"Jamil  andy <andi1998jamil@gmail.com>"}}
{"__type":"$$EventMessageConfirm","confirm":"392f7b14-5308-406e-b503-ad099f749324","ts":"2026-07-24T21:39:22.996-05:00","source":{"id":"0","name":"eventBus"}}
{"__type":"$$EventMessageWorkflow","id":"7ff69593-2c04-47d7-b4cc-71b43150e5ee","ts":"2026-07-24T21:39:32.397-05:00","eventName":"n8n.workflow.started","message":"n8n.workflow.started","payload":{"executionId":"189","workflowId":"IqhxSGlB1Zsi0TSG","isManual":false,"mode":"manual","workflowName":"My workflow","projectId":"2waiwXdPc8W3Avzz","projectName":"Jamil  andy <andi1998jamil@gmail.com>"}}
{"__type":"$$EventMessageConfirm","confirm":"7ff69593-2c04-47d7-b4cc-71b43150e5ee","ts":"2026-07-24T21:39:32.397-05:00","source":{"id":"0","name":"eventBus"}}
{"__type":"$$EventMessageAudit","id":"0d3aa52e-a752-4716-8e4a-763cec7cf5af","ts":"2026-07-24T21:39:32.397-05:00","eventName":"n8n.audit.workflow.executed","message":"n8n.audit.workflow.executed","payload":{"userId":"b9b1db79-eccb-44ec-a1ac-88eb796fc5f5","_email":"andi1998jamil@gmail.com","_firstName":"Jamil","_lastName":" andy","globalRole":"global:owner","workflowId":"IqhxSGlB1Zsi0TSG","workflowName":"My workflow","executionId":"189","source":"user-manual"}}
{"__type":"$$EventMessageConfirm","confirm":"0d3aa52e-a752-4716-8e4a-763cec7cf5af","ts":"2026-07-24T21:39:32.397-05:00","source":{"id":"0","name":"eventBus"}}
{"__type":"$$EventMessageWorkflow","id":"b785bbda-2517-4cbc-baab-958a92ffb18d","ts":"2026-07-24T21:39:32.418-05:00","eventName":"n8n.workflow.success","message":"n8n.workflow.success","payload":{"userId":"b9b1db79-eccb-44ec-a1ac-88eb796fc5f5","executionId":"189","success":true,"isManual":true,"mode":"manual","workflowId":"IqhxSGlB1Zsi0TSG","workflowName":"My workflow","projectId":"2waiwXdPc8W3Avzz","projectName":"Jamil  andy <andi1998jamil@gmail.com>"}}
{"__type":"$$EventMessageConfirm","confirm":"b785bbda-2517-4cbc-baab-958a92ffb18d","ts":"2026-07-24T21:39:32.418-05:00","source":{"id":"0","name":"eventBus"}}
{"__type":"$$EventMessageWorkflow","id":"68f0674d-cf1f-4791-835c-1a410b2b532e","ts":"2026-07-24T21:39:34.863-05:00","eventName":"n8n.workflow.started","message":"n8n.workflow.started","payload":{"executionId":"190","workflowId":"IqhxSGlB1Zsi0TSG","isManual":false,"mode":"manual","workflowName":"My workflow","projectId":"2waiwXdPc8W3Avzz","projectName":"Jamil  andy <andi1998jamil@gmail.com>"}}
{"__type":"$$EventMessageConfirm","confirm":"68f0674d-cf1f-4791-835c-1a410b2b532e","ts":"2026-07-24T21:39:34.864-05:00","source":{"id":"0","name":"eventBus"}}
{"__type":"$$EventMessageAudit","id":"c955f8cf-d8a3-4441-94fa-b3e1c864aaef","ts":"2026-07-24T21:39:34.864-05:00","eventName":"n8n.audit.workflow.executed","message":"n8n.audit.workflow.executed","payload":{"userId":"b9b1db79-eccb-44ec-a1ac-88eb796fc5f5","_email":"andi1998jamil@gmail.com","_firstName":"Jamil","_lastName":" andy","globalRole":"global:owner","workflowId":"IqhxSGlB1Zsi0TSG","workflowName":"My workflow","executionId":"190","source":"user-manual"}}
{"__type":"$$EventMessageConfirm","confirm":"c955f8cf-d8a3-4441-94fa-b3e1c864aaef","ts":"2026-07-24T21:39:34.864-05:00","source":{"id":"0","name":"eventBus"}}
{"__type":"$$EventMessageWorkflow","id":"0f146fc1-06f4-4c65-a722-f8a106cf69b2","ts":"2026-07-24T21:39:34.881-05:00","eventName":"n8n.workflow.success","message":"n8n.workflow.success","payload":{"userId":"b9b1db79-eccb-44ec-a1ac-88eb796fc5f5","executionId":"190","success":true,"isManual":true,"mode":"manual","workflowId":"IqhxSGlB1Zsi0TSG","workflowName":"My workflow","projectId":"2waiwXdPc8W3Avzz","projectName":"Jamil  andy <andi1998jamil@gmail.com>"}}
{"__type":"$$EventMessageConfirm","confirm":"0f146fc1-06f4-4c65-a722-f8a106cf69b2","ts":"2026-07-24T21:39:34.881-05:00","source":{"id":"0","name":"eventBus"}}
{"__type":"$$EventMessageWorkflow","id":"060245a0-5d37-4940-a28c-3e0b06df9fbc","ts":"2026-07-24T21:39:41.879-05:00","eventName":"n8n.workflow.started","message":"n8n.workflow.started","payload":{"executionId":"191","workflowId":"IqhxSGlB1Zsi0TSG","isManual":false,"mode":"manual","workflowName":"My workflow","projectId":"2waiwXdPc8W3Avzz","projectName":"Jamil  andy <andi1998jamil@gmail.com>"}}
{"__type":"$$EventMessageConfirm","confirm":"060245a0-5d37-4940-a28c-3e0b06df9fbc","ts":"2026-07-24T21:39:41.879-05:00","source":{"id":"0","name":"eventBus"}}
{"__type":"$$EventMessageAudit","id":"de2ad6ee-c9e0-4f5e-b61a-6debfc98f795","ts":"2026-07-24T21:39:41.879-05:00","eventName":"n8n.audit.workflow.executed","message":"n8n.audit.workflow.executed","payload":{"userId":"b9b1db79-eccb-44ec-a1ac-88eb796fc5f5","_email":"andi1998jamil@gmail.com","_firstName":"Jamil","_lastName":" andy","globalRole":"global:owner","workflowId":"IqhxSGlB1Zsi0TSG","workflowName":"My workflow","executionId":"191","source":"user-manual"}}
{"__type":"$$EventMessageConfirm","confirm":"de2ad6ee-c9e0-4f5e-b61a-6debfc98f795","ts":"2026-07-24T21:39:41.879-05:00","source":{"id":"0","name":"eventBus"}}
{"__type":"$$EventMessageWorkflow","id":"1f57b970-f4a1-42dd-8473-ffb17da2569f","ts":"2026-07-24T21:39:41.897-05:00","eventName":"n8n.workflow.success","message":"n8n.workflow.success","payload":{"userId":"b9b1db79-eccb-44ec-a1ac-88eb796fc5f5","executionId":"191","success":true,"isManual":true,"mode":"manual","workflowId":"IqhxSGlB1Zsi0TSG","workflowName":"My workflow","projectId":"2waiwXdPc8W3Avzz","projectName":"Jamil  andy <andi1998jamil@gmail.com>"}}
{"__type":"$$EventMessageConfirm","confirm":"1f57b970-f4a1-42dd-8473-ffb17da2569f","ts":"2026-07-24T21:39:41.897-05:00","source":{"id":"0","name":"eventBus"}}
{"__type":"$$EventMessageAudit","id":"b8f491c5-7096-49bf-adc4-247f923f86df","ts":"2026-07-24T21:43:20.408-05:00","eventName":"n8n.audit.workflow.executed","message":"n8n.audit.workflow.executed","payload":{"userId":"b9b1db79-eccb-44ec-a1ac-88eb796fc5f5","_email":"andi1998jamil@gmail.com","_firstName":"Jamil","_lastName":" andy","globalRole":"global:owner","workflowId":"IqhxSGlB1Zsi0TSG","workflowName":"My workflow","executionId":"192","source":"user-manual"}}
{"__type":"$$EventMessageConfirm","confirm":"b8f491c5-7096-49bf-adc4-247f923f86df","ts":"2026-07-24T21:43:20.408-05:00","source":{"id":"0","name":"eventBus"}}
{"__type":"$$EventMessageWorkflow","id":"8d652143-d6a2-439a-83b8-483c71867ec7","ts":"2026-07-24T21:43:20.409-05:00","eventName":"n8n.workflow.started","message":"n8n.workflow.started","payload":{"executionId":"192","workflowId":"IqhxSGlB1Zsi0TSG","isManual":false,"mode":"manual","workflowName":"My workflow","projectId":"2waiwXdPc8W3Avzz","projectName":"Jamil  andy <andi1998jamil@gmail.com>"}}
{"__type":"$$EventMessageConfirm","confirm":"8d652143-d6a2-439a-83b8-483c71867ec7","ts":"2026-07-24T21:43:20.409-05:00","source":{"id":"0","name":"eventBus"}}
{"__type":"$$EventMessageNode","id":"776c16dd-9449-4522-bc2f-5c5c31450659","ts":"2026-07-24T21:43:20.421-05:00","eventName":"n8n.node.started","message":"n8n.node.started","payload":{"workflowId":"IqhxSGlB1Zsi0TSG","workflowName":"My workflow","executionId":"192","nodeType":"n8n-nodes-base.gmailTrigger","nodeName":"Gmail Trigger","nodeId":"5b16995c-2c7f-4f2d-87f0-7362a40c32ba"}}
{"__type":"$$EventMessageConfirm","confirm":"776c16dd-9449-4522-bc2f-5c5c31450659","ts":"2026-07-24T21:43:20.421-05:00","source":{"id":"0","name":"eventBus"}}
{"__type":"$$EventMessageNode","id":"f6e72116-f9f6-4d67-ab28-d70424a50be3","ts":"2026-07-24T21:43:22.241-05:00","eventName":"n8n.node.finished","message":"n8n.node.finished","payload":{"workflowId":"IqhxSGlB1Zsi0TSG","workflowName":"My workflow","executionId":"192","nodeType":"n8n-nodes-base.gmailTrigger","nodeName":"Gmail Trigger","nodeId":"5b16995c-2c7f-4f2d-87f0-7362a40c32ba"}}
{"__type":"$$EventMessageConfirm","confirm":"f6e72116-f9f6-4d67-ab28-d70424a50be3","ts":"2026-07-24T21:43:22.242-05:00","source":{"id":"0","name":"eventBus"}}
{"__type":"$$EventMessageWorkflow","id":"b1468df3-237b-4b17-a206-845fc90ddbb9","ts":"2026-07-24T21:43:22.246-05:00","eventName":"n8n.workflow.success","message":"n8n.workflow.success","payload":{"userId":"b9b1db79-eccb-44ec-a1ac-88eb796fc5f5","executionId":"192","success":true,"isManual":true,"mode":"manual","workflowId":"IqhxSGlB1Zsi0TSG","workflowName":"My workflow","projectId":"2waiwXdPc8W3Avzz","projectName":"Jamil  andy <andi1998jamil@gmail.com>"}}
{"__type":"$$EventMessageConfirm","confirm":"b1468df3-237b-4b17-a206-845fc90ddbb9","ts":"2026-07-24T21:43:22.246-05:00","source":{"id":"0","name":"eventBus"}}
{"__type":"$$EventMessageAudit","id":"be16fb71-511a-4068-b555-a797afc95d25","ts":"2026-07-24T21:43:23.260-05:00","eventName":"n8n.audit.workflow.executed","message":"n8n.audit.workflow.executed","payload":{"userId":"b9b1db79-eccb-44ec-a1ac-88eb796fc5f5","_email":"andi1998jamil@gmail.com","_firstName":"Jamil","_lastName":" andy","globalRole":"global:owner","workflowId":"IqhxSGlB1Zsi0TSG","workflowName":"My workflow","executionId":"193","source":"user-manual"}}
{"__type":"$$EventMessageConfirm","confirm":"be16fb71-511a-4068-b555-a797afc95d25","ts":"2026-07-24T21:43:23.260-05:00","source":{"id":"0","name":"eventBus"}}
{"__type":"$$EventMessageWorkflow","id":"d9ee1d37-a8bb-4de3-8525-2cdd62b6294e","ts":"2026-07-24T21:43:23.261-05:00","eventName":"n8n.workflow.started","message":"n8n.workflow.started","payload":{"executionId":"193","workflowId":"IqhxSGlB1Zsi0TSG","isManual":false,"mode":"manual","workflowName":"My workflow","projectId":"2waiwXdPc8W3Avzz","projectName":"Jamil  andy <andi1998jamil@gmail.com>"}}
{"__type":"$$EventMessageConfirm","confirm":"d9ee1d37-a8bb-4de3-8525-2cdd62b6294e","ts":"2026-07-24T21:43:23.261-05:00","source":{"id":"0","name":"eventBus"}}
{"__type":"$$EventMessageNode","id":"ad853b6f-31b5-4821-9a87-dba46cc72f27","ts":"2026-07-24T21:43:23.271-05:00","eventName":"n8n.node.started","message":"n8n.node.started","payload":{"workflowId":"IqhxSGlB1Zsi0TSG","workflowName":"My workflow","executionId":"193","nodeType":"n8n-nodes-base.gmail","nodeName":"Get a message","nodeId":"9e09f97e-7866-41fe-bc71-57aa06d0dce7"}}
{"__type":"$$EventMessageConfirm","confirm":"ad853b6f-31b5-4821-9a87-dba46cc72f27","ts":"2026-07-24T21:43:23.271-05:00","source":{"id":"0","name":"eventBus"}}
{"__type":"$$EventMessageNode","id":"76974768-aedc-47b4-9062-0c714ee6481d","ts":"2026-07-24T21:43:24.432-05:00","eventName":"n8n.node.finished","message":"n8n.node.finished","payload":{"workflowId":"IqhxSGlB1Zsi0TSG","workflowName":"My workflow","executionId":"193","nodeType":"n8n-nodes-base.gmail","nodeName":"Get a message","nodeId":"9e09f97e-7866-41fe-bc71-57aa06d0dce7"}}
{"__type":"$$EventMessageConfirm","confirm":"76974768-aedc-47b4-9062-0c714ee6481d","ts":"2026-07-24T21:43:24.432-05:00","source":{"id":"0","name":"eventBus"}}
{"__type":"$$EventMessageWorkflow","id":"e54c39b3-dc09-46c5-a616-356c50a4de3e","ts":"2026-07-24T21:43:24.438-05:00","eventName":"n8n.workflow.success","message":"n8n.workflow.success","payload":{"userId":"b9b1db79-eccb-44ec-a1ac-88eb796fc5f5","executionId":"193","success":true,"isManual":true,"mode":"manual","workflowId":"IqhxSGlB1Zsi0TSG","workflowName":"My workflow","projectId":"2waiwXdPc8W3Avzz","projectName":"Jamil  andy <andi1998jamil@gmail.com>"}}
{"__type":"$$EventMessageConfirm","confirm":"e54c39b3-dc09-46c5-a616-356c50a4de3e","ts":"2026-07-24T21:43:24.438-05:00","source":{"id":"0","name":"eventBus"}}
{"__type":"$$EventMessageAudit","id":"0c0c6325-057a-4caa-aabc-128daf861c54","ts":"2026-07-24T21:43:26.144-05:00","eventName":"n8n.audit.workflow.executed","message":"n8n.audit.workflow.executed","payload":{"userId":"b9b1db79-eccb-44ec-a1ac-88eb796fc5f5","_email":"andi1998jamil@gmail.com","_firstName":"Jamil","_lastName":" andy","globalRole":"global:owner","workflowId":"IqhxSGlB1Zsi0TSG","workflowName":"My workflow","executionId":"194","source":"user-manual"}}
{"__type":"$$EventMessageConfirm","confirm":"0c0c6325-057a-4caa-aabc-128daf861c54","ts":"2026-07-24T21:43:26.144-05:00","source":{"id":"0","name":"eventBus"}}
{"__type":"$$EventMessageWorkflow","id":"14587c79-2d32-4b59-b8e7-cace9c1e1a01","ts":"2026-07-24T21:43:26.145-05:00","eventName":"n8n.workflow.started","message":"n8n.workflow.started","payload":{"executionId":"194","workflowId":"IqhxSGlB1Zsi0TSG","isManual":false,"mode":"manual","workflowName":"My workflow","projectId":"2waiwXdPc8W3Avzz","projectName":"Jamil  andy <andi1998jamil@gmail.com>"}}
{"__type":"$$EventMessageConfirm","confirm":"14587c79-2d32-4b59-b8e7-cace9c1e1a01","ts":"2026-07-24T21:43:26.145-05:00","source":{"id":"0","name":"eventBus"}}
{"__type":"$$EventMessageNode","id":"f6717f23-2429-4d95-939c-e809670e4d95","ts":"2026-07-24T21:43:26.159-05:00","eventName":"n8n.node.started","message":"n8n.node.started","payload":{"workflowId":"IqhxSGlB1Zsi0TSG","workflowName":"My workflow","executionId":"194","nodeType":"n8n-nodes-base.splitOut","nodeName":"Split Out","nodeId":"cb0fddb6-804d-4582-8b33-d8fc056d4d9a"}}
{"__type":"$$EventMessageConfirm","confirm":"f6717f23-2429-4d95-939c-e809670e4d95","ts":"2026-07-24T21:43:26.159-05:00","source":{"id":"0","name":"eventBus"}}
{"__type":"$$EventMessageNode","id":"10f03f12-a3bf-4bfb-80c4-5fe44404e1ad","ts":"2026-07-24T21:43:26.160-05:00","eventName":"n8n.node.finished","message":"n8n.node.finished","payload":{"workflowId":"IqhxSGlB1Zsi0TSG","workflowName":"My workflow","executionId":"194","nodeType":"n8n-nodes-base.splitOut","nodeName":"Split Out","nodeId":"cb0fddb6-804d-4582-8b33-d8fc056d4d9a"}}
{"__type":"$$EventMessageConfirm","confirm":"10f03f12-a3bf-4bfb-80c4-5fe44404e1ad","ts":"2026-07-24T21:43:26.161-05:00","source":{"id":"0","name":"eventBus"}}
{"__type":"$$EventMessageWorkflow","id":"9de9fac3-8d69-4b68-b417-7c529f11ba17","ts":"2026-07-24T21:43:26.164-05:00","eventName":"n8n.workflow.success","message":"n8n.workflow.success","payload":{"userId":"b9b1db79-eccb-44ec-a1ac-88eb796fc5f5","executionId":"194","success":true,"isManual":true,"mode":"manual","workflowId":"IqhxSGlB1Zsi0TSG","workflowName":"My workflow","projectId":"2waiwXdPc8W3Avzz","projectName":"Jamil  andy <andi1998jamil@gmail.com>"}}
{"__type":"$$EventMessageConfirm","confirm":"9de9fac3-8d69-4b68-b417-7c529f11ba17","ts":"2026-07-24T21:43:26.164-05:00","source":{"id":"0","name":"eventBus"}}
{"__type":"$$EventMessageAudit","id":"7885f3b8-0201-43dc-89b6-7c8ef7e7888d","ts":"2026-07-24T21:43:27.984-05:00","eventName":"n8n.audit.workflow.executed","message":"n8n.audit.workflow.executed","payload":{"userId":"b9b1db79-eccb-44ec-a1ac-88eb796fc5f5","_email":"andi1998jamil@gmail.com","_firstName":"Jamil","_lastName":" andy","globalRole":"global:owner","workflowId":"IqhxSGlB1Zsi0TSG","workflowName":"My workflow","executionId":"195","source":"user-manual"}}
{"__type":"$$EventMessageConfirm","confirm":"7885f3b8-0201-43dc-89b6-7c8ef7e7888d","ts":"2026-07-24T21:43:27.984-05:00","source":{"id":"0","name":"eventBus"}}
{"__type":"$$EventMessageWorkflow","id":"b571219f-2726-42ec-bd51-a2546df8454d","ts":"2026-07-24T21:43:27.984-05:00","eventName":"n8n.workflow.started","message":"n8n.workflow.started","payload":{"executionId":"195","workflowId":"IqhxSGlB1Zsi0TSG","isManual":false,"mode":"manual","workflowName":"My workflow","projectId":"2waiwXdPc8W3Avzz","projectName":"Jamil  andy <andi1998jamil@gmail.com>"}}
{"__type":"$$EventMessageConfirm","confirm":"b571219f-2726-42ec-bd51-a2546df8454d","ts":"2026-07-24T21:43:27.984-05:00","source":{"id":"0","name":"eventBus"}}
{"__type":"$$EventMessageNode","id":"e24446db-34cc-4693-b1ab-632ad5ce2840","ts":"2026-07-24T21:43:27.996-05:00","eventName":"n8n.node.started","message":"n8n.node.started","payload":{"workflowId":"IqhxSGlB1Zsi0TSG","workflowName":"My workflow","executionId":"195","nodeType":"n8n-nodes-base.code","nodeName":"Code in JavaScript","nodeId":"a1444a7a-8f49-42c8-8b45-f5d8ca12d08d"}}
{"__type":"$$EventMessageConfirm","confirm":"e24446db-34cc-4693-b1ab-632ad5ce2840","ts":"2026-07-24T21:43:27.997-05:00","source":{"id":"0","name":"eventBus"}}
{"__type":"$$EventMessageRunner","id":"c9fb4fad-8080-4930-9805-e1137219e76c","ts":"2026-07-24T21:43:28.001-05:00","eventName":"n8n.runner.task.requested","message":"n8n.runner.task.requested","payload":{"taskId":"8D-LWLCJ","nodeId":"a1444a7a-8f49-42c8-8b45-f5d8ca12d08d","workflowId":"IqhxSGlB1Zsi0TSG","executionId":"195"}}
{"__type":"$$EventMessageConfirm","confirm":"c9fb4fad-8080-4930-9805-e1137219e76c","ts":"2026-07-24T21:43:28.001-05:00","source":{"id":"0","name":"eventBus"}}
{"__type":"$$EventMessageRunner","id":"7ba14380-9ccd-400a-ade3-82f3b672709f","ts":"2026-07-24T21:43:28.024-05:00","eventName":"n8n.runner.response.received","message":"n8n.runner.response.received","payload":{"taskId":"8D-LWLCJ","nodeId":"a1444a7a-8f49-42c8-8b45-f5d8ca12d08d","workflowId":"IqhxSGlB1Zsi0TSG","executionId":"195"}}
{"__type":"$$EventMessageConfirm","confirm":"7ba14380-9ccd-400a-ade3-82f3b672709f","ts":"2026-07-24T21:43:28.024-05:00","source":{"id":"0","name":"eventBus"}}
{"__type":"$$EventMessageNode","id":"fce70916-47c1-476f-add1-e20f8972f0b1","ts":"2026-07-24T21:43:28.024-05:00","eventName":"n8n.node.finished","message":"n8n.node.finished","payload":{"workflowId":"IqhxSGlB1Zsi0TSG","workflowName":"My workflow","executionId":"195","nodeType":"n8n-nodes-base.code","nodeName":"Code in JavaScript","nodeId":"a1444a7a-8f49-42c8-8b45-f5d8ca12d08d"}}
{"__type":"$$EventMessageConfirm","confirm":"fce70916-47c1-476f-add1-e20f8972f0b1","ts":"2026-07-24T21:43:28.024-05:00","source":{"id":"0","name":"eventBus"}}
{"__type":"$$EventMessageWorkflow","id":"2a784201-2a30-4dec-8e0d-77488c244a1d","ts":"2026-07-24T21:43:28.027-05:00","eventName":"n8n.workflow.success","message":"n8n.workflow.success","payload":{"userId":"b9b1db79-eccb-44ec-a1ac-88eb796fc5f5","executionId":"195","success":true,"isManual":true,"mode":"manual","workflowId":"IqhxSGlB1Zsi0TSG","workflowName":"My workflow","projectId":"2waiwXdPc8W3Avzz","projectName":"Jamil  andy <andi1998jamil@gmail.com>"}}
{"__type":"$$EventMessageConfirm","confirm":"2a784201-2a30-4dec-8e0d-77488c244a1d","ts":"2026-07-24T21:43:28.027-05:00","source":{"id":"0","name":"eventBus"}}
{"__type":"$$EventMessageAudit","id":"73745980-6282-467c-928e-81cd5bc435da","ts":"2026-07-24T21:43:32.838-05:00","eventName":"n8n.audit.workflow.executed","message":"n8n.audit.workflow.executed","payload":{"userId":"b9b1db79-eccb-44ec-a1ac-88eb796fc5f5","_email":"andi1998jamil@gmail.com","_firstName":"Jamil","_lastName":" andy","globalRole":"global:owner","workflowId":"IqhxSGlB1Zsi0TSG","workflowName":"My workflow","executionId":"196","source":"user-manual"}}
{"__type":"$$EventMessageConfirm","confirm":"73745980-6282-467c-928e-81cd5bc435da","ts":"2026-07-24T21:43:32.838-05:00","source":{"id":"0","name":"eventBus"}}
{"__type":"$$EventMessageWorkflow","id":"199ff22d-6ec8-40e8-ab5b-ab157e02efe7","ts":"2026-07-24T21:43:32.839-05:00","eventName":"n8n.workflow.started","message":"n8n.workflow.started","payload":{"executionId":"196","workflowId":"IqhxSGlB1Zsi0TSG","isManual":false,"mode":"manual","workflowName":"My workflow","projectId":"2waiwXdPc8W3Avzz","projectName":"Jamil  andy <andi1998jamil@gmail.com>"}}
{"__type":"$$EventMessageConfirm","confirm":"199ff22d-6ec8-40e8-ab5b-ab157e02efe7","ts":"2026-07-24T21:43:32.839-05:00","source":{"id":"0","name":"eventBus"}}
{"__type":"$$EventMessageNode","id":"97597dd4-6fb0-454c-8946-a8542e884be2","ts":"2026-07-24T21:43:32.855-05:00","eventName":"n8n.node.started","message":"n8n.node.started","payload":{"workflowId":"IqhxSGlB1Zsi0TSG","workflowName":"My workflow","executionId":"196","nodeType":"n8n-nodes-base.if","nodeName":"If","nodeId":"b269a93b-d3f2-4c4b-a83f-cbe6cd854ed6"}}
{"__type":"$$EventMessageConfirm","confirm":"97597dd4-6fb0-454c-8946-a8542e884be2","ts":"2026-07-24T21:43:32.856-05:00","source":{"id":"0","name":"eventBus"}}
{"__type":"$$EventMessageNode","id":"3b0401d7-67c9-4fd3-a699-2d7ebc14a8fc","ts":"2026-07-24T21:43:32.858-05:00","eventName":"n8n.node.finished","message":"n8n.node.finished","payload":{"workflowId":"IqhxSGlB1Zsi0TSG","workflowName":"My workflow","executionId":"196","nodeType":"n8n-nodes-base.if","nodeName":"If","nodeId":"b269a93b-d3f2-4c4b-a83f-cbe6cd854ed6"}}
{"__type":"$$EventMessageConfirm","confirm":"3b0401d7-67c9-4fd3-a699-2d7ebc14a8fc","ts":"2026-07-24T21:43:32.858-05:00","source":{"id":"0","name":"eventBus"}}
{"__type":"$$EventMessageWorkflow","id":"937f994a-633a-4b8e-a177-017e7bcbdaa9","ts":"2026-07-24T21:43:32.861-05:00","eventName":"n8n.workflow.success","message":"n8n.workflow.success","payload":{"userId":"b9b1db79-eccb-44ec-a1ac-88eb796fc5f5","executionId":"196","success":true,"isManual":true,"mode":"manual","workflowId":"IqhxSGlB1Zsi0TSG","workflowName":"My workflow","projectId":"2waiwXdPc8W3Avzz","projectName":"Jamil  andy <andi1998jamil@gmail.com>"}}
{"__type":"$$EventMessageConfirm","confirm":"937f994a-633a-4b8e-a177-017e7bcbdaa9","ts":"2026-07-24T21:43:32.861-05:00","source":{"id":"0","name":"eventBus"}}
{"__type":"$$EventMessageAudit","id":"6c57d2a8-1853-45c0-a1a0-12ba3abf154b","ts":"2026-07-24T21:43:34.635-05:00","eventName":"n8n.audit.workflow.executed","message":"n8n.audit.workflow.executed","payload":{"userId":"b9b1db79-eccb-44ec-a1ac-88eb796fc5f5","_email":"andi1998jamil@gmail.com","_firstName":"Jamil","_lastName":" andy","globalRole":"global:owner","workflowId":"IqhxSGlB1Zsi0TSG","workflowName":"My workflow","executionId":"197","source":"user-manual"}}
{"__type":"$$EventMessageConfirm","confirm":"6c57d2a8-1853-45c0-a1a0-12ba3abf154b","ts":"2026-07-24T21:43:34.635-05:00","source":{"id":"0","name":"eventBus"}}
{"__type":"$$EventMessageWorkflow","id":"2d1e3a53-bf30-4c23-bb56-108238c3c45d","ts":"2026-07-24T21:43:34.636-05:00","eventName":"n8n.workflow.started","message":"n8n.workflow.started","payload":{"executionId":"197","workflowId":"IqhxSGlB1Zsi0TSG","isManual":false,"mode":"manual","workflowName":"My workflow","projectId":"2waiwXdPc8W3Avzz","projectName":"Jamil  andy <andi1998jamil@gmail.com>"}}
{"__type":"$$EventMessageConfirm","confirm":"2d1e3a53-bf30-4c23-bb56-108238c3c45d","ts":"2026-07-24T21:43:34.636-05:00","source":{"id":"0","name":"eventBus"}}
{"__type":"$$EventMessageNode","id":"f9cd26a6-f723-4bf5-8ed7-16a97793c3e6","ts":"2026-07-24T21:43:34.650-05:00","eventName":"n8n.node.started","message":"n8n.node.started","payload":{"workflowId":"IqhxSGlB1Zsi0TSG","workflowName":"My workflow","executionId":"197","nodeType":"n8n-nodes-base.dropbox","nodeName":"Upload a file","nodeId":"554a3672-b5c9-4fd4-a0d5-0238ab5791f7"}}
{"__type":"$$EventMessageConfirm","confirm":"f9cd26a6-f723-4bf5-8ed7-16a97793c3e6","ts":"2026-07-24T21:43:34.650-05:00","source":{"id":"0","name":"eventBus"}}
{"__type":"$$EventMessageNode","id":"c744fcb5-6103-4266-94ce-d07fe78ce6fc","ts":"2026-07-24T21:43:39.964-05:00","eventName":"n8n.node.finished","message":"n8n.node.finished","payload":{"workflowId":"IqhxSGlB1Zsi0TSG","workflowName":"My workflow","executionId":"197","nodeType":"n8n-nodes-base.dropbox","nodeName":"Upload a file","nodeId":"554a3672-b5c9-4fd4-a0d5-0238ab5791f7"}}
{"__type":"$$EventMessageConfirm","confirm":"c744fcb5-6103-4266-94ce-d07fe78ce6fc","ts":"2026-07-24T21:43:39.964-05:00","source":{"id":"0","name":"eventBus"}}
{"__type":"$$EventMessageWorkflow","id":"c675b15c-0601-47c5-bd48-8cd44c7732c8","ts":"2026-07-24T21:43:39.969-05:00","eventName":"n8n.workflow.success","message":"n8n.workflow.success","payload":{"userId":"b9b1db79-eccb-44ec-a1ac-88eb796fc5f5","executionId":"197","success":true,"isManual":true,"mode":"manual","workflowId":"IqhxSGlB1Zsi0TSG","workflowName":"My workflow","projectId":"2waiwXdPc8W3Avzz","projectName":"Jamil  andy <andi1998jamil@gmail.com>"}}
{"__type":"$$EventMessageConfirm","confirm":"c675b15c-0601-47c5-bd48-8cd44c7732c8","ts":"2026-07-24T21:43:39.969-05:00","source":{"id":"0","name":"eventBus"}}
{"__type":"$$EventMessageAudit","id":"dd1c33e7-d84a-4230-9d3c-a2fef073439b","ts":"2026-07-24T21:43:46.683-05:00","eventName":"n8n.audit.workflow.executed","message":"n8n.audit.workflow.executed","payload":{"userId":"b9b1db79-eccb-44ec-a1ac-88eb796fc5f5","_email":"andi1998jamil@gmail.com","_firstName":"Jamil","_lastName":" andy","globalRole":"global:owner","workflowId":"IqhxSGlB1Zsi0TSG","workflowName":"My workflow","executionId":"198","source":"user-manual"}}
{"__type":"$$EventMessageConfirm","confirm":"dd1c33e7-d84a-4230-9d3c-a2fef073439b","ts":"2026-07-24T21:43:46.684-05:00","source":{"id":"0","name":"eventBus"}}
{"__type":"$$EventMessageWorkflow","id":"76da7c1d-2424-48bd-9937-28c2e3b7f12a","ts":"2026-07-24T21:43:46.684-05:00","eventName":"n8n.workflow.started","message":"n8n.workflow.started","payload":{"executionId":"198","workflowId":"IqhxSGlB1Zsi0TSG","isManual":false,"mode":"manual","workflowName":"My workflow","projectId":"2waiwXdPc8W3Avzz","projectName":"Jamil  andy <andi1998jamil@gmail.com>"}}
{"__type":"$$EventMessageConfirm","confirm":"76da7c1d-2424-48bd-9937-28c2e3b7f12a","ts":"2026-07-24T21:43:46.684-05:00","source":{"id":"0","name":"eventBus"}}
{"__type":"$$EventMessageNode","id":"3d418d7d-c3eb-41a4-a496-c07f71627253","ts":"2026-07-24T21:43:46.700-05:00","eventName":"n8n.node.started","message":"n8n.node.started","payload":{"workflowId":"IqhxSGlB1Zsi0TSG","workflowName":"My workflow","executionId":"198","nodeType":"@n8n/n8n-nodes-langchain.googleGemini","nodeName":"Analyze document","nodeId":"069f5784-5f0a-4325-add5-b200b5c01e6c"}}
{"__type":"$$EventMessageConfirm","confirm":"3d418d7d-c3eb-41a4-a496-c07f71627253","ts":"2026-07-24T21:43:46.700-05:00","source":{"id":"0","name":"eventBus"}}
{"__type":"$$EventMessageNode","id":"cc1c2406-08b3-4f75-adba-f451e5855ca5","ts":"2026-07-24T21:45:24.273-05:00","eventName":"n8n.node.finished","message":"n8n.node.finished","payload":{"workflowId":"IqhxSGlB1Zsi0TSG","workflowName":"My workflow","executionId":"198","nodeType":"@n8n/n8n-nodes-langchain.googleGemini","nodeName":"Analyze document","nodeId":"069f5784-5f0a-4325-add5-b200b5c01e6c"}}
{"__type":"$$EventMessageConfirm","confirm":"cc1c2406-08b3-4f75-adba-f451e5855ca5","ts":"2026-07-24T21:45:24.273-05:00","source":{"id":"0","name":"eventBus"}}
{"__type":"$$EventMessageWorkflow","id":"2c378731-899b-463e-a9d3-8a4125525050","ts":"2026-07-24T21:45:24.276-05:00","eventName":"n8n.workflow.failed","message":"n8n.workflow.failed","payload":{"userId":"b9b1db79-eccb-44ec-a1ac-88eb796fc5f5","executionId":"198","success":false,"isManual":true,"mode":"manual","workflowId":"IqhxSGlB1Zsi0TSG","workflowName":"My workflow","projectId":"2waiwXdPc8W3Avzz","projectName":"Jamil  andy <andi1998jamil@gmail.com>","lastNodeExecuted":"Analyze document","errorNodeType":"@n8n/n8n-nodes-langchain.googleGemini","errorMessage":"Service unavailable - try again later or consider setting this node to retry automatically (in the node settings)"}}
{"__type":"$$EventMessageConfirm","confirm":"2c378731-899b-463e-a9d3-8a4125525050","ts":"2026-07-24T21:45:24.276-05:00","source":{"id":"0","name":"eventBus"}}
{"__type":"$$EventMessageAudit","id":"e3c2a0b0-2c8e-4719-85f3-ee772c96d471","ts":"2026-07-24T21:52:49.671-05:00","eventName":"n8n.audit.workflow.executed","message":"n8n.audit.workflow.executed","payload":{"userId":"b9b1db79-eccb-44ec-a1ac-88eb796fc5f5","_email":"andi1998jamil@gmail.com","_firstName":"Jamil","_lastName":" andy","globalRole":"global:owner","workflowId":"IqhxSGlB1Zsi0TSG","workflowName":"My workflow","executionId":"199","source":"user-manual"}}
{"__type":"$$EventMessageConfirm","confirm":"e3c2a0b0-2c8e-4719-85f3-ee772c96d471","ts":"2026-07-24T21:52:49.672-05:00","source":{"id":"0","name":"eventBus"}}
{"__type":"$$EventMessageWorkflow","id":"507181f1-8c86-4291-8603-c90f9c783a64","ts":"2026-07-24T21:52:49.673-05:00","eventName":"n8n.workflow.started","message":"n8n.workflow.started","payload":{"executionId":"199","workflowId":"IqhxSGlB1Zsi0TSG","isManual":false,"mode":"manual","workflowName":"My workflow","projectId":"2waiwXdPc8W3Avzz","projectName":"Jamil  andy <andi1998jamil@gmail.com>"}}
{"__type":"$$EventMessageConfirm","confirm":"507181f1-8c86-4291-8603-c90f9c783a64","ts":"2026-07-24T21:52:49.673-05:00","source":{"id":"0","name":"eventBus"}}
{"__type":"$$EventMessageNode","id":"10bd8be1-e743-4d2c-89b6-e2570a24275c","ts":"2026-07-24T21:52:49.691-05:00","eventName":"n8n.node.started","message":"n8n.node.started","payload":{"workflowId":"IqhxSGlB1Zsi0TSG","workflowName":"My workflow","executionId":"199","nodeType":"n8n-nodes-base.gmailTrigger","nodeName":"Gmail Trigger","nodeId":"5b16995c-2c7f-4f2d-87f0-7362a40c32ba"}}
{"__type":"$$EventMessageConfirm","confirm":"10bd8be1-e743-4d2c-89b6-e2570a24275c","ts":"2026-07-24T21:52:49.692-05:00","source":{"id":"0","name":"eventBus"}}
{"__type":"$$EventMessageNode","id":"eba87a60-de08-44a9-afd9-99209f9da4cd","ts":"2026-07-24T21:52:50.970-05:00","eventName":"n8n.node.finished","message":"n8n.node.finished","payload":{"workflowId":"IqhxSGlB1Zsi0TSG","workflowName":"My workflow","executionId":"199","nodeType":"n8n-nodes-base.gmailTrigger","nodeName":"Gmail Trigger","nodeId":"5b16995c-2c7f-4f2d-87f0-7362a40c32ba"}}
{"__type":"$$EventMessageConfirm","confirm":"eba87a60-de08-44a9-afd9-99209f9da4cd","ts":"2026-07-24T21:52:50.970-05:00","source":{"id":"0","name":"eventBus"}}
{"__type":"$$EventMessageWorkflow","id":"ba2021a0-7a32-458b-86a6-1f15e5bf8703","ts":"2026-07-24T21:52:50.974-05:00","eventName":"n8n.workflow.success","message":"n8n.workflow.success","payload":{"userId":"b9b1db79-eccb-44ec-a1ac-88eb796fc5f5","executionId":"199","success":true,"isManual":true,"mode":"manual","workflowId":"IqhxSGlB1Zsi0TSG","workflowName":"My workflow","projectId":"2waiwXdPc8W3Avzz","projectName":"Jamil  andy <andi1998jamil@gmail.com>"}}
{"__type":"$$EventMessageConfirm","confirm":"ba2021a0-7a32-458b-86a6-1f15e5bf8703","ts":"2026-07-24T21:52:50.974-05:00","source":{"id":"0","name":"eventBus"}}
{"__type":"$$EventMessageAudit","id":"722d172c-a648-4bd7-901b-cb17cf36c320","ts":"2026-07-24T21:52:52.674-05:00","eventName":"n8n.audit.workflow.executed","message":"n8n.audit.workflow.executed","payload":{"userId":"b9b1db79-eccb-44ec-a1ac-88eb796fc5f5","_email":"andi1998jamil@gmail.com","_firstName":"Jamil","_lastName":" andy","globalRole":"global:owner","workflowId":"IqhxSGlB1Zsi0TSG","workflowName":"My workflow","executionId":"200","source":"user-manual"}}
{"__type":"$$EventMessageConfirm","confirm":"722d172c-a648-4bd7-901b-cb17cf36c320","ts":"2026-07-24T21:52:52.675-05:00","source":{"id":"0","name":"eventBus"}}
{"__type":"$$EventMessageWorkflow","id":"7901f6fb-2cc8-45ec-8b65-0e3518eaff7b","ts":"2026-07-24T21:52:52.676-05:00","eventName":"n8n.workflow.started","message":"n8n.workflow.started","payload":{"executionId":"200","workflowId":"IqhxSGlB1Zsi0TSG","isManual":false,"mode":"manual","workflowName":"My workflow","projectId":"2waiwXdPc8W3Avzz","projectName":"Jamil  andy <andi1998jamil@gmail.com>"}}
{"__type":"$$EventMessageConfirm","confirm":"7901f6fb-2cc8-45ec-8b65-0e3518eaff7b","ts":"2026-07-24T21:52:52.676-05:00","source":{"id":"0","name":"eventBus"}}
{"__type":"$$EventMessageNode","id":"59901d26-e53c-4c56-a8e4-22ebce2210ff","ts":"2026-07-24T21:52:52.688-05:00","eventName":"n8n.node.started","message":"n8n.node.started","payload":{"workflowId":"IqhxSGlB1Zsi0TSG","workflowName":"My workflow","executionId":"200","nodeType":"n8n-nodes-base.gmail","nodeName":"Get a message","nodeId":"9e09f97e-7866-41fe-bc71-57aa06d0dce7"}}
{"__type":"$$EventMessageConfirm","confirm":"59901d26-e53c-4c56-a8e4-22ebce2210ff","ts":"2026-07-24T21:52:52.688-05:00","source":{"id":"0","name":"eventBus"}}
{"__type":"$$EventMessageNode","id":"274771d3-842b-4109-bdf7-f5d5a68fef08","ts":"2026-07-24T21:52:53.548-05:00","eventName":"n8n.node.finished","message":"n8n.node.finished","payload":{"workflowId":"IqhxSGlB1Zsi0TSG","workflowName":"My workflow","executionId":"200","nodeType":"n8n-nodes-base.gmail","nodeName":"Get a message","nodeId":"9e09f97e-7866-41fe-bc71-57aa06d0dce7"}}
{"__type":"$$EventMessageConfirm","confirm":"274771d3-842b-4109-bdf7-f5d5a68fef08","ts":"2026-07-24T21:52:53.548-05:00","source":{"id":"0","name":"eventBus"}}
{"__type":"$$EventMessageWorkflow","id":"b0537d47-006a-4c12-89cf-a6edbb818ecc","ts":"2026-07-24T21:52:53.553-05:00","eventName":"n8n.workflow.success","message":"n8n.workflow.success","payload":{"userId":"b9b1db79-eccb-44ec-a1ac-88eb796fc5f5","executionId":"200","success":true,"isManual":true,"mode":"manual","workflowId":"IqhxSGlB1Zsi0TSG","workflowName":"My workflow","projectId":"2waiwXdPc8W3Avzz","projectName":"Jamil  andy <andi1998jamil@gmail.com>"}}
{"__type":"$$EventMessageConfirm","confirm":"b0537d47-006a-4c12-89cf-a6edbb818ecc","ts":"2026-07-24T21:52:53.553-05:00","source":{"id":"0","name":"eventBus"}}
{"__type":"$$EventMessageAudit","id":"765cdd65-1262-4c2f-88f5-ac34f65b2c58","ts":"2026-07-24T21:52:56.982-05:00","eventName":"n8n.audit.workflow.updated","message":"n8n.audit.workflow.updated","payload":{"userId":"b9b1db79-eccb-44ec-a1ac-88eb796fc5f5","_email":"andi1998jamil@gmail.com","_firstName":"Jamil","_lastName":" andy","globalRole":"global:owner","workflowId":"IqhxSGlB1Zsi0TSG","workflowName":"My workflow"}}
{"__type":"$$EventMessageConfirm","confirm":"765cdd65-1262-4c2f-88f5-ac34f65b2c58","ts":"2026-07-24T21:52:56.982-05:00","source":{"id":"0","name":"eventBus"}}
{"__type":"$$EventMessageAudit","id":"0a0265d4-9fc2-4884-9ff6-415ba03e2c08","ts":"2026-07-24T21:52:57.287-05:00","eventName":"n8n.audit.workflow.executed","message":"n8n.audit.workflow.executed","payload":{"userId":"b9b1db79-eccb-44ec-a1ac-88eb796fc5f5","_email":"andi1998jamil@gmail.com","_firstName":"Jamil","_lastName":" andy","globalRole":"global:owner","workflowId":"IqhxSGlB1Zsi0TSG","workflowName":"My workflow","executionId":"201","source":"user-manual"}}
{"__type":"$$EventMessageConfirm","confirm":"0a0265d4-9fc2-4884-9ff6-415ba03e2c08","ts":"2026-07-24T21:52:57.287-05:00","source":{"id":"0","name":"eventBus"}}
{"__type":"$$EventMessageWorkflow","id":"5159a053-65e7-4533-8c59-44c8364f11fc","ts":"2026-07-24T21:52:57.288-05:00","eventName":"n8n.workflow.started","message":"n8n.workflow.started","payload":{"executionId":"201","workflowId":"IqhxSGlB1Zsi0TSG","isManual":false,"mode":"manual","workflowName":"My workflow","projectId":"2waiwXdPc8W3Avzz","projectName":"Jamil  andy <andi1998jamil@gmail.com>"}}
{"__type":"$$EventMessageConfirm","confirm":"5159a053-65e7-4533-8c59-44c8364f11fc","ts":"2026-07-24T21:52:57.288-05:00","source":{"id":"0","name":"eventBus"}}
{"__type":"$$EventMessageNode","id":"ab50fa54-7c2f-47a8-87f4-8ad4c6bc0897","ts":"2026-07-24T21:52:57.299-05:00","eventName":"n8n.node.started","message":"n8n.node.started","payload":{"workflowId":"IqhxSGlB1Zsi0TSG","workflowName":"My workflow","executionId":"201","nodeType":"n8n-nodes-base.splitOut","nodeName":"Split Out","nodeId":"cb0fddb6-804d-4582-8b33-d8fc056d4d9a"}}
{"__type":"$$EventMessageConfirm","confirm":"ab50fa54-7c2f-47a8-87f4-8ad4c6bc0897","ts":"2026-07-24T21:52:57.299-05:00","source":{"id":"0","name":"eventBus"}}
{"__type":"$$EventMessageNode","id":"cc4d631e-e864-4920-b24f-3b81dde4272d","ts":"2026-07-24T21:52:57.301-05:00","eventName":"n8n.node.finished","message":"n8n.node.finished","payload":{"workflowId":"IqhxSGlB1Zsi0TSG","workflowName":"My workflow","executionId":"201","nodeType":"n8n-nodes-base.splitOut","nodeName":"Split Out","nodeId":"cb0fddb6-804d-4582-8b33-d8fc056d4d9a"}}
{"__type":"$$EventMessageConfirm","confirm":"cc4d631e-e864-4920-b24f-3b81dde4272d","ts":"2026-07-24T21:52:57.301-05:00","source":{"id":"0","name":"eventBus"}}
{"__type":"$$EventMessageWorkflow","id":"14e6e92d-879d-44c4-b2b3-c6ca10c7d6e0","ts":"2026-07-24T21:52:57.305-05:00","eventName":"n8n.workflow.success","message":"n8n.workflow.success","payload":{"userId":"b9b1db79-eccb-44ec-a1ac-88eb796fc5f5","executionId":"201","success":true,"isManual":true,"mode":"manual","workflowId":"IqhxSGlB1Zsi0TSG","workflowName":"My workflow","projectId":"2waiwXdPc8W3Avzz","projectName":"Jamil  andy <andi1998jamil@gmail.com>"}}
{"__type":"$$EventMessageConfirm","confirm":"14e6e92d-879d-44c4-b2b3-c6ca10c7d6e0","ts":"2026-07-24T21:52:57.305-05:00","source":{"id":"0","name":"eventBus"}}
{"__type":"$$EventMessageAudit","id":"7d2b2d10-0f3b-4ff0-bfd9-b41bf79a138f","ts":"2026-07-24T21:52:57.358-05:00","eventName":"n8n.audit.workflow.updated","message":"n8n.audit.workflow.updated","payload":{"userId":"b9b1db79-eccb-44ec-a1ac-88eb796fc5f5","_email":"andi1998jamil@gmail.com","_firstName":"Jamil","_lastName":" andy","globalRole":"global:owner","workflowId":"IqhxSGlB1Zsi0TSG","workflowName":"My workflow"}}
{"__type":"$$EventMessageConfirm","confirm":"7d2b2d10-0f3b-4ff0-bfd9-b41bf79a138f","ts":"2026-07-24T21:52:57.358-05:00","source":{"id":"0","name":"eventBus"}}
{"__type":"$$EventMessageAudit","id":"06c4ca71-c8f6-407c-adbe-73daab57b3b5","ts":"2026-07-24T21:53:02.915-05:00","eventName":"n8n.audit.workflow.updated","message":"n8n.audit.workflow.updated","payload":{"userId":"b9b1db79-eccb-44ec-a1ac-88eb796fc5f5","_email":"andi1998jamil@gmail.com","_firstName":"Jamil","_lastName":" andy","globalRole":"global:owner","workflowId":"IqhxSGlB1Zsi0TSG","workflowName":"My workflow"}}
{"__type":"$$EventMessageConfirm","confirm":"06c4ca71-c8f6-407c-adbe-73daab57b3b5","ts":"2026-07-24T21:53:02.915-05:00","source":{"id":"0","name":"eventBus"}}
{"__type":"$$EventMessageAudit","id":"adf2dae3-be28-40b3-aff4-9d8b4b381d28","ts":"2026-07-24T21:53:03.487-05:00","eventName":"n8n.audit.workflow.executed","message":"n8n.audit.workflow.executed","payload":{"userId":"b9b1db79-eccb-44ec-a1ac-88eb796fc5f5","_email":"andi1998jamil@gmail.com","_firstName":"Jamil","_lastName":" andy","globalRole":"global:owner","workflowId":"IqhxSGlB1Zsi0TSG","workflowName":"My workflow","executionId":"202","source":"user-manual"}}
{"__type":"$$EventMessageConfirm","confirm":"adf2dae3-be28-40b3-aff4-9d8b4b381d28","ts":"2026-07-24T21:53:03.487-05:00","source":{"id":"0","name":"eventBus"}}
{"__type":"$$EventMessageWorkflow","id":"28cb6640-0e24-4239-b681-4b30c0d12c13","ts":"2026-07-24T21:53:03.488-05:00","eventName":"n8n.workflow.started","message":"n8n.workflow.started","payload":{"executionId":"202","workflowId":"IqhxSGlB1Zsi0TSG","isManual":false,"mode":"manual","workflowName":"My workflow","projectId":"2waiwXdPc8W3Avzz","projectName":"Jamil  andy <andi1998jamil@gmail.com>"}}
{"__type":"$$EventMessageConfirm","confirm":"28cb6640-0e24-4239-b681-4b30c0d12c13","ts":"2026-07-24T21:53:03.489-05:00","source":{"id":"0","name":"eventBus"}}
{"__type":"$$EventMessageNode","id":"91288cea-ee91-40ff-9467-47d9591792fe","ts":"2026-07-24T21:53:03.500-05:00","eventName":"n8n.node.started","message":"n8n.node.started","payload":{"workflowId":"IqhxSGlB1Zsi0TSG","workflowName":"My workflow","executionId":"202","nodeType":"n8n-nodes-base.splitOut","nodeName":"Split Out","nodeId":"cb0fddb6-804d-4582-8b33-d8fc056d4d9a"}}
{"__type":"$$EventMessageConfirm","confirm":"91288cea-ee91-40ff-9467-47d9591792fe","ts":"2026-07-24T21:53:03.500-05:00","source":{"id":"0","name":"eventBus"}}
{"__type":"$$EventMessageNode","id":"c90d4cb9-5767-433c-b29f-fe0ec3e13089","ts":"2026-07-24T21:53:03.502-05:00","eventName":"n8n.node.finished","message":"n8n.node.finished","payload":{"workflowId":"IqhxSGlB1Zsi0TSG","workflowName":"My workflow","executionId":"202","nodeType":"n8n-nodes-base.splitOut","nodeName":"Split Out","nodeId":"cb0fddb6-804d-4582-8b33-d8fc056d4d9a"}}
{"__type":"$$EventMessageConfirm","confirm":"c90d4cb9-5767-433c-b29f-fe0ec3e13089","ts":"2026-07-24T21:53:03.502-05:00","source":{"id":"0","name":"eventBus"}}
{"__type":"$$EventMessageWorkflow","id":"bde88992-db33-49fb-bee5-4371e2476c0a","ts":"2026-07-24T21:53:03.506-05:00","eventName":"n8n.workflow.success","message":"n8n.workflow.success","payload":{"userId":"b9b1db79-eccb-44ec-a1ac-88eb796fc5f5","executionId":"202","success":true,"isManual":true,"mode":"manual","workflowId":"IqhxSGlB1Zsi0TSG","workflowName":"My workflow","projectId":"2waiwXdPc8W3Avzz","projectName":"Jamil  andy <andi1998jamil@gmail.com>"}}
{"__type":"$$EventMessageConfirm","confirm":"bde88992-db33-49fb-bee5-4371e2476c0a","ts":"2026-07-24T21:53:03.506-05:00","source":{"id":"0","name":"eventBus"}}
{"__type":"$$EventMessageAudit","id":"7ebb4021-00ca-47ac-b7b9-36987523090f","ts":"2026-07-24T21:53:05.484-05:00","eventName":"n8n.audit.workflow.executed","message":"n8n.audit.workflow.executed","payload":{"userId":"b9b1db79-eccb-44ec-a1ac-88eb796fc5f5","_email":"andi1998jamil@gmail.com","_firstName":"Jamil","_lastName":" andy","globalRole":"global:owner","workflowId":"IqhxSGlB1Zsi0TSG","workflowName":"My workflow","executionId":"203","source":"user-manual"}}
{"__type":"$$EventMessageConfirm","confirm":"7ebb4021-00ca-47ac-b7b9-36987523090f","ts":"2026-07-24T21:53:05.484-05:00","source":{"id":"0","name":"eventBus"}}
{"__type":"$$EventMessageWorkflow","id":"47bdc276-89b8-4dc6-b46e-d1c08e0a0187","ts":"2026-07-24T21:53:05.485-05:00","eventName":"n8n.workflow.started","message":"n8n.workflow.started","payload":{"executionId":"203","workflowId":"IqhxSGlB1Zsi0TSG","isManual":false,"mode":"manual","workflowName":"My workflow","projectId":"2waiwXdPc8W3Avzz","projectName":"Jamil  andy <andi1998jamil@gmail.com>"}}
{"__type":"$$EventMessageConfirm","confirm":"47bdc276-89b8-4dc6-b46e-d1c08e0a0187","ts":"2026-07-24T21:53:05.485-05:00","source":{"id":"0","name":"eventBus"}}
{"__type":"$$EventMessageNode","id":"83416e9a-a931-4766-8373-ba62b9df4fd9","ts":"2026-07-24T21:53:05.497-05:00","eventName":"n8n.node.started","message":"n8n.node.started","payload":{"workflowId":"IqhxSGlB1Zsi0TSG","workflowName":"My workflow","executionId":"203","nodeType":"n8n-nodes-base.code","nodeName":"Code in JavaScript","nodeId":"a1444a7a-8f49-42c8-8b45-f5d8ca12d08d"}}
{"__type":"$$EventMessageConfirm","confirm":"83416e9a-a931-4766-8373-ba62b9df4fd9","ts":"2026-07-24T21:53:05.497-05:00","source":{"id":"0","name":"eventBus"}}
{"__type":"$$EventMessageRunner","id":"0820b511-8814-45d9-8a7e-c9cfc750210b","ts":"2026-07-24T21:53:05.499-05:00","eventName":"n8n.runner.task.requested","message":"n8n.runner.task.requested","payload":{"taskId":"fo0lLgk-","nodeId":"a1444a7a-8f49-42c8-8b45-f5d8ca12d08d","workflowId":"IqhxSGlB1Zsi0TSG","executionId":"203"}}
{"__type":"$$EventMessageConfirm","confirm":"0820b511-8814-45d9-8a7e-c9cfc750210b","ts":"2026-07-24T21:53:05.499-05:00","source":{"id":"0","name":"eventBus"}}
{"__type":"$$EventMessageRunner","id":"043fc094-fce6-4ec2-bcb0-f23d34d17229","ts":"2026-07-24T21:53:05.516-05:00","eventName":"n8n.runner.response.received","message":"n8n.runner.response.received","payload":{"taskId":"fo0lLgk-","nodeId":"a1444a7a-8f49-42c8-8b45-f5d8ca12d08d","workflowId":"IqhxSGlB1Zsi0TSG","executionId":"203"}}
{"__type":"$$EventMessageConfirm","confirm":"043fc094-fce6-4ec2-bcb0-f23d34d17229","ts":"2026-07-24T21:53:05.516-05:00","source":{"id":"0","name":"eventBus"}}
{"__type":"$$EventMessageNode","id":"f00a5c53-7de0-416e-8063-a09236d7a181","ts":"2026-07-24T21:53:05.517-05:00","eventName":"n8n.node.finished","message":"n8n.node.finished","payload":{"workflowId":"IqhxSGlB1Zsi0TSG","workflowName":"My workflow","executionId":"203","nodeType":"n8n-nodes-base.code","nodeName":"Code in JavaScript","nodeId":"a1444a7a-8f49-42c8-8b45-f5d8ca12d08d"}}
{"__type":"$$EventMessageConfirm","confirm":"f00a5c53-7de0-416e-8063-a09236d7a181","ts":"2026-07-24T21:53:05.517-05:00","source":{"id":"0","name":"eventBus"}}
{"__type":"$$EventMessageWorkflow","id":"5b665b3a-b367-49d4-b6ed-4cfc72b0b69e","ts":"2026-07-24T21:53:05.520-05:00","eventName":"n8n.workflow.success","message":"n8n.workflow.success","payload":{"userId":"b9b1db79-eccb-44ec-a1ac-88eb796fc5f5","executionId":"203","success":true,"isManual":true,"mode":"manual","workflowId":"IqhxSGlB1Zsi0TSG","workflowName":"My workflow","projectId":"2waiwXdPc8W3Avzz","projectName":"Jamil  andy <andi1998jamil@gmail.com>"}}
{"__type":"$$EventMessageConfirm","confirm":"5b665b3a-b367-49d4-b6ed-4cfc72b0b69e","ts":"2026-07-24T21:53:05.520-05:00","source":{"id":"0","name":"eventBus"}}
{"__type":"$$EventMessageAudit","id":"2104a3a5-bb0a-4c8c-bccf-1be990e7553e","ts":"2026-07-24T21:53:08.900-05:00","eventName":"n8n.audit.workflow.executed","message":"n8n.audit.workflow.executed","payload":{"userId":"b9b1db79-eccb-44ec-a1ac-88eb796fc5f5","_email":"andi1998jamil@gmail.com","_firstName":"Jamil","_lastName":" andy","globalRole":"global:owner","workflowId":"IqhxSGlB1Zsi0TSG","workflowName":"My workflow","executionId":"204","source":"user-manual"}}
{"__type":"$$EventMessageConfirm","confirm":"2104a3a5-bb0a-4c8c-bccf-1be990e7553e","ts":"2026-07-24T21:53:08.900-05:00","source":{"id":"0","name":"eventBus"}}
{"__type":"$$EventMessageWorkflow","id":"e6d15c15-5e24-4853-bd87-be8ad4080d24","ts":"2026-07-24T21:53:08.901-05:00","eventName":"n8n.workflow.started","message":"n8n.workflow.started","payload":{"executionId":"204","workflowId":"IqhxSGlB1Zsi0TSG","isManual":false,"mode":"manual","workflowName":"My workflow","projectId":"2waiwXdPc8W3Avzz","projectName":"Jamil  andy <andi1998jamil@gmail.com>"}}
{"__type":"$$EventMessageConfirm","confirm":"e6d15c15-5e24-4853-bd87-be8ad4080d24","ts":"2026-07-24T21:53:08.901-05:00","source":{"id":"0","name":"eventBus"}}
{"__type":"$$EventMessageNode","id":"44af8aba-2bc5-41b3-ae8e-9b6c2ea9c9ed","ts":"2026-07-24T21:53:08.915-05:00","eventName":"n8n.node.started","message":"n8n.node.started","payload":{"workflowId":"IqhxSGlB1Zsi0TSG","workflowName":"My workflow","executionId":"204","nodeType":"n8n-nodes-base.if","nodeName":"If","nodeId":"b269a93b-d3f2-4c4b-a83f-cbe6cd854ed6"}}
{"__type":"$$EventMessageConfirm","confirm":"44af8aba-2bc5-41b3-ae8e-9b6c2ea9c9ed","ts":"2026-07-24T21:53:08.915-05:00","source":{"id":"0","name":"eventBus"}}
{"__type":"$$EventMessageNode","id":"eab41572-d68a-4c7a-b9e2-561a62f8d66e","ts":"2026-07-24T21:53:08.917-05:00","eventName":"n8n.node.finished","message":"n8n.node.finished","payload":{"workflowId":"IqhxSGlB1Zsi0TSG","workflowName":"My workflow","executionId":"204","nodeType":"n8n-nodes-base.if","nodeName":"If","nodeId":"b269a93b-d3f2-4c4b-a83f-cbe6cd854ed6"}}
{"__type":"$$EventMessageConfirm","confirm":"eab41572-d68a-4c7a-b9e2-561a62f8d66e","ts":"2026-07-24T21:53:08.917-05:00","source":{"id":"0","name":"eventBus"}}
{"__type":"$$EventMessageWorkflow","id":"49c2a6ce-20ae-49d4-886b-8ed04c33934b","ts":"2026-07-24T21:53:08.920-05:00","eventName":"n8n.workflow.success","message":"n8n.workflow.success","payload":{"userId":"b9b1db79-eccb-44ec-a1ac-88eb796fc5f5","executionId":"204","success":true,"isManual":true,"mode":"manual","workflowId":"IqhxSGlB1Zsi0TSG","workflowName":"My workflow","projectId":"2waiwXdPc8W3Avzz","projectName":"Jamil  andy <andi1998jamil@gmail.com>"}}
{"__type":"$$EventMessageConfirm","confirm":"49c2a6ce-20ae-49d4-886b-8ed04c33934b","ts":"2026-07-24T21:53:08.921-05:00","source":{"id":"0","name":"eventBus"}}
{"__type":"$$EventMessageAudit","id":"4b647860-d77b-4c28-bb81-8cc3239ce115","ts":"2026-07-24T21:53:14.498-05:00","eventName":"n8n.audit.workflow.executed","message":"n8n.audit.workflow.executed","payload":{"userId":"b9b1db79-eccb-44ec-a1ac-88eb796fc5f5","_email":"andi1998jamil@gmail.com","_firstName":"Jamil","_lastName":" andy","globalRole":"global:owner","workflowId":"IqhxSGlB1Zsi0TSG","workflowName":"My workflow","executionId":"205","source":"user-manual"}}
{"__type":"$$EventMessageConfirm","confirm":"4b647860-d77b-4c28-bb81-8cc3239ce115","ts":"2026-07-24T21:53:14.498-05:00","source":{"id":"0","name":"eventBus"}}
{"__type":"$$EventMessageWorkflow","id":"b01fe6d7-1fb0-4276-a127-c2b4fdd5a5f3","ts":"2026-07-24T21:53:14.499-05:00","eventName":"n8n.workflow.started","message":"n8n.workflow.started","payload":{"executionId":"205","workflowId":"IqhxSGlB1Zsi0TSG","isManual":false,"mode":"manual","workflowName":"My workflow","projectId":"2waiwXdPc8W3Avzz","projectName":"Jamil  andy <andi1998jamil@gmail.com>"}}
{"__type":"$$EventMessageConfirm","confirm":"b01fe6d7-1fb0-4276-a127-c2b4fdd5a5f3","ts":"2026-07-24T21:53:14.499-05:00","source":{"id":"0","name":"eventBus"}}
{"__type":"$$EventMessageNode","id":"3c35211b-5f7a-4056-a647-1c4c7bc25f7d","ts":"2026-07-24T21:53:14.515-05:00","eventName":"n8n.node.started","message":"n8n.node.started","payload":{"workflowId":"IqhxSGlB1Zsi0TSG","workflowName":"My workflow","executionId":"205","nodeType":"n8n-nodes-base.dropbox","nodeName":"Upload a file","nodeId":"554a3672-b5c9-4fd4-a0d5-0238ab5791f7"}}
{"__type":"$$EventMessageConfirm","confirm":"3c35211b-5f7a-4056-a647-1c4c7bc25f7d","ts":"2026-07-24T21:53:14.515-05:00","source":{"id":"0","name":"eventBus"}}
{"__type":"$$EventMessageNode","id":"759f1f3e-72ea-499f-a6ba-704e7a8d9cde","ts":"2026-07-24T21:53:19.013-05:00","eventName":"n8n.node.finished","message":"n8n.node.finished","payload":{"workflowId":"IqhxSGlB1Zsi0TSG","workflowName":"My workflow","executionId":"205","nodeType":"n8n-nodes-base.dropbox","nodeName":"Upload a file","nodeId":"554a3672-b5c9-4fd4-a0d5-0238ab5791f7"}}
{"__type":"$$EventMessageConfirm","confirm":"759f1f3e-72ea-499f-a6ba-704e7a8d9cde","ts":"2026-07-24T21:53:19.013-05:00","source":{"id":"0","name":"eventBus"}}
{"__type":"$$EventMessageWorkflow","id":"b4eab330-e387-46ba-bc9e-94b526560830","ts":"2026-07-24T21:53:19.020-05:00","eventName":"n8n.workflow.success","message":"n8n.workflow.success","payload":{"userId":"b9b1db79-eccb-44ec-a1ac-88eb796fc5f5","executionId":"205","success":true,"isManual":true,"mode":"manual","workflowId":"IqhxSGlB1Zsi0TSG","workflowName":"My workflow","projectId":"2waiwXdPc8W3Avzz","projectName":"Jamil  andy <andi1998jamil@gmail.com>"}}
{"__type":"$$EventMessageConfirm","confirm":"b4eab330-e387-46ba-bc9e-94b526560830","ts":"2026-07-24T21:53:19.020-05:00","source":{"id":"0","name":"eventBus"}}
{"__type":"$$EventMessageAudit","id":"e9b9c5bc-525d-4429-ad3c-449541857397","ts":"2026-07-24T21:53:37.957-05:00","eventName":"n8n.audit.workflow.executed","message":"n8n.audit.workflow.executed","payload":{"userId":"b9b1db79-eccb-44ec-a1ac-88eb796fc5f5","_email":"andi1998jamil@gmail.com","_firstName":"Jamil","_lastName":" andy","globalRole":"global:owner","workflowId":"IqhxSGlB1Zsi0TSG","workflowName":"My workflow","executionId":"206","source":"user-manual"}}
{"__type":"$$EventMessageConfirm","confirm":"e9b9c5bc-525d-4429-ad3c-449541857397","ts":"2026-07-24T21:53:37.957-05:00","source":{"id":"0","name":"eventBus"}}
{"__type":"$$EventMessageWorkflow","id":"c3e55898-6b71-438b-8fb5-74aee765c31c","ts":"2026-07-24T21:53:37.958-05:00","eventName":"n8n.workflow.started","message":"n8n.workflow.started","payload":{"executionId":"206","workflowId":"IqhxSGlB1Zsi0TSG","isManual":false,"mode":"manual","workflowName":"My workflow","projectId":"2waiwXdPc8W3Avzz","projectName":"Jamil  andy <andi1998jamil@gmail.com>"}}
{"__type":"$$EventMessageConfirm","confirm":"c3e55898-6b71-438b-8fb5-74aee765c31c","ts":"2026-07-24T21:53:37.958-05:00","source":{"id":"0","name":"eventBus"}}
{"__type":"$$EventMessageNode","id":"65a28018-702a-41c5-8fda-655ab84a195f","ts":"2026-07-24T21:53:37.970-05:00","eventName":"n8n.node.started","message":"n8n.node.started","payload":{"workflowId":"IqhxSGlB1Zsi0TSG","workflowName":"My workflow","executionId":"206","nodeType":"@n8n/n8n-nodes-langchain.googleGemini","nodeName":"Analyze document","nodeId":"069f5784-5f0a-4325-add5-b200b5c01e6c"}}
{"__type":"$$EventMessageConfirm","confirm":"65a28018-702a-41c5-8fda-655ab84a195f","ts":"2026-07-24T21:53:37.970-05:00","source":{"id":"0","name":"eventBus"}}
{"__type":"$$EventMessageNode","id":"dcb8e6a1-8656-488c-8d24-8f4c13199b73","ts":"2026-07-24T21:54:08.383-05:00","eventName":"n8n.node.finished","message":"n8n.node.finished","payload":{"workflowId":"IqhxSGlB1Zsi0TSG","workflowName":"My workflow","executionId":"206","nodeType":"@n8n/n8n-nodes-langchain.googleGemini","nodeName":"Analyze document","nodeId":"069f5784-5f0a-4325-add5-b200b5c01e6c"}}
{"__type":"$$EventMessageConfirm","confirm":"dcb8e6a1-8656-488c-8d24-8f4c13199b73","ts":"2026-07-24T21:54:08.383-05:00","source":{"id":"0","name":"eventBus"}}
{"__type":"$$EventMessageWorkflow","id":"a0e3903f-4574-4fca-a1be-46115109b0af","ts":"2026-07-24T21:54:08.388-05:00","eventName":"n8n.workflow.failed","message":"n8n.workflow.failed","payload":{"userId":"b9b1db79-eccb-44ec-a1ac-88eb796fc5f5","executionId":"206","success":false,"isManual":true,"mode":"manual","workflowId":"IqhxSGlB1Zsi0TSG","workflowName":"My workflow","projectId":"2waiwXdPc8W3Avzz","projectName":"Jamil  andy <andi1998jamil@gmail.com>","lastNodeExecuted":"Analyze document","errorNodeType":"@n8n/n8n-nodes-langchain.googleGemini","errorMessage":"The service is receiving too many requests from you"}}
{"__type":"$$EventMessageConfirm","confirm":"a0e3903f-4574-4fca-a1be-46115109b0af","ts":"2026-07-24T21:54:08.389-05:00","source":{"id":"0","name":"eventBus"}}
{"__type":"$$EventMessageAudit","id":"288708d3-de30-4f03-8c94-ddfedf437686","ts":"2026-07-24T21:56:45.647-05:00","eventName":"n8n.audit.user.credentials.created","message":"n8n.audit.user.credentials.created","payload":{"userId":"b9b1db79-eccb-44ec-a1ac-88eb796fc5f5","_email":"andi1998jamil@gmail.com","_firstName":"Jamil","_lastName":" andy","globalRole":"global:owner","credentialType":"googlePalmApi","credentialId":"kPKzO03OeVwAQSMf","publicApi":false,"projectId":"2waiwXdPc8W3Avzz","projectType":"personal","isDynamic":false,"usesExternalSecrets":false,"jweEnabled":false,"supportsManagedAuth":false,"usesManagedAuth":false}}
{"__type":"$$EventMessageConfirm","confirm":"288708d3-de30-4f03-8c94-ddfedf437686","ts":"2026-07-24T21:56:45.647-05:00","source":{"id":"0","name":"eventBus"}}
{"__type":"$$EventMessageAudit","id":"046a2f22-dd48-44d5-b634-d5b9db51a421","ts":"2026-07-24T21:56:47.564-05:00","eventName":"n8n.audit.workflow.updated","message":"n8n.audit.workflow.updated","payload":{"userId":"b9b1db79-eccb-44ec-a1ac-88eb796fc5f5","_email":"andi1998jamil@gmail.com","_firstName":"Jamil","_lastName":" andy","globalRole":"global:owner","workflowId":"IqhxSGlB1Zsi0TSG","workflowName":"My workflow"}}
{"__type":"$$EventMessageConfirm","confirm":"046a2f22-dd48-44d5-b634-d5b9db51a421","ts":"2026-07-24T21:56:47.565-05:00","source":{"id":"0","name":"eventBus"}}
{"__type":"$$EventMessageWorkflow","id":"19e52d68-2568-4ea3-9651-5b4ec31844b7","ts":"2026-07-24T21:57:01.140-05:00","eventName":"n8n.workflow.failed","message":"n8n.workflow.failed","payload":{"userId":"b9b1db79-eccb-44ec-a1ac-88eb796fc5f5","executionId":"207","success":false,"isManual":true,"mode":"manual","workflowId":"IqhxSGlB1Zsi0TSG","workflowName":"My workflow","projectId":"2waiwXdPc8W3Avzz","projectName":"Jamil  andy <andi1998jamil@gmail.com>","errorMessage":"The 'Analyze document' node has issues:\n- Parameter \"Model\" is required."}}
{"__type":"$$EventMessageConfirm","confirm":"19e52d68-2568-4ea3-9651-5b4ec31844b7","ts":"2026-07-24T21:57:01.140-05:00","source":{"id":"0","name":"eventBus"}}
{"__type":"$$EventMessageWorkflow","id":"db970c86-eeed-4769-bab6-ed0ecd4f3739","ts":"2026-07-24T21:57:07.733-05:00","eventName":"n8n.workflow.failed","message":"n8n.workflow.failed","payload":{"userId":"b9b1db79-eccb-44ec-a1ac-88eb796fc5f5","executionId":"208","success":false,"isManual":true,"mode":"manual","workflowId":"IqhxSGlB1Zsi0TSG","workflowName":"My workflow","projectId":"2waiwXdPc8W3Avzz","projectName":"Jamil  andy <andi1998jamil@gmail.com>","errorMessage":"The 'Analyze document' node has issues:\n- Parameter \"Model\" is required."}}
{"__type":"$$EventMessageConfirm","confirm":"db970c86-eeed-4769-bab6-ed0ecd4f3739","ts":"2026-07-24T21:57:07.733-05:00","source":{"id":"0","name":"eventBus"}}
{"__type":"$$EventMessageWorkflow","id":"1841d56e-b0c3-4378-b4f6-2ba92709c3b9","ts":"2026-07-24T21:57:16.296-05:00","eventName":"n8n.workflow.failed","message":"n8n.workflow.failed","payload":{"userId":"b9b1db79-eccb-44ec-a1ac-88eb796fc5f5","executionId":"209","success":false,"isManual":true,"mode":"manual","workflowId":"IqhxSGlB1Zsi0TSG","workflowName":"My workflow","projectId":"2waiwXdPc8W3Avzz","projectName":"Jamil  andy <andi1998jamil@gmail.com>","errorMessage":"The 'Analyze document' node has issues:\n- Parameter \"Model\" is required."}}
{"__type":"$$EventMessageConfirm","confirm":"1841d56e-b0c3-4378-b4f6-2ba92709c3b9","ts":"2026-07-24T21:57:16.296-05:00","source":{"id":"0","name":"eventBus"}}
{"__type":"$$EventMessageWorkflow","id":"d41efcb3-8558-472d-84ea-125045ef840e","ts":"2026-07-24T21:57:18.842-05:00","eventName":"n8n.workflow.failed","message":"n8n.workflow.failed","payload":{"userId":"b9b1db79-eccb-44ec-a1ac-88eb796fc5f5","executionId":"210","success":false,"isManual":true,"mode":"manual","workflowId":"IqhxSGlB1Zsi0TSG","workflowName":"My workflow","projectId":"2waiwXdPc8W3Avzz","projectName":"Jamil  andy <andi1998jamil@gmail.com>","errorMessage":"3 nodes have issues:\n- 'Send a message': Parameter \"To\" is required. Parameter \"Subject\" is required. Parameter \"Message\" is required.\n- 'Create a row': Parameter \"Table Name or ID\" is required.\n- 'Analyze document': Parameter \"Model\" is required."}}
{"__type":"$$EventMessageConfirm","confirm":"d41efcb3-8558-472d-84ea-125045ef840e","ts":"2026-07-24T21:57:18.842-05:00","source":{"id":"0","name":"eventBus"}}
{"__type":"$$EventMessageAudit","id":"94985bbb-7145-4f4d-b1c3-af8685fb0406","ts":"2026-07-24T21:57:26.604-05:00","eventName":"n8n.audit.workflow.executed","message":"n8n.audit.workflow.executed","payload":{"userId":"b9b1db79-eccb-44ec-a1ac-88eb796fc5f5","_email":"andi1998jamil@gmail.com","_firstName":"Jamil","_lastName":" andy","globalRole":"global:owner","workflowId":"IqhxSGlB1Zsi0TSG","workflowName":"My workflow","executionId":"211","source":"user-manual"}}
{"__type":"$$EventMessageConfirm","confirm":"94985bbb-7145-4f4d-b1c3-af8685fb0406","ts":"2026-07-24T21:57:26.604-05:00","source":{"id":"0","name":"eventBus"}}
{"__type":"$$EventMessageWorkflow","id":"43dc7860-4998-46aa-b7db-701b17888ca9","ts":"2026-07-24T21:57:26.605-05:00","eventName":"n8n.workflow.started","message":"n8n.workflow.started","payload":{"executionId":"211","workflowId":"IqhxSGlB1Zsi0TSG","isManual":false,"mode":"manual","workflowName":"My workflow","projectId":"2waiwXdPc8W3Avzz","projectName":"Jamil  andy <andi1998jamil@gmail.com>"}}
{"__type":"$$EventMessageConfirm","confirm":"43dc7860-4998-46aa-b7db-701b17888ca9","ts":"2026-07-24T21:57:26.605-05:00","source":{"id":"0","name":"eventBus"}}
{"__type":"$$EventMessageNode","id":"f0e690a4-9d82-4878-8d02-791eb9ba22d6","ts":"2026-07-24T21:57:26.618-05:00","eventName":"n8n.node.started","message":"n8n.node.started","payload":{"workflowId":"IqhxSGlB1Zsi0TSG","workflowName":"My workflow","executionId":"211","nodeType":"n8n-nodes-base.gmailTrigger","nodeName":"Gmail Trigger","nodeId":"5b16995c-2c7f-4f2d-87f0-7362a40c32ba"}}
{"__type":"$$EventMessageConfirm","confirm":"f0e690a4-9d82-4878-8d02-791eb9ba22d6","ts":"2026-07-24T21:57:26.618-05:00","source":{"id":"0","name":"eventBus"}}
{"__type":"$$EventMessageNode","id":"0ce763d3-9d87-4fb7-8250-06cc76a84896","ts":"2026-07-24T21:57:27.548-05:00","eventName":"n8n.node.finished","message":"n8n.node.finished","payload":{"workflowId":"IqhxSGlB1Zsi0TSG","workflowName":"My workflow","executionId":"211","nodeType":"n8n-nodes-base.gmailTrigger","nodeName":"Gmail Trigger","nodeId":"5b16995c-2c7f-4f2d-87f0-7362a40c32ba"}}
{"__type":"$$EventMessageConfirm","confirm":"0ce763d3-9d87-4fb7-8250-06cc76a84896","ts":"2026-07-24T21:57:27.548-05:00","source":{"id":"0","name":"eventBus"}}
{"__type":"$$EventMessageWorkflow","id":"c4ef9d33-6709-468a-ac64-0cbebdd96a6f","ts":"2026-07-24T21:57:27.552-05:00","eventName":"n8n.workflow.success","message":"n8n.workflow.success","payload":{"userId":"b9b1db79-eccb-44ec-a1ac-88eb796fc5f5","executionId":"211","success":true,"isManual":true,"mode":"manual","workflowId":"IqhxSGlB1Zsi0TSG","workflowName":"My workflow","projectId":"2waiwXdPc8W3Avzz","projectName":"Jamil  andy <andi1998jamil@gmail.com>"}}
{"__type":"$$EventMessageConfirm","confirm":"c4ef9d33-6709-468a-ac64-0cbebdd96a6f","ts":"2026-07-24T21:57:27.552-05:00","source":{"id":"0","name":"eventBus"}}
{"__type":"$$EventMessageAudit","id":"e3ca6149-8e69-405e-b12f-18d6340854a3","ts":"2026-07-24T21:57:29.163-05:00","eventName":"n8n.audit.workflow.executed","message":"n8n.audit.workflow.executed","payload":{"userId":"b9b1db79-eccb-44ec-a1ac-88eb796fc5f5","_email":"andi1998jamil@gmail.com","_firstName":"Jamil","_lastName":" andy","globalRole":"global:owner","workflowId":"IqhxSGlB1Zsi0TSG","workflowName":"My workflow","executionId":"212","source":"user-manual"}}
{"__type":"$$EventMessageConfirm","confirm":"e3ca6149-8e69-405e-b12f-18d6340854a3","ts":"2026-07-24T21:57:29.163-05:00","source":{"id":"0","name":"eventBus"}}
{"__type":"$$EventMessageWorkflow","id":"e266e044-b0ea-44cb-91cb-af1de76674bc","ts":"2026-07-24T21:57:29.164-05:00","eventName":"n8n.workflow.started","message":"n8n.workflow.started","payload":{"executionId":"212","workflowId":"IqhxSGlB1Zsi0TSG","isManual":false,"mode":"manual","workflowName":"My workflow","projectId":"2waiwXdPc8W3Avzz","projectName":"Jamil  andy <andi1998jamil@gmail.com>"}}
{"__type":"$$EventMessageConfirm","confirm":"e266e044-b0ea-44cb-91cb-af1de76674bc","ts":"2026-07-24T21:57:29.164-05:00","source":{"id":"0","name":"eventBus"}}
{"__type":"$$EventMessageNode","id":"f0771d48-2f4b-49d8-9e63-e21ce701b281","ts":"2026-07-24T21:57:29.179-05:00","eventName":"n8n.node.started","message":"n8n.node.started","payload":{"workflowId":"IqhxSGlB1Zsi0TSG","workflowName":"My workflow","executionId":"212","nodeType":"n8n-nodes-base.gmail","nodeName":"Get a message","nodeId":"9e09f97e-7866-41fe-bc71-57aa06d0dce7"}}
{"__type":"$$EventMessageConfirm","confirm":"f0771d48-2f4b-49d8-9e63-e21ce701b281","ts":"2026-07-24T21:57:29.179-05:00","source":{"id":"0","name":"eventBus"}}
{"__type":"$$EventMessageNode","id":"e7ad79dd-fbf5-45c3-b7fc-338985a19f86","ts":"2026-07-24T21:57:30.157-05:00","eventName":"n8n.node.finished","message":"n8n.node.finished","payload":{"workflowId":"IqhxSGlB1Zsi0TSG","workflowName":"My workflow","executionId":"212","nodeType":"n8n-nodes-base.gmail","nodeName":"Get a message","nodeId":"9e09f97e-7866-41fe-bc71-57aa06d0dce7"}}
{"__type":"$$EventMessageConfirm","confirm":"e7ad79dd-fbf5-45c3-b7fc-338985a19f86","ts":"2026-07-24T21:57:30.157-05:00","source":{"id":"0","name":"eventBus"}}
{"__type":"$$EventMessageWorkflow","id":"e4a589a1-c078-4173-b130-f924b7494b54","ts":"2026-07-24T21:57:30.163-05:00","eventName":"n8n.workflow.success","message":"n8n.workflow.success","payload":{"userId":"b9b1db79-eccb-44ec-a1ac-88eb796fc5f5","executionId":"212","success":true,"isManual":true,"mode":"manual","workflowId":"IqhxSGlB1Zsi0TSG","workflowName":"My workflow","projectId":"2waiwXdPc8W3Avzz","projectName":"Jamil  andy <andi1998jamil@gmail.com>"}}
{"__type":"$$EventMessageConfirm","confirm":"e4a589a1-c078-4173-b130-f924b7494b54","ts":"2026-07-24T21:57:30.163-05:00","source":{"id":"0","name":"eventBus"}}
{"__type":"$$EventMessageAudit","id":"23563e7f-1e77-4637-bb31-129160d8fdda","ts":"2026-07-24T21:57:32.000-05:00","eventName":"n8n.audit.workflow.executed","message":"n8n.audit.workflow.executed","payload":{"userId":"b9b1db79-eccb-44ec-a1ac-88eb796fc5f5","_email":"andi1998jamil@gmail.com","_firstName":"Jamil","_lastName":" andy","globalRole":"global:owner","workflowId":"IqhxSGlB1Zsi0TSG","workflowName":"My workflow","executionId":"213","source":"user-manual"}}
{"__type":"$$EventMessageConfirm","confirm":"23563e7f-1e77-4637-bb31-129160d8fdda","ts":"2026-07-24T21:57:32.000-05:00","source":{"id":"0","name":"eventBus"}}
{"__type":"$$EventMessageWorkflow","id":"ee80fb5e-420b-43a6-854e-c0beb8825500","ts":"2026-07-24T21:57:32.000-05:00","eventName":"n8n.workflow.started","message":"n8n.workflow.started","payload":{"executionId":"213","workflowId":"IqhxSGlB1Zsi0TSG","isManual":false,"mode":"manual","workflowName":"My workflow","projectId":"2waiwXdPc8W3Avzz","projectName":"Jamil  andy <andi1998jamil@gmail.com>"}}
{"__type":"$$EventMessageConfirm","confirm":"ee80fb5e-420b-43a6-854e-c0beb8825500","ts":"2026-07-24T21:57:32.000-05:00","source":{"id":"0","name":"eventBus"}}
{"__type":"$$EventMessageNode","id":"79feee83-cb51-4bfb-be66-8c05b1fbbf8c","ts":"2026-07-24T21:57:32.016-05:00","eventName":"n8n.node.started","message":"n8n.node.started","payload":{"workflowId":"IqhxSGlB1Zsi0TSG","workflowName":"My workflow","executionId":"213","nodeType":"n8n-nodes-base.splitOut","nodeName":"Split Out","nodeId":"cb0fddb6-804d-4582-8b33-d8fc056d4d9a"}}
{"__type":"$$EventMessageConfirm","confirm":"79feee83-cb51-4bfb-be66-8c05b1fbbf8c","ts":"2026-07-24T21:57:32.016-05:00","source":{"id":"0","name":"eventBus"}}
{"__type":"$$EventMessageNode","id":"1d04ba63-0d05-485d-9505-e4073f8ed8b0","ts":"2026-07-24T21:57:32.017-05:00","eventName":"n8n.node.finished","message":"n8n.node.finished","payload":{"workflowId":"IqhxSGlB1Zsi0TSG","workflowName":"My workflow","executionId":"213","nodeType":"n8n-nodes-base.splitOut","nodeName":"Split Out","nodeId":"cb0fddb6-804d-4582-8b33-d8fc056d4d9a"}}
{"__type":"$$EventMessageConfirm","confirm":"1d04ba63-0d05-485d-9505-e4073f8ed8b0","ts":"2026-07-24T21:57:32.017-05:00","source":{"id":"0","name":"eventBus"}}
{"__type":"$$EventMessageWorkflow","id":"b01af3b5-5f25-405e-965a-55a82566573d","ts":"2026-07-24T21:57:32.020-05:00","eventName":"n8n.workflow.success","message":"n8n.workflow.success","payload":{"userId":"b9b1db79-eccb-44ec-a1ac-88eb796fc5f5","executionId":"213","success":true,"isManual":true,"mode":"manual","workflowId":"IqhxSGlB1Zsi0TSG","workflowName":"My workflow","projectId":"2waiwXdPc8W3Avzz","projectName":"Jamil  andy <andi1998jamil@gmail.com>"}}
{"__type":"$$EventMessageConfirm","confirm":"b01af3b5-5f25-405e-965a-55a82566573d","ts":"2026-07-24T21:57:32.020-05:00","source":{"id":"0","name":"eventBus"}}
{"__type":"$$EventMessageAudit","id":"0219ff8c-4764-4abd-8d1b-e0fef123b105","ts":"2026-07-24T21:57:33.482-05:00","eventName":"n8n.audit.workflow.executed","message":"n8n.audit.workflow.executed","payload":{"userId":"b9b1db79-eccb-44ec-a1ac-88eb796fc5f5","_email":"andi1998jamil@gmail.com","_firstName":"Jamil","_lastName":" andy","globalRole":"global:owner","workflowId":"IqhxSGlB1Zsi0TSG","workflowName":"My workflow","executionId":"214","source":"user-manual"}}
{"__type":"$$EventMessageConfirm","confirm":"0219ff8c-4764-4abd-8d1b-e0fef123b105","ts":"2026-07-24T21:57:33.482-05:00","source":{"id":"0","name":"eventBus"}}
{"__type":"$$EventMessageWorkflow","id":"d4108198-d1d1-4b04-a23c-8f27879ddeb0","ts":"2026-07-24T21:57:33.483-05:00","eventName":"n8n.workflow.started","message":"n8n.workflow.started","payload":{"executionId":"214","workflowId":"IqhxSGlB1Zsi0TSG","isManual":false,"mode":"manual","workflowName":"My workflow","projectId":"2waiwXdPc8W3Avzz","projectName":"Jamil  andy <andi1998jamil@gmail.com>"}}
{"__type":"$$EventMessageConfirm","confirm":"d4108198-d1d1-4b04-a23c-8f27879ddeb0","ts":"2026-07-24T21:57:33.483-05:00","source":{"id":"0","name":"eventBus"}}
{"__type":"$$EventMessageNode","id":"246c69bf-73ee-41b0-81fe-996916891a07","ts":"2026-07-24T21:57:33.496-05:00","eventName":"n8n.node.started","message":"n8n.node.started","payload":{"workflowId":"IqhxSGlB1Zsi0TSG","workflowName":"My workflow","executionId":"214","nodeType":"n8n-nodes-base.code","nodeName":"Code in JavaScript","nodeId":"a1444a7a-8f49-42c8-8b45-f5d8ca12d08d"}}
{"__type":"$$EventMessageConfirm","confirm":"246c69bf-73ee-41b0-81fe-996916891a07","ts":"2026-07-24T21:57:33.496-05:00","source":{"id":"0","name":"eventBus"}}
{"__type":"$$EventMessageRunner","id":"c0651819-8803-4a41-bc64-716c4bb9baa6","ts":"2026-07-24T21:57:33.500-05:00","eventName":"n8n.runner.task.requested","message":"n8n.runner.task.requested","payload":{"taskId":"tCRroFDA","nodeId":"a1444a7a-8f49-42c8-8b45-f5d8ca12d08d","workflowId":"IqhxSGlB1Zsi0TSG","executionId":"214"}}
{"__type":"$$EventMessageConfirm","confirm":"c0651819-8803-4a41-bc64-716c4bb9baa6","ts":"2026-07-24T21:57:33.500-05:00","source":{"id":"0","name":"eventBus"}}
{"__type":"$$EventMessageRunner","id":"471a18f9-37a4-4320-9d51-abee75934d7d","ts":"2026-07-24T21:57:33.514-05:00","eventName":"n8n.runner.response.received","message":"n8n.runner.response.received","payload":{"taskId":"tCRroFDA","nodeId":"a1444a7a-8f49-42c8-8b45-f5d8ca12d08d","workflowId":"IqhxSGlB1Zsi0TSG","executionId":"214"}}
{"__type":"$$EventMessageConfirm","confirm":"471a18f9-37a4-4320-9d51-abee75934d7d","ts":"2026-07-24T21:57:33.514-05:00","source":{"id":"0","name":"eventBus"}}
{"__type":"$$EventMessageNode","id":"cf85856a-e3c8-4b71-8516-0a5651ce853b","ts":"2026-07-24T21:57:33.514-05:00","eventName":"n8n.node.finished","message":"n8n.node.finished","payload":{"workflowId":"IqhxSGlB1Zsi0TSG","workflowName":"My workflow","executionId":"214","nodeType":"n8n-nodes-base.code","nodeName":"Code in JavaScript","nodeId":"a1444a7a-8f49-42c8-8b45-f5d8ca12d08d"}}
{"__type":"$$EventMessageConfirm","confirm":"cf85856a-e3c8-4b71-8516-0a5651ce853b","ts":"2026-07-24T21:57:33.514-05:00","source":{"id":"0","name":"eventBus"}}
{"__type":"$$EventMessageWorkflow","id":"be459525-98dd-42a3-8829-68433ba0b543","ts":"2026-07-24T21:57:33.518-05:00","eventName":"n8n.workflow.success","message":"n8n.workflow.success","payload":{"userId":"b9b1db79-eccb-44ec-a1ac-88eb796fc5f5","executionId":"214","success":true,"isManual":true,"mode":"manual","workflowId":"IqhxSGlB1Zsi0TSG","workflowName":"My workflow","projectId":"2waiwXdPc8W3Avzz","projectName":"Jamil  andy <andi1998jamil@gmail.com>"}}
{"__type":"$$EventMessageConfirm","confirm":"be459525-98dd-42a3-8829-68433ba0b543","ts":"2026-07-24T21:57:33.518-05:00","source":{"id":"0","name":"eventBus"}}
{"__type":"$$EventMessageAudit","id":"51360e79-879a-417c-b73a-22fdaf94583d","ts":"2026-07-24T21:57:35.791-05:00","eventName":"n8n.audit.workflow.executed","message":"n8n.audit.workflow.executed","payload":{"userId":"b9b1db79-eccb-44ec-a1ac-88eb796fc5f5","_email":"andi1998jamil@gmail.com","_firstName":"Jamil","_lastName":" andy","globalRole":"global:owner","workflowId":"IqhxSGlB1Zsi0TSG","workflowName":"My workflow","executionId":"215","source":"user-manual"}}
{"__type":"$$EventMessageConfirm","confirm":"51360e79-879a-417c-b73a-22fdaf94583d","ts":"2026-07-24T21:57:35.791-05:00","source":{"id":"0","name":"eventBus"}}
{"__type":"$$EventMessageWorkflow","id":"19723cbf-fe45-4bdb-8cd4-448637383078","ts":"2026-07-24T21:57:35.792-05:00","eventName":"n8n.workflow.started","message":"n8n.workflow.started","payload":{"executionId":"215","workflowId":"IqhxSGlB1Zsi0TSG","isManual":false,"mode":"manual","workflowName":"My workflow","projectId":"2waiwXdPc8W3Avzz","projectName":"Jamil  andy <andi1998jamil@gmail.com>"}}
{"__type":"$$EventMessageConfirm","confirm":"19723cbf-fe45-4bdb-8cd4-448637383078","ts":"2026-07-24T21:57:35.792-05:00","source":{"id":"0","name":"eventBus"}}
{"__type":"$$EventMessageNode","id":"844b9d26-ca70-405c-be29-08178f89132e","ts":"2026-07-24T21:57:35.810-05:00","eventName":"n8n.node.started","message":"n8n.node.started","payload":{"workflowId":"IqhxSGlB1Zsi0TSG","workflowName":"My workflow","executionId":"215","nodeType":"n8n-nodes-base.if","nodeName":"If","nodeId":"b269a93b-d3f2-4c4b-a83f-cbe6cd854ed6"}}
{"__type":"$$EventMessageConfirm","confirm":"844b9d26-ca70-405c-be29-08178f89132e","ts":"2026-07-24T21:57:35.810-05:00","source":{"id":"0","name":"eventBus"}}
{"__type":"$$EventMessageNode","id":"3463b122-f6c4-4852-a9c5-db0c50e307f8","ts":"2026-07-24T21:57:35.812-05:00","eventName":"n8n.node.finished","message":"n8n.node.finished","payload":{"workflowId":"IqhxSGlB1Zsi0TSG","workflowName":"My workflow","executionId":"215","nodeType":"n8n-nodes-base.if","nodeName":"If","nodeId":"b269a93b-d3f2-4c4b-a83f-cbe6cd854ed6"}}
{"__type":"$$EventMessageConfirm","confirm":"3463b122-f6c4-4852-a9c5-db0c50e307f8","ts":"2026-07-24T21:57:35.812-05:00","source":{"id":"0","name":"eventBus"}}
{"__type":"$$EventMessageWorkflow","id":"677ccab6-1b06-4d0e-bd2f-c0543455bc6f","ts":"2026-07-24T21:57:35.815-05:00","eventName":"n8n.workflow.success","message":"n8n.workflow.success","payload":{"userId":"b9b1db79-eccb-44ec-a1ac-88eb796fc5f5","executionId":"215","success":true,"isManual":true,"mode":"manual","workflowId":"IqhxSGlB1Zsi0TSG","workflowName":"My workflow","projectId":"2waiwXdPc8W3Avzz","projectName":"Jamil  andy <andi1998jamil@gmail.com>"}}
{"__type":"$$EventMessageConfirm","confirm":"677ccab6-1b06-4d0e-bd2f-c0543455bc6f","ts":"2026-07-24T21:57:35.815-05:00","source":{"id":"0","name":"eventBus"}}
{"__type":"$$EventMessageAudit","id":"d48763bc-9355-4435-85f6-a9dcad0fc774","ts":"2026-07-24T21:57:37.884-05:00","eventName":"n8n.audit.workflow.executed","message":"n8n.audit.workflow.executed","payload":{"userId":"b9b1db79-eccb-44ec-a1ac-88eb796fc5f5","_email":"andi1998jamil@gmail.com","_firstName":"Jamil","_lastName":" andy","globalRole":"global:owner","workflowId":"IqhxSGlB1Zsi0TSG","workflowName":"My workflow","executionId":"216","source":"user-manual"}}
{"__type":"$$EventMessageConfirm","confirm":"d48763bc-9355-4435-85f6-a9dcad0fc774","ts":"2026-07-24T21:57:37.884-05:00","source":{"id":"0","name":"eventBus"}}
{"__type":"$$EventMessageWorkflow","id":"abb855c8-4cf0-4f18-858a-09b0551f7f1a","ts":"2026-07-24T21:57:37.885-05:00","eventName":"n8n.workflow.started","message":"n8n.workflow.started","payload":{"executionId":"216","workflowId":"IqhxSGlB1Zsi0TSG","isManual":false,"mode":"manual","workflowName":"My workflow","projectId":"2waiwXdPc8W3Avzz","projectName":"Jamil  andy <andi1998jamil@gmail.com>"}}
{"__type":"$$EventMessageConfirm","confirm":"abb855c8-4cf0-4f18-858a-09b0551f7f1a","ts":"2026-07-24T21:57:37.885-05:00","source":{"id":"0","name":"eventBus"}}
{"__type":"$$EventMessageNode","id":"7ca70eae-8ec8-4227-973f-9dd920ed93de","ts":"2026-07-24T21:57:37.899-05:00","eventName":"n8n.node.started","message":"n8n.node.started","payload":{"workflowId":"IqhxSGlB1Zsi0TSG","workflowName":"My workflow","executionId":"216","nodeType":"n8n-nodes-base.dropbox","nodeName":"Upload a file","nodeId":"554a3672-b5c9-4fd4-a0d5-0238ab5791f7"}}
{"__type":"$$EventMessageConfirm","confirm":"7ca70eae-8ec8-4227-973f-9dd920ed93de","ts":"2026-07-24T21:57:37.899-05:00","source":{"id":"0","name":"eventBus"}}
{"__type":"$$EventMessageNode","id":"9d6d1678-3842-4939-aaea-1c0877009b7b","ts":"2026-07-24T21:57:42.400-05:00","eventName":"n8n.node.finished","message":"n8n.node.finished","payload":{"workflowId":"IqhxSGlB1Zsi0TSG","workflowName":"My workflow","executionId":"216","nodeType":"n8n-nodes-base.dropbox","nodeName":"Upload a file","nodeId":"554a3672-b5c9-4fd4-a0d5-0238ab5791f7"}}
{"__type":"$$EventMessageConfirm","confirm":"9d6d1678-3842-4939-aaea-1c0877009b7b","ts":"2026-07-24T21:57:42.400-05:00","source":{"id":"0","name":"eventBus"}}
{"__type":"$$EventMessageWorkflow","id":"df7943be-a4a0-4d33-b1a4-9b3a907e02f7","ts":"2026-07-24T21:57:42.405-05:00","eventName":"n8n.workflow.success","message":"n8n.workflow.success","payload":{"userId":"b9b1db79-eccb-44ec-a1ac-88eb796fc5f5","executionId":"216","success":true,"isManual":true,"mode":"manual","workflowId":"IqhxSGlB1Zsi0TSG","workflowName":"My workflow","projectId":"2waiwXdPc8W3Avzz","projectName":"Jamil  andy <andi1998jamil@gmail.com>"}}
{"__type":"$$EventMessageConfirm","confirm":"df7943be-a4a0-4d33-b1a4-9b3a907e02f7","ts":"2026-07-24T21:57:42.405-05:00","source":{"id":"0","name":"eventBus"}}
{"__type":"$$EventMessageWorkflow","id":"cffb0d8d-8eb7-41c5-b59b-6451a724d7c1","ts":"2026-07-24T21:57:45.551-05:00","eventName":"n8n.workflow.failed","message":"n8n.workflow.failed","payload":{"userId":"b9b1db79-eccb-44ec-a1ac-88eb796fc5f5","executionId":"217","success":false,"isManual":true,"mode":"manual","workflowId":"IqhxSGlB1Zsi0TSG","workflowName":"My workflow","projectId":"2waiwXdPc8W3Avzz","projectName":"Jamil  andy <andi1998jamil@gmail.com>","errorMessage":"The 'Analyze document' node has issues:\n- Parameter \"Model\" is required."}}
{"__type":"$$EventMessageConfirm","confirm":"cffb0d8d-8eb7-41c5-b59b-6451a724d7c1","ts":"2026-07-24T21:57:45.551-05:00","source":{"id":"0","name":"eventBus"}}
{"__type":"$$EventMessageAudit","id":"551e608c-e696-4ae9-b55c-31e6c09e8f0f","ts":"2026-07-24T21:57:57.288-05:00","eventName":"n8n.audit.workflow.updated","message":"n8n.audit.workflow.updated","payload":{"userId":"b9b1db79-eccb-44ec-a1ac-88eb796fc5f5","_email":"andi1998jamil@gmail.com","_firstName":"Jamil","_lastName":" andy","globalRole":"global:owner","workflowId":"IqhxSGlB1Zsi0TSG","workflowName":"My workflow"}}
{"__type":"$$EventMessageConfirm","confirm":"551e608c-e696-4ae9-b55c-31e6c09e8f0f","ts":"2026-07-24T21:57:57.288-05:00","source":{"id":"0","name":"eventBus"}}
{"__type":"$$EventMessageAudit","id":"62861378-b805-4445-b86e-25515197f4af","ts":"2026-07-24T21:57:57.589-05:00","eventName":"n8n.audit.workflow.executed","message":"n8n.audit.workflow.executed","payload":{"userId":"b9b1db79-eccb-44ec-a1ac-88eb796fc5f5","_email":"andi1998jamil@gmail.com","_firstName":"Jamil","_lastName":" andy","globalRole":"global:owner","workflowId":"IqhxSGlB1Zsi0TSG","workflowName":"My workflow","executionId":"218","source":"user-manual"}}
{"__type":"$$EventMessageConfirm","confirm":"62861378-b805-4445-b86e-25515197f4af","ts":"2026-07-24T21:57:57.589-05:00","source":{"id":"0","name":"eventBus"}}
{"__type":"$$EventMessageWorkflow","id":"df64b071-28f0-45c3-a162-6828fb3633a0","ts":"2026-07-24T21:57:57.590-05:00","eventName":"n8n.workflow.started","message":"n8n.workflow.started","payload":{"executionId":"218","workflowId":"IqhxSGlB1Zsi0TSG","isManual":false,"mode":"manual","workflowName":"My workflow","projectId":"2waiwXdPc8W3Avzz","projectName":"Jamil  andy <andi1998jamil@gmail.com>"}}
{"__type":"$$EventMessageConfirm","confirm":"df64b071-28f0-45c3-a162-6828fb3633a0","ts":"2026-07-24T21:57:57.590-05:00","source":{"id":"0","name":"eventBus"}}
{"__type":"$$EventMessageNode","id":"f84ef54e-88da-4939-9d38-450630db2eab","ts":"2026-07-24T21:57:57.600-05:00","eventName":"n8n.node.started","message":"n8n.node.started","payload":{"workflowId":"IqhxSGlB1Zsi0TSG","workflowName":"My workflow","executionId":"218","nodeType":"n8n-nodes-base.gmailTrigger","nodeName":"Gmail Trigger","nodeId":"5b16995c-2c7f-4f2d-87f0-7362a40c32ba"}}
{"__type":"$$EventMessageConfirm","confirm":"f84ef54e-88da-4939-9d38-450630db2eab","ts":"2026-07-24T21:57:57.600-05:00","source":{"id":"0","name":"eventBus"}}
{"__type":"$$EventMessageNode","id":"a87e265b-5af1-4d10-94be-8ff610df7fc1","ts":"2026-07-24T21:57:58.513-05:00","eventName":"n8n.node.finished","message":"n8n.node.finished","payload":{"workflowId":"IqhxSGlB1Zsi0TSG","workflowName":"My workflow","executionId":"218","nodeType":"n8n-nodes-base.gmailTrigger","nodeName":"Gmail Trigger","nodeId":"5b16995c-2c7f-4f2d-87f0-7362a40c32ba"}}
{"__type":"$$EventMessageConfirm","confirm":"a87e265b-5af1-4d10-94be-8ff610df7fc1","ts":"2026-07-24T21:57:58.513-05:00","source":{"id":"0","name":"eventBus"}}
{"__type":"$$EventMessageNode","id":"674c7401-a5b2-4353-a89b-bf0f090cc239","ts":"2026-07-24T21:57:58.514-05:00","eventName":"n8n.node.started","message":"n8n.node.started","payload":{"workflowId":"IqhxSGlB1Zsi0TSG","workflowName":"My workflow","executionId":"218","nodeType":"n8n-nodes-base.gmail","nodeName":"Get a message","nodeId":"9e09f97e-7866-41fe-bc71-57aa06d0dce7"}}
{"__type":"$$EventMessageConfirm","confirm":"674c7401-a5b2-4353-a89b-bf0f090cc239","ts":"2026-07-24T21:57:58.514-05:00","source":{"id":"0","name":"eventBus"}}
{"__type":"$$EventMessageNode","id":"bfcd3824-1b6e-457c-bd15-095ded858660","ts":"2026-07-24T21:57:59.511-05:00","eventName":"n8n.node.finished","message":"n8n.node.finished","payload":{"workflowId":"IqhxSGlB1Zsi0TSG","workflowName":"My workflow","executionId":"218","nodeType":"n8n-nodes-base.gmail","nodeName":"Get a message","nodeId":"9e09f97e-7866-41fe-bc71-57aa06d0dce7"}}
{"__type":"$$EventMessageConfirm","confirm":"bfcd3824-1b6e-457c-bd15-095ded858660","ts":"2026-07-24T21:57:59.511-05:00","source":{"id":"0","name":"eventBus"}}
{"__type":"$$EventMessageNode","id":"de5363ed-2a59-4d3e-b170-d8550a3b5bf4","ts":"2026-07-24T21:57:59.512-05:00","eventName":"n8n.node.started","message":"n8n.node.started","payload":{"workflowId":"IqhxSGlB1Zsi0TSG","workflowName":"My workflow","executionId":"218","nodeType":"n8n-nodes-base.splitOut","nodeName":"Split Out","nodeId":"cb0fddb6-804d-4582-8b33-d8fc056d4d9a"}}
{"__type":"$$EventMessageConfirm","confirm":"de5363ed-2a59-4d3e-b170-d8550a3b5bf4","ts":"2026-07-24T21:57:59.512-05:00","source":{"id":"0","name":"eventBus"}}
{"__type":"$$EventMessageNode","id":"d6d1f82f-461a-46b6-8928-a4ce15bfe356","ts":"2026-07-24T21:57:59.513-05:00","eventName":"n8n.node.finished","message":"n8n.node.finished","payload":{"workflowId":"IqhxSGlB1Zsi0TSG","workflowName":"My workflow","executionId":"218","nodeType":"n8n-nodes-base.splitOut","nodeName":"Split Out","nodeId":"cb0fddb6-804d-4582-8b33-d8fc056d4d9a"}}
{"__type":"$$EventMessageConfirm","confirm":"d6d1f82f-461a-46b6-8928-a4ce15bfe356","ts":"2026-07-24T21:57:59.513-05:00","source":{"id":"0","name":"eventBus"}}
{"__type":"$$EventMessageNode","id":"3aaeba48-a79c-4290-9188-8e3cb086bb0b","ts":"2026-07-24T21:57:59.514-05:00","eventName":"n8n.node.started","message":"n8n.node.started","payload":{"workflowId":"IqhxSGlB1Zsi0TSG","workflowName":"My workflow","executionId":"218","nodeType":"n8n-nodes-base.code","nodeName":"Code in JavaScript","nodeId":"a1444a7a-8f49-42c8-8b45-f5d8ca12d08d"}}
{"__type":"$$EventMessageConfirm","confirm":"3aaeba48-a79c-4290-9188-8e3cb086bb0b","ts":"2026-07-24T21:57:59.514-05:00","source":{"id":"0","name":"eventBus"}}
{"__type":"$$EventMessageRunner","id":"3e51d62c-2063-47a4-ac17-5957d7868bc6","ts":"2026-07-24T21:57:59.517-05:00","eventName":"n8n.runner.task.requested","message":"n8n.runner.task.requested","payload":{"taskId":"gI7apilm","nodeId":"a1444a7a-8f49-42c8-8b45-f5d8ca12d08d","workflowId":"IqhxSGlB1Zsi0TSG","executionId":"218"}}
{"__type":"$$EventMessageConfirm","confirm":"3e51d62c-2063-47a4-ac17-5957d7868bc6","ts":"2026-07-24T21:57:59.517-05:00","source":{"id":"0","name":"eventBus"}}
{"__type":"$$EventMessageRunner","id":"9fc5da2f-1203-49d2-8ea6-c7829d5d9f3e","ts":"2026-07-24T21:57:59.532-05:00","eventName":"n8n.runner.response.received","message":"n8n.runner.response.received","payload":{"taskId":"gI7apilm","nodeId":"a1444a7a-8f49-42c8-8b45-f5d8ca12d08d","workflowId":"IqhxSGlB1Zsi0TSG","executionId":"218"}}
{"__type":"$$EventMessageConfirm","confirm":"9fc5da2f-1203-49d2-8ea6-c7829d5d9f3e","ts":"2026-07-24T21:57:59.533-05:00","source":{"id":"0","name":"eventBus"}}
{"__type":"$$EventMessageNode","id":"473d795c-54cc-4fef-9a5d-b020563cf240","ts":"2026-07-24T21:57:59.533-05:00","eventName":"n8n.node.finished","message":"n8n.node.finished","payload":{"workflowId":"IqhxSGlB1Zsi0TSG","workflowName":"My workflow","executionId":"218","nodeType":"n8n-nodes-base.code","nodeName":"Code in JavaScript","nodeId":"a1444a7a-8f49-42c8-8b45-f5d8ca12d08d"}}
{"__type":"$$EventMessageConfirm","confirm":"473d795c-54cc-4fef-9a5d-b020563cf240","ts":"2026-07-24T21:57:59.533-05:00","source":{"id":"0","name":"eventBus"}}
{"__type":"$$EventMessageNode","id":"c6522012-a869-4246-9cbb-fa5eb2d98ef0","ts":"2026-07-24T21:57:59.534-05:00","eventName":"n8n.node.started","message":"n8n.node.started","payload":{"workflowId":"IqhxSGlB1Zsi0TSG","workflowName":"My workflow","executionId":"218","nodeType":"n8n-nodes-base.if","nodeName":"If","nodeId":"b269a93b-d3f2-4c4b-a83f-cbe6cd854ed6"}}
{"__type":"$$EventMessageConfirm","confirm":"c6522012-a869-4246-9cbb-fa5eb2d98ef0","ts":"2026-07-24T21:57:59.534-05:00","source":{"id":"0","name":"eventBus"}}
{"__type":"$$EventMessageNode","id":"88985271-3294-4427-b8dd-0870d29c1f1e","ts":"2026-07-24T21:57:59.536-05:00","eventName":"n8n.node.finished","message":"n8n.node.finished","payload":{"workflowId":"IqhxSGlB1Zsi0TSG","workflowName":"My workflow","executionId":"218","nodeType":"n8n-nodes-base.if","nodeName":"If","nodeId":"b269a93b-d3f2-4c4b-a83f-cbe6cd854ed6"}}
{"__type":"$$EventMessageConfirm","confirm":"88985271-3294-4427-b8dd-0870d29c1f1e","ts":"2026-07-24T21:57:59.536-05:00","source":{"id":"0","name":"eventBus"}}
{"__type":"$$EventMessageNode","id":"0a5451d7-e436-4384-b267-192df085e73d","ts":"2026-07-24T21:57:59.537-05:00","eventName":"n8n.node.started","message":"n8n.node.started","payload":{"workflowId":"IqhxSGlB1Zsi0TSG","workflowName":"My workflow","executionId":"218","nodeType":"@n8n/n8n-nodes-langchain.googleGemini","nodeName":"Analyze document","nodeId":"069f5784-5f0a-4325-add5-b200b5c01e6c"}}
{"__type":"$$EventMessageConfirm","confirm":"0a5451d7-e436-4384-b267-192df085e73d","ts":"2026-07-24T21:57:59.537-05:00","source":{"id":"0","name":"eventBus"}}
{"__type":"$$EventMessageNode","id":"2f51ef50-e1f3-45f3-bc23-777dec8751f8","ts":"2026-07-24T21:58:27.057-05:00","eventName":"n8n.node.finished","message":"n8n.node.finished","payload":{"workflowId":"IqhxSGlB1Zsi0TSG","workflowName":"My workflow","executionId":"218","nodeType":"@n8n/n8n-nodes-langchain.googleGemini","nodeName":"Analyze document","nodeId":"069f5784-5f0a-4325-add5-b200b5c01e6c"}}
{"__type":"$$EventMessageConfirm","confirm":"2f51ef50-e1f3-45f3-bc23-777dec8751f8","ts":"2026-07-24T21:58:27.057-05:00","source":{"id":"0","name":"eventBus"}}
{"__type":"$$EventMessageWorkflow","id":"1da3c9e8-8fb0-4bd2-b7d0-ef135b1d4097","ts":"2026-07-24T21:58:27.060-05:00","eventName":"n8n.workflow.failed","message":"n8n.workflow.failed","payload":{"userId":"b9b1db79-eccb-44ec-a1ac-88eb796fc5f5","executionId":"218","success":false,"isManual":true,"mode":"manual","workflowId":"IqhxSGlB1Zsi0TSG","workflowName":"My workflow","projectId":"2waiwXdPc8W3Avzz","projectName":"Jamil  andy <andi1998jamil@gmail.com>","lastNodeExecuted":"Analyze document","errorNodeType":"@n8n/n8n-nodes-langchain.googleGemini","errorMessage":"Forbidden - perhaps check your credentials?"}}
{"__type":"$$EventMessageConfirm","confirm":"1da3c9e8-8fb0-4bd2-b7d0-ef135b1d4097","ts":"2026-07-24T21:58:27.060-05:00","source":{"id":"0","name":"eventBus"}}
{"__type":"$$EventMessageAudit","id":"285cd5cc-5044-4c02-932f-5b35d51261ec","ts":"2026-07-24T21:59:58.789-05:00","eventName":"n8n.audit.workflow.executed","message":"n8n.audit.workflow.executed","payload":{"userId":"b9b1db79-eccb-44ec-a1ac-88eb796fc5f5","_email":"andi1998jamil@gmail.com","_firstName":"Jamil","_lastName":" andy","globalRole":"global:owner","workflowId":"IqhxSGlB1Zsi0TSG","workflowName":"My workflow","executionId":"219","source":"user-manual"}}
{"__type":"$$EventMessageConfirm","confirm":"285cd5cc-5044-4c02-932f-5b35d51261ec","ts":"2026-07-24T21:59:58.790-05:00","source":{"id":"0","name":"eventBus"}}
{"__type":"$$EventMessageWorkflow","id":"f9a05265-5bf0-4a35-9150-708cf540caff","ts":"2026-07-24T21:59:58.790-05:00","eventName":"n8n.workflow.started","message":"n8n.workflow.started","payload":{"executionId":"219","workflowId":"IqhxSGlB1Zsi0TSG","isManual":false,"mode":"manual","workflowName":"My workflow","projectId":"2waiwXdPc8W3Avzz","projectName":"Jamil  andy <andi1998jamil@gmail.com>"}}
{"__type":"$$EventMessageConfirm","confirm":"f9a05265-5bf0-4a35-9150-708cf540caff","ts":"2026-07-24T21:59:58.790-05:00","source":{"id":"0","name":"eventBus"}}
{"__type":"$$EventMessageNode","id":"cf0d807b-de6d-4bc1-862e-eeb5717f86aa","ts":"2026-07-24T21:59:58.805-05:00","eventName":"n8n.node.started","message":"n8n.node.started","payload":{"workflowId":"IqhxSGlB1Zsi0TSG","workflowName":"My workflow","executionId":"219","nodeType":"@n8n/n8n-nodes-langchain.googleGemini","nodeName":"Analyze document","nodeId":"069f5784-5f0a-4325-add5-b200b5c01e6c"}}
{"__type":"$$EventMessageConfirm","confirm":"cf0d807b-de6d-4bc1-862e-eeb5717f86aa","ts":"2026-07-24T21:59:58.805-05:00","source":{"id":"0","name":"eventBus"}}
{"__type":"$$EventMessageNode","id":"bbcc2d3d-f88c-485e-9e2e-782df7b9be94","ts":"2026-07-24T22:00:42.338-05:00","eventName":"n8n.node.finished","message":"n8n.node.finished","payload":{"workflowId":"IqhxSGlB1Zsi0TSG","workflowName":"My workflow","executionId":"219","nodeType":"@n8n/n8n-nodes-langchain.googleGemini","nodeName":"Analyze document","nodeId":"069f5784-5f0a-4325-add5-b200b5c01e6c"}}
{"__type":"$$EventMessageConfirm","confirm":"bbcc2d3d-f88c-485e-9e2e-782df7b9be94","ts":"2026-07-24T22:00:42.338-05:00","source":{"id":"0","name":"eventBus"}}
{"__type":"$$EventMessageWorkflow","id":"f7d82b59-83c3-41c9-8e5b-4fdf36d33c09","ts":"2026-07-24T22:00:42.340-05:00","eventName":"n8n.workflow.failed","message":"n8n.workflow.failed","payload":{"userId":"b9b1db79-eccb-44ec-a1ac-88eb796fc5f5","executionId":"219","success":false,"isManual":true,"mode":"manual","workflowId":"IqhxSGlB1Zsi0TSG","workflowName":"My workflow","projectId":"2waiwXdPc8W3Avzz","projectName":"Jamil  andy <andi1998jamil@gmail.com>","lastNodeExecuted":"Analyze document","errorNodeType":"@n8n/n8n-nodes-langchain.googleGemini","errorMessage":"Forbidden - perhaps check your credentials?"}}
{"__type":"$$EventMessageConfirm","confirm":"f7d82b59-83c3-41c9-8e5b-4fdf36d33c09","ts":"2026-07-24T22:00:42.341-05:00","source":{"id":"0","name":"eventBus"}}
